unit_id,device,precision,lattice,levels,trace,side,level,pre_seconds,post_seconds,restrict_seconds,prolong_seconds,coarse_seconds,other_seconds,summed_stage_seconds
p100__16x16x16x16__c128__l2__trace-off,p100,c128,16x16x16x16,2,off,pyqcu,0,0.0,0.0,0.0,0.0,0.0,45.18923497702053,45.18923497702053
p100__16x16x16x16__c128__l2__trace-off,p100,c128,16x16x16x16,2,off,quda,0,0.0,0.0,0.0,0.0,0.0,46.80929374000698,46.80929374000698
p100__16x16x16x16__c128__l2__trace-on,p100,c128,16x16x16x16,2,on,pyqcu,0,2.648521791000001,2.725325498000001,0.208010768,0.226855825,0.0,48.803713808999944,54.61242769099995
p100__16x16x16x16__c128__l2__trace-on,p100,c128,16x16x16x16,2,on,pyqcu,1,0.0,0.0,0.0,0.0,41.41566547200001,1.5151159089999666,42.930781380999974
p100__16x16x16x16__c128__l2__trace-on,p100,c128,16x16x16x16,2,on,quda,0,2.7135427920000232,5.225635662999981,0.13538630699998855,0.09770770400006867,20.902010481999994,0.010609300000041344,29.084892248000095
p100__16x16x16x16__c128__l3__trace-off,p100,c128,16x16x16x16,3,off,pyqcu,0,0.0,0.0,0.0,0.0,0.0,33.54681913001696,33.54681913001696
p100__16x16x16x16__c128__l3__trace-off,p100,c128,16x16x16x16,3,off,quda,0,0.0,0.0,0.0,0.0,0.0,36.5742870009708,36.5742870009708
p100__16x16x16x16__c128__l3__trace-on,p100,c128,16x16x16x16,3,on,pyqcu,0,3.012594074999999,2.988980496999999,0.1824439990000001,0.244235699,0.0,48.205979503,54.634233773
p100__16x16x16x16__c128__l3__trace-on,p100,c128,16x16x16x16,3,on,pyqcu,1,1.591625538,1.6503989439999993,0.218986625,0.08840145,18.855293090000007,2.897356320999954,25.30206196799996
p100__16x16x16x16__c128__l3__trace-on,p100,c128,16x16x16x16,3,on,pyqcu,2,0.0,0.0,0.0,0.0,10.588741867000005,0.9271109190000004,11.515852786000005
p100__16x16x16x16__c128__l3__trace-on,p100,c128,16x16x16x16,3,on,quda,0,2.65391129400005,5.40478525700002,0.10594043100004846,0.08165254600004346,14.607226470000043,0.011044927000014582,22.86456092500022
p100__16x16x16x16__c128__l3__trace-on,p100,c128,16x16x16x16,3,on,quda,1,2.381901477000019,3.804528770000056,0.20736448699998,0.13281454099993617,3.230472492000075,0.010619006999995406,9.767700774000062
p100__16x16x16x16__c64__l2__trace-off,p100,c64,16x16x16x16,2,off,pyqcu,0,0.0,0.0,0.0,0.0,0.0,10.0650312579819,10.0650312579819
p100__16x16x16x16__c64__l2__trace-off,p100,c64,16x16x16x16,2,off,quda,0,0.0,0.0,0.0,0.0,0.0,41.88385812200431,41.88385812200431
p100__16x16x16x16__c64__l2__trace-on,p100,c64,16x16x16x16,2,on,pyqcu,0,1.6581998130000006,1.667266327,0.12444056600000003,0.10900702699999999,0.0,23.28655591599999,26.84546964899999
p100__16x16x16x16__c64__l2__trace-on,p100,c64,16x16x16x16,2,on,pyqcu,1,0.0,0.0,0.0,0.0,11.873822648000003,0.6689365720000033,12.542759220000006
p100__16x16x16x16__c64__l2__trace-on,p100,c64,16x16x16x16,2,on,quda,0,1.312593318999987,2.717735426999994,0.15796262200004563,0.08601542000002027,8.858370923000042,0.00700222699998676,13.139679938000075
p100__16x16x16x16__c64__l3__trace-off,p100,c64,16x16x16x16,3,off,pyqcu,0,0.0,0.0,0.0,0.0,0.0,9.370105339010479,9.370105339010479
p100__16x16x16x16__c64__l3__trace-off,p100,c64,16x16x16x16,3,off,quda,0,0.0,0.0,0.0,0.0,0.0,45.71813587896759,45.71813587896759
p100__16x16x16x16__c64__l3__trace-on,p100,c64,16x16x16x16,3,on,pyqcu,0,1.6981932530000015,1.6260545759999998,0.08783591299999997,0.10100961199999997,0.0,26.336827757000012,29.849921111000015
p100__16x16x16x16__c64__l3__trace-on,p100,c64,16x16x16x16,3,on,pyqcu,1,0.7852333450000004,0.7051075500000001,0.11168347200000003,0.08441711799999997,8.445091325999996,1.302961136999997,11.434493947999993
p100__16x16x16x16__c64__l3__trace-on,p100,c64,16x16x16x16,3,on,pyqcu,2,0.0,0.0,0.0,0.0,4.4626160409999995,0.5753937839999974,5.038009824999997
p100__16x16x16x16__c64__l3__trace-on,p100,c64,16x16x16x16,3,on,quda,0,1.4425841839999478,2.6802480099999677,0.14953468800002057,0.18741181700000098,8.730729416999946,0.006851409999914182,13.197359525999797
p100__16x16x16x16__c64__l3__trace-on,p100,c64,16x16x16x16,3,on,quda,1,1.2787038859999988,2.2366921609999757,0.04293834999997159,0.03620124700000105,2.1475095490000378,0.006801295999999013,5.748846488999984
p100__16x16x32x32__c128__l2__trace-off,p100,c128,16x16x32x32,2,off,pyqcu,0,0.0,0.0,0.0,0.0,0.0,130.33776897998177,130.33776897998177
p100__16x16x32x32__c128__l2__trace-off,p100,c128,16x16x32x32,2,off,quda,0,0.0,0.0,0.0,0.0,0.0,160.95757847002824,160.95757847002824
p100__16x16x32x32__c128__l2__trace-on,p100,c128,16x16x32x32,2,on,pyqcu,0,4.746489374,4.509490158000001,0.6459329309999999,0.6392950910000006,0.0,121.05340911899984,131.59461667299985
p100__16x16x32x32__c128__l2__trace-on,p100,c128,16x16x32x32,2,on,pyqcu,1,0.0,0.0,0.0,0.0,140.10285426000004,4.494984378000083,144.59783863800013
p100__16x16x32x32__c128__l2__trace-on,p100,c128,16x16x32x32,2,on,quda,0,7.249269499000164,13.93826884499989,0.6633073679999839,0.36025768500027766,82.03007107599989,0.010700677000144765,104.25187515000034
p100__16x16x32x32__c128__l3__trace-off,p100,c128,16x16x32x32,3,off,pyqcu,0,0.0,0.0,0.0,0.0,0.0,75.0062265139859,75.0062265139859
p100__16x16x32x32__c128__l3__trace-off,p100,c128,16x16x32x32,3,off,quda,0,0.0,0.0,0.0,0.0,0.0,104.31992683498538,104.31992683498538
p100__16x16x32x32__c128__l3__trace-on,p100,c128,16x16x32x32,3,on,pyqcu,0,5.388582327000002,5.315543883999998,0.6561550120000004,0.7755165419999998,0.0,97.88921472099986,110.02501248599987
p100__16x16x32x32__c128__l3__trace-on,p100,c128,16x16x32x32,3,on,pyqcu,1,5.064602128999998,5.007003694999996,0.101721028,0.23116414400000018,47.080195431999975,10.773011893000046,68.25769832100002
p100__16x16x32x32__c128__l3__trace-on,p100,c128,16x16x32x32,3,on,pyqcu,2,0.0,0.0,0.0,0.0,14.781028158999986,0.9614973690000017,15.742525527999987
p100__16x16x32x32__c128__l3__trace-on,p100,c128,16x16x32x32,3,on,quda,0,7.370815322999867,15.687372978000127,0.7298103369999325,0.3735765800000337,40.53486982099992,0.011393912999949407,64.70783895199983
p100__16x16x32x32__c128__l3__trace-on,p100,c128,16x16x32x32,3,on,quda,1,6.118824470000057,11.924810718000089,0.13144674000017176,0.09956073899989093,9.798508366999755,0.011430618000197512,28.08458165200016
p100__8x8x8x16__c128__l2__trace-off,p100,c128,8x8x8x16,2,off,pyqcu,0,0.0,0.0,0.0,0.0,0.0,30.446295080007985,30.446295080007985
p100__8x8x8x16__c128__l2__trace-off,p100,c128,8x8x8x16,2,off,quda,0,0.0,0.0,0.0,0.0,0.0,39.1596589180117,39.1596589180117
p100__8x8x8x16__c128__l2__trace-on,p100,c128,8x8x8x16,2,on,pyqcu,0,0.8035878820000001,0.764381705,0.019218307999999993,0.045735365000000014,0.0,26.00563008399999,27.638553343999988
p100__8x8x8x16__c128__l2__trace-on,p100,c128,8x8x8x16,2,on,pyqcu,1,0.0,0.0,0.0,0.0,37.496033724000014,0.31222553100000283,37.80825925500002
p100__8x8x8x16__c128__l2__trace-on,p100,c128,8x8x8x16,2,on,quda,0,1.1539095609999688,1.7953875310000296,0.03819275499999897,0.03211740699998522,23.295519747000036,0.005283011999953402,26.32041001299997
p100__8x8x8x16__c128__l3__trace-off,p100,c128,8x8x8x16,3,off,pyqcu,0,0.0,0.0,0.0,0.0,0.0,23.979966301034437,23.979966301034437
p100__8x8x8x16__c128__l3__trace-off,p100,c128,8x8x8x16,3,off,quda,0,0.0,0.0,0.0,0.0,0.0,28.66001409702585,28.66001409702585
p100__8x8x8x16__c128__l3__trace-on,p100,c128,8x8x8x16,3,on,pyqcu,0,0.8866071620000001,0.9339566830000002,0.046251828999999994,0.02322157500000001,0.0,26.124991484000002,28.015028733
p100__8x8x8x16__c128__l3__trace-on,p100,c128,8x8x8x16,3,on,pyqcu,1,0.34425046600000003,0.39628935099999985,0.05264282300000002,0.027698028000000003,17.621939351,0.5810301089999861,19.02385012799999
p100__8x8x8x16__c128__l3__trace-on,p100,c128,8x8x8x16,3,on,pyqcu,2,0.0,0.0,0.0,0.0,28.82200209400001,0.2746401689999942,29.096642263000003
p100__8x8x8x16__c128__l3__trace-on,p100,c128,8x8x8x16,3,on,quda,0,1.1476720559999816,1.9308309679999809,0.03531591199999262,0.03073353099998677,16.455334490999977,0.005610936000028488,19.60549789399995
p100__8x8x8x16__c128__l3__trace-on,p100,c128,8x8x8x16,3,on,quda,1,0.7270904539999847,1.1548285660000523,0.027694242999995566,0.027041595000010687,12.975974364999969,0.005294323999999406,14.917923547000012
p100__8x8x8x16__c64__l2__trace-off,p100,c64,8x8x8x16,2,off,pyqcu,0,0.0,0.0,0.0,0.0,0.0,5.389207178974175,5.389207178974175
p100__8x8x8x16__c64__l2__trace-off,p100,c64,8x8x8x16,2,off,quda,0,0.0,0.0,0.0,0.0,0.0,15.831756469022366,15.831756469022366
p100__8x8x8x16__c64__l2__trace-on,p100,c64,8x8x8x16,2,on,pyqcu,0,0.270699694,0.27053318899999995,0.007490870000000001,0.004755194,0.0,5.338886718999996,5.892365665999996
p100__8x8x8x16__c64__l2__trace-on,p100,c64,8x8x8x16,2,on,pyqcu,1,0.0,0.0,0.0,0.0,5.165114620000001,0.06131392999999896,5.22642855
p100__8x8x8x16__c64__l2__trace-on,p100,c64,8x8x8x16,2,on,quda,0,0.4169661229999875,0.6933929730000017,0.020347063000000887,0.019152175999996857,2.6572921419999993,0.003945956000022122,3.8110964330000083
p100__8x8x8x16__c64__l3__trace-off,p100,c64,8x8x8x16,3,off,pyqcu,0,0.0,0.0,0.0,0.0,0.0,5.907402434007963,5.907402434007963
p100__8x8x8x16__c64__l3__trace-off,p100,c64,8x8x8x16,3,off,quda,0,0.0,0.0,0.0,0.0,0.0,16.431251210029586,16.431251210029586
p100__8x8x8x16__c64__l3__trace-on,p100,c64,8x8x8x16,3,on,pyqcu,0,0.337085863,0.3465694479999999,0.007825378999999999,0.0074107520000000005,0.0,7.0648148479999975,7.763706289999997
p100__8x8x8x16__c64__l3__trace-on,p100,c64,8x8x8x16,3,on,pyqcu,1,0.09519720899999999,0.08591024100000001,0.011027974000000001,0.0063871940000000006,3.823227464999999,0.14101800099999995,4.162768083999999
p100__8x8x8x16__c64__l3__trace-on,p100,c64,8x8x8x16,3,on,pyqcu,2,0.0,0.0,0.0,0.0,5.833044290000004,0.07387651199999645,5.906920802
p100__8x8x8x16__c64__l3__trace-on,p100,c64,8x8x8x16,3,on,quda,0,0.42077201499999894,0.7149225659999825,0.02377866200000689,0.021383615999988947,3.6293260200000006,0.0035726300000007427,4.813755508999979
p100__8x8x8x16__c64__l3__trace-on,p100,c64,8x8x8x16,3,on,quda,1,0.28242723699999495,0.42864660400000254,0.020093128999999266,0.017987903000001637,2.253674012999994,0.0035070050000101105,3.0063358910000026
v100__16x16x16x16__c128__l2__trace-off,v100,c128,16x16x16x16,2,off,pyqcu,0,0.0,0.0,0.0,0.0,0.0,5.221202981003444,5.221202981003444
v100__16x16x16x16__c128__l2__trace-off,v100,c128,16x16x16x16,2,off,quda,0,0.0,0.0,0.0,0.0,0.0,10.60013675200753,10.60013675200753
v100__16x16x16x16__c128__l2__trace-on,v100,c128,16x16x16x16,2,on,pyqcu,0,0.14749196500000006,0.15022391800000004,0.12438677199999996,0.11260931900000001,0.0,5.916998742999992,6.451710716999992
v100__16x16x16x16__c128__l2__trace-on,v100,c128,16x16x16x16,2,on,pyqcu,1,0.0,0.0,0.0,0.0,5.603003555999996,0.2836251940000043,5.886628750000001
v100__16x16x16x16__c128__l2__trace-on,v100,c128,16x16x16x16,2,on,quda,0,0.6448588820000083,0.9014330339999832,0.18164579399998804,0.11645011999999877,3.8785500969999775,0.010051738000024457,5.73298966499998
v100__16x16x16x16__c128__l3__trace-off,v100,c128,16x16x16x16,3,off,pyqcu,0,0.0,0.0,0.0,0.0,0.0,3.0653217650105944,3.0653217650105944
v100__16x16x16x16__c128__l3__trace-off,v100,c128,16x16x16x16,3,off,quda,0,0.0,0.0,0.0,0.0,0.0,9.868622508001863,9.868622508001863
v100__16x16x16x16__c128__l3__trace-on,v100,c128,16x16x16x16,3,on,pyqcu,0,0.16600574199999996,0.15803437299999992,0.14254992200000002,0.1121198020000001,0.0,6.355336960000006,6.934046799000006
v100__16x16x16x16__c128__l3__trace-on,v100,c128,16x16x16x16,3,on,pyqcu,1,0.22772969299999993,0.23350962499999994,0.04251819700000002,0.04271809699999998,3.4390799760000017,0.5087454019999882,4.4943009899999895
v100__16x16x16x16__c128__l3__trace-on,v100,c128,16x16x16x16,3,on,pyqcu,2,0.0,0.0,0.0,0.0,0.8670355190000006,0.10374373200000009,0.9707792510000007
v100__16x16x16x16__c128__l3__trace-on,v100,c128,16x16x16x16,3,on,quda,0,0.6523747059999967,0.8947800639999883,0.18189433399998478,0.11364772500001408,4.121351914999996,0.009762037000025536,5.973810781000005
v100__16x16x16x16__c128__l3__trace-on,v100,c128,16x16x16x16,3,on,quda,1,0.6924845119999832,0.9991046440000066,0.05751445499999308,0.051250309999983035,0.7875310920000214,0.010061444000019293,2.5979464570000066
v100__16x16x16x16__c64__l2__trace-off,v100,c64,16x16x16x16,2,off,pyqcu,0,0.0,0.0,0.0,0.0,0.0,1.4388624869752675,1.4388624869752675
v100__16x16x16x16__c64__l2__trace-off,v100,c64,16x16x16x16,2,off,quda,0,0.0,0.0,0.0,0.0,0.0,12.722763513040263,12.722763513040263
v100__16x16x16x16__c64__l2__trace-on,v100,c64,16x16x16x16,2,on,pyqcu,0,0.048812973,0.044605217999999995,0.039269089000000014,0.03906496900000001,0.0,2.0293113499999995,2.2010635989999994
v100__16x16x16x16__c64__l2__trace-on,v100,c64,16x16x16x16,2,on,pyqcu,1,0.0,0.0,0.0,0.0,1.4199699290000003,0.08769922699999966,1.507669156
v100__16x16x16x16__c64__l2__trace-on,v100,c64,16x16x16x16,2,on,quda,0,0.34230550499998813,0.4632534649999922,0.06435161699999625,0.0402581110000213,1.12417751499998,0.006412404000020189,2.040758616999998
v100__16x16x16x16__c64__l3__trace-off,v100,c64,16x16x16x16,3,off,pyqcu,0,0.0,0.0,0.0,0.0,0.0,1.0781722319807159,1.0781722319807159
v100__16x16x16x16__c64__l3__trace-off,v100,c64,16x16x16x16,3,off,quda,0,0.0,0.0,0.0,0.0,0.0,10.846670379003626,10.846670379003626
v100__16x16x16x16__c64__l3__trace-on,v100,c64,16x16x16x16,3,on,pyqcu,0,0.05361411900000004,0.04717879200000001,0.04146161600000001,0.040443152999999996,0.0,2.7819348619999977,2.9646325419999977
v100__16x16x16x16__c64__l3__trace-on,v100,c64,16x16x16x16,3,on,pyqcu,1,0.07618198800000003,0.07115295599999996,0.018257693999999998,0.014157826000000004,1.5818436710000006,0.15944564400000094,1.9210397790000016
v100__16x16x16x16__c64__l3__trace-on,v100,c64,16x16x16x16,3,on,pyqcu,2,0.0,0.0,0.0,0.0,0.4384663080000001,0.04282291700000013,0.4812892250000002
v100__16x16x16x16__c64__l3__trace-on,v100,c64,16x16x16x16,3,on,quda,0,0.36844288600000574,0.4999361179999955,0.06889171499998348,0.045457549000010644,2.364678046000005,0.007074845999991197,3.3544811599999917
v100__16x16x16x16__c64__l3__trace-on,v100,c64,16x16x16x16,3,on,quda,1,0.3943437080000134,0.5182274629999792,0.029637056999996858,0.0338205100000053,0.5288586350000184,0.007033942999992604,1.5119213160000058
v100__16x16x32x32__c128__l2__trace-off,v100,c128,16x16x32x32,2,off,pyqcu,0,0.0,0.0,0.0,0.0,0.0,46.65812740800902,46.65812740800902
v100__16x16x32x32__c128__l2__trace-off,v100,c128,16x16x32x32,2,off,quda,0,0.0,0.0,0.0,0.0,0.0,28.673084211011883,28.673084211011883
v100__16x16x32x32__c128__l2__trace-on,v100,c128,16x16x32x32,2,on,pyqcu,0,0.5685800939999999,0.5207172350000001,0.5817199820000001,0.4703319030000004,0.0,21.91870044699994,24.06004966099994
v100__16x16x32x32__c128__l2__trace-on,v100,c128,16x16x32x32,2,on,pyqcu,1,0.0,0.0,0.0,0.0,26.781828296999997,1.0485047469999813,27.83033304399998
v100__16x16x32x32__c128__l2__trace-on,v100,c128,16x16x32x32,2,on,quda,0,1.135737609000019,1.6235332779999485,0.5559822910000101,0.3273688720000063,14.292545208999973,0.009516233000073981,17.94468349200003
v100__16x16x32x32__c128__l3__trace-off,v100,c128,16x16x32x32,3,off,pyqcu,0,0.0,0.0,0.0,0.0,0.0,11.583492272984586,11.583492272984586
v100__16x16x32x32__c128__l3__trace-off,v100,c128,16x16x32x32,3,off,quda,0,0.0,0.0,0.0,0.0,0.0,20.784609858004842,20.784609858004842
v100__16x16x32x32__c128__l3__trace-on,v100,c128,16x16x32x32,3,on,pyqcu,0,0.6185437509999998,0.5731733019999998,0.6390928969999996,0.5170838610000004,0.0,16.99915659200002,19.34705040300002
v100__16x16x32x32__c128__l3__trace-on,v100,c128,16x16x32x32,3,on,pyqcu,1,0.9529097699999992,0.940850999,0.07195902700000001,0.07854729200000003,9.129314673000003,2.105269423999978,13.278851184999981
v100__16x16x32x32__c128__l3__trace-on,v100,c128,16x16x32x32,3,on,pyqcu,2,0.0,0.0,0.0,0.0,1.2849938659999998,0.1268476930000011,1.4118415590000009
v100__16x16x32x32__c128__l3__trace-on,v100,c128,16x16x32x32,3,on,quda,0,1.1512960890000326,1.732966263999999,0.6101765600000002,0.34012483499999213,8.497585025999996,0.011285327999990713,12.34343410200001
v100__16x16x32x32__c128__l3__trace-on,v100,c128,16x16x32x32,3,on,quda,1,1.3746646219999947,2.3178646269999783,0.09282265900000475,0.0679677679999795,1.6073309880000082,0.01077360299997654,5.471424266999942
v100__16x32x32x48__c64__l2__trace-off,v100,c64,16x32x32x48,2,off,pyqcu,0,0.0,0.0,0.0,0.0,0.0,13.605885716024204,13.605885716024204
v100__16x32x32x48__c64__l2__trace-off,v100,c64,16x32x32x48,2,off,quda,0,0.0,0.0,0.0,0.0,0.0,18.89020398701541,18.89020398701541
v100__16x32x32x48__c64__l2__trace-on,v100,c64,16x32x32x48,2,on,pyqcu,0,0.19790320600000003,0.190280257,0.24310188199999996,0.18411648900000002,0.0,13.798765259000007,14.614167093000006
v100__16x32x32x48__c64__l2__trace-on,v100,c64,16x32x32x48,2,on,pyqcu,1,0.0,0.0,0.0,0.0,21.49520544400001,0.4576904709999887,21.952895915
v100__16x32x32x48__c64__l2__trace-on,v100,c64,16x32x32x48,2,on,quda,0,0.6321812029999911,0.9242686819999957,0.4490751609999819,0.22342382099999902,10.569350581999997,0.0048855940000116505,12.803185042999976
v100__16x32x32x48__c64__l3__trace-off,v100,c64,16x32x32x48,3,off,pyqcu,0,0.0,0.0,0.0,0.0,0.0,5.7196109909855295,5.7196109909855295
v100__16x32x32x48__c64__l3__trace-off,v100,c64,16x32x32x48,3,off,quda,0,0.0,0.0,0.0,0.0,0.0,11.417119329998968,11.417119329998968
v100__16x32x32x48__c64__l3__trace-on,v100,c64,16x32x32x48,3,on,pyqcu,0,0.28223644300000006,0.254837622,0.2866573000000001,0.239307398,0.0,7.775578107000019,8.838616870000019
v100__16x32x32x48__c64__l3__trace-on,v100,c64,16x32x32x48,3,on,pyqcu,1,0.4605374119999999,0.48466645199999997,0.030194091000000003,0.030955943,4.449753745000001,1.0158404510000008,6.471948094000002
v100__16x32x32x48__c64__l3__trace-on,v100,c64,16x32x32x48,3,on,pyqcu,2,0.0,0.0,0.0,0.0,1.009201863,0.04638044599999991,1.0555823089999998
v100__16x32x32x48__c64__l3__trace-on,v100,c64,16x32x32x48,3,on,quda,0,0.6656681100000048,1.0379410000000195,0.4730465149999885,0.2582831660000018,5.377304656000028,0.0054199190000385755,7.817663366000081
v100__16x32x32x48__c64__l3__trace-on,v100,c64,16x32x32x48,3,on,quda,1,0.8448606839999986,1.4698105720000045,0.05557482600000441,0.043774636000001976,1.1234661070000023,0.00577583100000556,3.5432626560000173
v100__8x8x8x16__c128__l2__trace-off,v100,c128,8x8x8x16,2,off,pyqcu,0,0.0,0.0,0.0,0.0,0.0,1.1011804330046289,1.1011804330046289
v100__8x8x8x16__c128__l2__trace-off,v100,c128,8x8x8x16,2,off,quda,0,0.0,0.0,0.0,0.0,0.0,9.089920768994489,9.089920768994489
v100__8x8x8x16__c128__l2__trace-on,v100,c128,8x8x8x16,2,on,pyqcu,0,0.024065368000000004,0.019148695999999993,0.012717724999999994,0.011120936000000001,0.0,1.3021685120000004,1.3692212370000003
v100__8x8x8x16__c128__l2__trace-on,v100,c128,8x8x8x16,2,on,pyqcu,1,0.0,0.0,0.0,0.0,1.3914363059999995,0.033937839000000025,1.4253741449999995
v100__8x8x8x16__c128__l2__trace-on,v100,c128,8x8x8x16,2,on,quda,0,0.3002534800000065,0.4004435249999956,0.0387342150000034,0.02747887499999324,4.137389768999999,0.005127693000003042,4.909427557000002
v100__8x8x8x16__c128__l3__trace-off,v100,c128,8x8x8x16,3,off,pyqcu,0,0.0,0.0,0.0,0.0,0.0,0.7483862770313863,0.7483862770313863
v100__8x8x8x16__c128__l3__trace-off,v100,c128,8x8x8x16,3,off,quda,0,0.0,0.0,0.0,0.0,0.0,9.427354314015247,9.427354314015247
v100__8x8x8x16__c128__l3__trace-on,v100,c128,8x8x8x16,3,on,pyqcu,0,0.034508394000000005,0.02549208,0.014421165000000001,0.014337962000000001,0.0,1.6263523410000025,1.7151119420000025
v100__8x8x8x16__c128__l3__trace-on,v100,c128,8x8x8x16,3,on,pyqcu,1,0.027928794999999992,0.024696340000000004,0.015771429999999993,0.010742001000000003,1.0177190189999998,0.06088771199999887,1.1577452969999986
v100__8x8x8x16__c128__l3__trace-on,v100,c128,8x8x8x16,3,on,pyqcu,2,0.0,0.0,0.0,0.0,0.7757402390000007,0.03043150499999958,0.8061717440000002
v100__8x8x8x16__c128__l3__trace-on,v100,c128,8x8x8x16,3,on,quda,0,0.2969184590000027,0.37945407399999587,0.03633092500000723,0.03226169600000883,4.543647470000002,0.005161885000017463,5.293774509000034
v100__8x8x8x16__c128__l3__trace-on,v100,c128,8x8x8x16,3,on,quda,1,0.26879829800000055,0.37850042300000375,0.027036219000005524,0.02925123200000268,3.2135856530000066,0.0049690690000021576,3.9221408940000213
v100__8x8x8x16__c64__l2__trace-off,v100,c64,8x8x8x16,2,off,pyqcu,0,0.0,0.0,0.0,0.0,0.0,0.32913232197461184,0.32913232197461184
v100__8x8x8x16__c64__l2__trace-off,v100,c64,8x8x8x16,2,off,quda,0,0.0,0.0,0.0,0.0,0.0,6.71654535199923,6.71654535199923
v100__8x8x8x16__c64__l2__trace-on,v100,c64,8x8x8x16,2,on,pyqcu,0,0.015548782000000002,0.013327704000000001,0.005732117000000001,0.0053425009999999995,0.0,0.6038447419999999,0.643795846
v100__8x8x8x16__c64__l2__trace-on,v100,c64,8x8x8x16,2,on,pyqcu,1,0.0,0.0,0.0,0.0,0.43177705399999994,0.014970969999999861,0.4467480239999998
v100__8x8x8x16__c64__l2__trace-on,v100,c64,8x8x8x16,2,on,quda,0,0.17468839699999616,0.23548508199999763,0.01570052399999522,0.015008683999993444,0.9789108999999936,0.0035221040000141812,1.4233156909999902
v100__8x8x8x16__c64__l3__trace-off,v100,c64,8x8x8x16,3,off,pyqcu,0,0.0,0.0,0.0,0.0,0.0,0.4170589339773869,0.4170589339773869
v100__8x8x8x16__c64__l3__trace-off,v100,c64,8x8x8x16,3,off,quda,0,0.0,0.0,0.0,0.0,0.0,7.229860313993413,7.229860313993413
v100__8x8x8x16__c64__l3__trace-on,v100,c64,8x8x8x16,3,on,pyqcu,0,0.009756397,0.008428914000000001,0.004785693000000001,0.003807032,0.0,0.7317909869999999,0.758569023
v100__8x8x8x16__c64__l3__trace-on,v100,c64,8x8x8x16,3,on,pyqcu,1,0.011542010000000002,0.010139118999999999,0.004795992000000001,0.0031823989999999994,0.455291706,0.02296749700000006,0.5079187230000001
v100__8x8x8x16__c64__l3__trace-on,v100,c64,8x8x8x16,3,on,pyqcu,2,0.0,0.0,0.0,0.0,0.30745086600000004,0.0119746240000001,0.31942549000000015
v100__8x8x8x16__c64__l3__trace-on,v100,c64,8x8x8x16,3,on,quda,0,0.17140766799999785,0.22505656100000415,0.015617937999993003,0.014008032000011106,1.8101140339999988,0.003592713999998054,2.239796947000003
v100__8x8x8x16__c64__l3__trace-on,v100,c64,8x8x8x16,3,on,quda,1,0.17186519900001507,0.2414104299999984,0.013588609000004581,0.01476006900000204,0.976850383000003,0.003724529999988846,1.422199220000012
