unit_id,device,lattice,precision,levels,trace,solver,pyqcu_seconds,quda_seconds,ratio_quda_over_pyqcu,pyqcu_iterations,quda_iterations,pyqcu_true_residual,quda_true_residual
p100__16x16x16x16__c128__l1__trace-off,p100,16x16x16x16,c128,1,off,bicgstab-reference,3.8956328940112144,0.8741149239940569,0.22438328964154716,129.0,81.0,1.6782189572295156e-08,1.8334761338720516e-08
p100__16x16x16x16__c128__l1__trace-on,p100,16x16x16x16,c128,1,on,bicgstab-reference,3.766847835999215,0.8988279010081897,0.2386153994377534,129.0,81.0,1.6782189572295156e-08,1.8334761338720516e-08
p100__16x16x16x16__c128__l2__trace-off,p100,16x16x16x16,c128,2,off,mg-2,6.410288466999191,6.634040685996297,1.0349051716079556,40.0,85.0,1.846963334178775e-08,1.8177733788241747e-08
p100__16x16x16x16__c128__l2__trace-on,p100,16x16x16x16,c128,2,on,mg-2,8.68550662099733,7.052352561004227,0.8119678987930387,40.0,85.0,1.8306777357451694e-08,1.8177733788242167e-08
p100__16x16x16x16__c128__l3__trace-off,p100,16x16x16x16,c128,3,off,mg-3,4.687589163004304,5.184887531999266,1.10608830076658,45.0,87.0,1.7935562151049118e-08,1.8303539259850377e-08
p100__16x16x16x16__c128__l3__trace-on,p100,16x16x16x16,c128,3,on,mg-3,8.364123612991534,5.713481619008235,0.6830938761036239,45.0,87.0,1.852278802293356e-08,1.8303539260326535e-08
p100__16x16x16x16__c64__l1__trace-off,p100,16x16x16x16,c64,1,off,bicgstab-reference,1.2018943350121845,0.5322758670081384,0.44286411167978623,89.0,63.0,3.345283812830738e-07,6.974590243719273e-07
p100__16x16x16x16__c64__l1__trace-on,p100,16x16x16x16,c64,1,on,bicgstab-reference,2.2117050060041947,0.5317124060093192,0.24040837479042665,89.0,63.0,3.345283812830738e-07,6.974590243719273e-07
p100__16x16x16x16__c64__l2__trace-off,p100,16x16x16x16,c64,2,off,mg-2,1.4015297909936635,2.977000410988694,2.1241078356800718,30.0,58.0,4.76606683742405e-07,6.907023333774271e-07
p100__16x16x16x16__c64__l2__trace-on,p100,16x16x16x16,c64,2,on,mg-2,3.9562323529971763,3.375061455008108,0.8530999076561359,30.0,58.0,4.755404974044009e-07,6.908491808772395e-07
p100__16x16x16x16__c64__l3__trace-off,p100,16x16x16x16,c64,3,off,mg-3,1.326634576995275,3.0685614590038313,2.313041972683907,32.0,59.0,7.146340796080394e-07,7.033660601943667e-07
p100__16x16x16x16__c64__l3__trace-on,p100,16x16x16x16,c64,3,on,mg-3,4.50593510500039,3.3596171509998385,0.745598210518291,32.0,59.0,5.680241735385428e-07,7.034753756254157e-07
p100__16x16x32x32__c128__l1__trace-off,p100,16x16x32x32,c128,1,off,bicgstab-reference,7.605618834000779,3.2965158199949656,0.43343163678647056,143.0,102.0,1.676727436827923e-08,1.7794279593179502e-08
p100__16x16x32x32__c128__l1__trace-on,p100,16x16x32x32,c128,1,on,bicgstab-reference,7.60609400300018,3.333847047004383,0.43831262743917787,143.0,102.0,1.676727436827923e-08,1.7794279593179502e-08
p100__16x16x32x32__c128__l2__trace-off,p100,16x16x32x32,c128,2,off,mg-2,18.00723694100452,22.914579693999258,1.2725205854219734,41.0,85.0,1.8531716908343196e-08,1.8282242606198722e-08
p100__16x16x32x32__c128__l2__trace-on,p100,16x16x32x32,c128,2,on,mg-2,22.311795178000466,23.249343371993746,1.0420202940423955,41.0,85.0,1.8491778275116324e-08,1.828224260613031e-08
p100__16x16x32x32__c128__l3__trace-off,p100,16x16x32x32,c128,3,off,mg-3,10.326357375000953,14.907144477998372,1.4436014498284782,46.0,89.0,1.833408214108695e-08,1.830996989290418e-08
p100__16x16x32x32__c128__l3__trace-on,p100,16x16x32x32,c128,3,on,mg-3,17.502462372998707,15.477156269989791,0.884284504668704,46.0,89.0,1.827443770473066e-08,1.8309969892926916e-08
p100__8x8x8x16__c128__l1__trace-off,p100,8x8x8x16,c128,1,off,bicgstab-reference,2.919802485004766,0.6668553729978157,0.2283905765621428,123.0,93.0,1.727475711483899e-08,1.8037317946207714e-08
p100__8x8x8x16__c128__l1__trace-on,p100,8x8x8x16,c128,1,on,bicgstab-reference,2.9199315320001915,0.7006825470016338,0.2399654030660291,123.0,93.0,1.727475711483899e-08,1.8037317946207714e-08
p100__8x8x8x16__c128__l2__trace-off,p100,8x8x8x16,c128,2,off,mg-2,4.502645058993949,5.629175002002739,1.2501929262131308,14.0,45.0,1.8819248082458453e-08,1.8930485013884333e-08
p100__8x8x8x16__c128__l2__trace-on,p100,8x8x8x16,c128,2,on,mg-2,4.915377983998042,5.758641510998132,1.1715561915574602,13.0,45.0,1.8136759145564503e-08,1.8930485013689403e-08
p100__8x8x8x16__c128__l3__trace-off,p100,8x8x8x16,c128,3,off,mg-3,3.599976787008927,4.146049655988463,1.151687886141412,15.0,45.0,1.848576694053816e-08,1.890054108130341e-08
p100__8x8x8x16__c128__l3__trace-on,p100,8x8x8x16,c128,3,on,mg-3,4.847516487992834,4.450671094004065,0.9181342869133617,16.0,45.0,1.8559839515437565e-08,1.8900541079449117e-08
p100__8x8x8x16__c64__l1__trace-off,p100,8x8x8x16,c64,1,off,bicgstab-reference,1.153902995007229,0.27724846900673583,0.2402701702017845,90.0,68.0,3.7775181904828944e-07,4.6737457461390857e-07
p100__8x8x8x16__c64__l1__trace-on,p100,8x8x8x16,c64,1,on,bicgstab-reference,1.1764173109986586,0.274422588001471,0.23326976357438514,90.0,68.0,3.7775181904828944e-07,4.6737457461390857e-07
p100__8x8x8x16__c64__l2__trace-off,p100,8x8x8x16,c64,2,off,mg-2,0.7081076699978439,1.0129242580005666,1.4304664402288578,9.0,32.0,7.302620089319772e-07,7.966061556106077e-07
p100__8x8x8x16__c64__l2__trace-on,p100,8x8x8x16,c64,2,on,mg-2,0.9435896749928361,0.9577879890130134,1.0150471273652768,9.0,32.0,7.401597882244319e-07,7.967820897371194e-07
p100__8x8x8x16__c64__l3__trace-off,p100,8x8x8x16,c64,3,off,mg-3,0.8194490550085902,1.0454725650051842,1.275823748425977,10.0,32.0,7.31626890296355e-07,7.870801949072523e-07
p100__8x8x8x16__c64__l3__trace-on,p100,8x8x8x16,c64,3,on,mg-3,1.281186323001748,1.1668367899983423,0.9107471482090981,10.0,32.0,7.22199289389467e-07,7.869855468012175e-07
v100__16x16x16x16__c128__l1__trace-off,v100,16x16x16x16,c128,1,off,bicgstab-reference,0.55208183999639,0.14242748300603125,0.25798255383108154,129.0,81.0,1.6782179532707867e-08,1.8334761337857784e-08
v100__16x16x16x16__c128__l1__trace-on,v100,16x16x16x16,c128,1,on,bicgstab-reference,0.6500300810002955,0.14575721899745986,0.22423149829183614,129.0,81.0,1.6782179532707867e-08,1.8334761337857784e-08
v100__16x16x16x16__c128__l2__trace-off,v100,16x16x16x16,c128,2,off,mg-2,0.7209439430007478,1.4612541999958921,2.0268624408075184,40.0,85.0,1.787849433029457e-08,1.8177733788006295e-08
v100__16x16x16x16__c128__l2__trace-on,v100,16x16x16x16,c128,2,on,mg-2,1.0853517560026376,1.5753522849990986,1.4514670255854547,40.0,85.0,1.787849433029457e-08,1.8177733787639232e-08
v100__16x16x16x16__c128__l3__trace-off,v100,16x16x16x16,c128,3,off,mg-3,0.43638855700555723,1.4040361210063566,3.217399032276817,44.0,87.0,1.8324207587495086e-08,1.8303539260337295e-08
v100__16x16x16x16__c128__l3__trace-on,v100,16x16x16x16,c128,3,on,mg-3,1.1726829919934971,1.6208639410033356,1.382184232285961,44.0,87.0,1.8324207587495086e-08,1.830353926051755e-08
v100__16x16x16x16__c64__l1__trace-off,v100,16x16x16x16,c64,1,off,bicgstab-reference,0.2416149479977321,0.06808479300525505,0.28179048345094165,90.0,63.0,3.3935020227110806e-07,6.907945887772199e-07
v100__16x16x16x16__c64__l1__trace-on,v100,16x16x16x16,c64,1,on,bicgstab-reference,0.25000403200101573,0.08033280300151091,0.3213260296585318,90.0,63.0,3.3935020227110806e-07,6.907945887772199e-07
v100__16x16x16x16__c64__l2__trace-off,v100,16x16x16x16,c64,2,off,mg-2,0.20383330799813848,0.5242044280021219,2.5717309558009487,30.0,58.0,4.624468249920541e-07,6.906357992555281e-07
v100__16x16x16x16__c64__l2__trace-on,v100,16x16x16x16,c64,2,on,mg-2,0.38347481400705874,0.6436757869960275,1.6785347133232564,30.0,58.0,4.624468249920541e-07,6.907255612661374e-07
v100__16x16x16x16__c64__l3__trace-off,v100,16x16x16x16,c64,3,off,mg-3,0.1509476729988819,0.714977704003104,4.736593084203425,31.0,59.0,5.797549791077908e-07,7.033264284294486e-07
v100__16x16x16x16__c64__l3__trace-on,v100,16x16x16x16,c64,3,on,mg-3,0.5281142110034125,0.9212616160075413,1.7444363298937782,31.0,59.0,5.797549791077908e-07,7.034579219011306e-07
v100__16x16x32x32__c128__l1__trace-off,v100,16x16x32x32,c128,1,off,bicgstab-reference,1.4212093649985036,0.3501097450061934,0.2463463537665065,143.0,102.0,1.6767265074916976e-08,1.7794279569507545e-08
v100__16x16x32x32__c128__l1__trace-on,v100,16x16x32x32,c128,1,on,bicgstab-reference,1.473002151993569,0.3530088639963651,0.23965264648025192,143.0,102.0,1.6767265074916976e-08,1.7794279569507545e-08
v100__16x16x32x32__c128__l2__trace-off,v100,16x16x32x32,c128,2,off,mg-2,7.482400972992764,4.041431845005718,0.5401250026018388,41.0,85.0,1.8482845667697538e-08,1.8282242606263272e-08
v100__16x16x32x32__c128__l2__trace-on,v100,16x16x32x32,c128,2,on,mg-2,4.1120948850002605,4.162918693997199,1.0123595905294718,41.0,85.0,1.8482845667697538e-08,1.8282242606142536e-08
v100__16x16x32x32__c128__l3__trace-off,v100,16x16x32x32,c128,3,off,mg-3,1.642416697999579,3.029770348002785,1.844702596906721,46.0,89.0,1.819593256494243e-08,1.8309969892955924e-08
v100__16x16x32x32__c128__l3__trace-on,v100,16x16x32x32,c128,3,on,mg-3,3.0947952099959366,3.084280804003356,0.9966025519366775,46.0,89.0,1.819593256494243e-08,1.8309969892682706e-08
v100__16x32x32x48__c64__l1__trace-off,v100,16x32x32x48,c64,1,off,bicgstab-reference,1.6846361369971419,0.3966479420050746,0.23545021580274195,137.0,88.0,3.792390328690136e-07,6.147449926210113e-07
v100__16x32x32x48__c64__l1__trace-on,v100,16x32x32x48,c64,1,on,bicgstab-reference,2.2068764430005103,0.38967448800394777,0.17657286126727562,137.0,88.0,3.792390328690136e-07,6.147449926210113e-07
v100__16x32x32x48__c64__l2__trace-off,v100,16x32x32x48,c64,2,off,mg-2,1.9401633190136636,2.716042929008836,1.3999042773314632,11.0,37.0,3.60153844456708e-07,7.302857579722028e-07
v100__16x32x32x48__c64__l2__trace-on,v100,16x32x32x48,c64,2,on,mg-2,2.679416898987256,2.7831245850102277,1.0387053190797484,11.0,37.0,3.60153844456708e-07,7.302857579722028e-07
v100__16x32x32x48__c64__l3__trace-off,v100,16x32x32x48,c64,3,off,mg-3,0.8088928850047523,1.6407691740023438,2.028413408522816,14.0,39.0,4.901157500138816e-07,7.328100192340559e-07
v100__16x32x32x48__c64__l3__trace-on,v100,16x32x32x48,c64,3,on,mg-3,1.4422514170000795,1.8174902759928955,1.2601757603215413,14.0,39.0,4.901157500138816e-07,7.328100192340559e-07
v100__8x8x8x16__c128__l1__trace-off,v100,8x8x8x16,c128,1,off,bicgstab-reference,0.4094425809889799,0.1462736679968657,0.3572507472074641,123.0,93.0,1.7274750183626116e-08,1.8037317946544846e-08
v100__8x8x8x16__c128__l1__trace-on,v100,8x8x8x16,c128,1,on,bicgstab-reference,0.40923672200005967,0.1226806760096224,0.2997792461293454,123.0,93.0,1.7274750183626116e-08,1.8037317946544846e-08
v100__8x8x8x16__c128__l2__trace-off,v100,8x8x8x16,c128,2,off,mg-2,0.1590511200047331,1.2022057879948989,7.558612526331932,13.0,45.0,1.750136068885924e-08,1.8930485014187895e-08
v100__8x8x8x16__c128__l2__trace-on,v100,8x8x8x16,c128,2,on,mg-2,0.24005468099494465,1.193536070000846,4.971934165391179,13.0,45.0,1.750136068885924e-08,1.8930485013741615e-08
v100__8x8x8x16__c128__l3__trace-off,v100,8x8x8x16,c128,3,off,mg-3,0.10422196300351061,1.5251878840063,14.634035284433528,14.0,45.0,1.7421887702021227e-08,1.8900541080449056e-08
v100__8x8x8x16__c128__l3__trace-on,v100,8x8x8x16,c128,3,on,mg-3,0.2953278450004291,1.2696577750029974,4.29914685153089,14.0,45.0,1.7421887702021227e-08,1.8900541079421665e-08
v100__8x8x8x16__c64__l1__trace-off,v100,8x8x8x16,c64,1,off,bicgstab-reference,0.2047480839974014,0.06732985000417102,0.3288423934898729,91.0,68.0,6.88093633114058e-07,2.9542105050682294e-07
v100__8x8x8x16__c64__l1__trace-on,v100,8x8x8x16,c64,1,on,bicgstab-reference,0.20380517099692952,0.08359112701145932,0.4101521399215071,91.0,68.0,6.88093633114058e-07,2.9542105050682294e-07
v100__8x8x8x16__c64__l2__trace-off,v100,8x8x8x16,c64,2,off,mg-2,0.046208414001739584,0.32882179200532846,7.116058819784412,9.0,32.0,7.249293304950049e-07,7.968316408043964e-07
v100__8x8x8x16__c64__l2__trace-on,v100,8x8x8x16,c64,2,on,mg-2,0.11353527299070265,0.41330115900200326,3.6402885915097793,9.0,32.0,7.249293304950049e-07,7.972144088802722e-07
v100__8x8x8x16__c64__l3__trace-off,v100,8x8x8x16,c64,3,off,mg-3,0.060078854992752895,0.4889887070021359,8.13911495252566,10.0,32.0,6.204458943593202e-07,7.869951044040818e-07
v100__8x8x8x16__c64__l3__trace-on,v100,8x8x8x16,c64,3,on,mg-3,0.13731018399994355,0.5750263280060608,4.187790819698393,10.0,32.0,6.204458943593202e-07,7.870345411149296e-07
