requested_unit_id,effective_unit_id,requested_lattice,effective_lattice,status
v100__8x8x8x16__c64__l1__trace-off,v100__8x8x8x16__c64__l1__trace-off,8x8x8x16,8x8x8x16,exact
v100__8x8x8x16__c64__l2__trace-off,v100__8x8x8x16__c64__l2__trace-off,8x8x8x16,8x8x8x16,exact
v100__8x8x8x16__c64__l3__trace-off,v100__8x8x8x16__c64__l3__trace-off,8x8x8x16,8x8x8x16,exact
v100__8x8x8x16__c64__l1__trace-on,v100__8x8x8x16__c64__l1__trace-on,8x8x8x16,8x8x8x16,exact
v100__8x8x8x16__c64__l2__trace-on,v100__8x8x8x16__c64__l2__trace-on,8x8x8x16,8x8x8x16,exact
v100__8x8x8x16__c64__l3__trace-on,v100__8x8x8x16__c64__l3__trace-on,8x8x8x16,8x8x8x16,exact
v100__16x16x16x16__c64__l1__trace-off,v100__16x16x16x16__c64__l1__trace-off,16x16x16x16,16x16x16x16,exact
v100__16x16x16x16__c64__l2__trace-off,v100__16x16x16x16__c64__l2__trace-off,16x16x16x16,16x16x16x16,exact
v100__16x16x16x16__c64__l3__trace-off,v100__16x16x16x16__c64__l3__trace-off,16x16x16x16,16x16x16x16,exact
v100__16x16x16x16__c64__l1__trace-on,v100__16x16x16x16__c64__l1__trace-on,16x16x16x16,16x16x16x16,exact
v100__16x16x16x16__c64__l2__trace-on,v100__16x16x16x16__c64__l2__trace-on,16x16x16x16,16x16x16x16,exact
v100__16x16x16x16__c64__l3__trace-on,v100__16x16x16x16__c64__l3__trace-on,16x16x16x16,16x16x16x16,exact
v100__16x32x32x48__c64__l1__trace-off,v100__16x32x32x48__c64__l1__trace-off,16x32x32x48,16x32x32x48,exact
v100__16x32x32x48__c64__l2__trace-off,v100__16x32x32x48__c64__l2__trace-off,16x32x32x48,16x32x32x48,exact
v100__16x32x32x48__c64__l3__trace-off,v100__16x32x32x48__c64__l3__trace-off,16x32x32x48,16x32x32x48,exact
v100__16x32x32x48__c64__l1__trace-on,v100__16x32x32x48__c64__l1__trace-on,16x32x32x48,16x32x32x48,exact
v100__16x32x32x48__c64__l2__trace-on,v100__16x32x32x48__c64__l2__trace-on,16x32x32x48,16x32x32x48,exact
v100__16x32x32x48__c64__l3__trace-on,v100__16x32x32x48__c64__l3__trace-on,16x32x32x48,16x32x32x48,exact
v100__8x8x8x16__c128__l1__trace-off,v100__8x8x8x16__c128__l1__trace-off,8x8x8x16,8x8x8x16,exact
v100__8x8x8x16__c128__l2__trace-off,v100__8x8x8x16__c128__l2__trace-off,8x8x8x16,8x8x8x16,exact
v100__8x8x8x16__c128__l3__trace-off,v100__8x8x8x16__c128__l3__trace-off,8x8x8x16,8x8x8x16,exact
v100__8x8x8x16__c128__l1__trace-on,v100__8x8x8x16__c128__l1__trace-on,8x8x8x16,8x8x8x16,exact
v100__8x8x8x16__c128__l2__trace-on,v100__8x8x8x16__c128__l2__trace-on,8x8x8x16,8x8x8x16,exact
v100__8x8x8x16__c128__l3__trace-on,v100__8x8x8x16__c128__l3__trace-on,8x8x8x16,8x8x8x16,exact
v100__16x16x16x16__c128__l1__trace-off,v100__16x16x16x16__c128__l1__trace-off,16x16x16x16,16x16x16x16,exact
v100__16x16x16x16__c128__l2__trace-off,v100__16x16x16x16__c128__l2__trace-off,16x16x16x16,16x16x16x16,exact
v100__16x16x16x16__c128__l3__trace-off,v100__16x16x16x16__c128__l3__trace-off,16x16x16x16,16x16x16x16,exact
v100__16x16x16x16__c128__l1__trace-on,v100__16x16x16x16__c128__l1__trace-on,16x16x16x16,16x16x16x16,exact
v100__16x16x16x16__c128__l2__trace-on,v100__16x16x16x16__c128__l2__trace-on,16x16x16x16,16x16x16x16,exact
v100__16x16x16x16__c128__l3__trace-on,v100__16x16x16x16__c128__l3__trace-on,16x16x16x16,16x16x16x16,exact
v100__16x16x32x32__c128__l1__trace-off,v100__16x16x32x32__c128__l1__trace-off,16x16x32x32,16x16x32x32,exact
v100__16x16x32x32__c128__l2__trace-off,v100__16x16x32x32__c128__l2__trace-off,16x16x32x32,16x16x32x32,exact
v100__16x16x32x32__c128__l3__trace-off,v100__16x16x32x32__c128__l3__trace-off,16x16x32x32,16x16x32x32,exact
v100__16x16x32x32__c128__l1__trace-on,v100__16x16x32x32__c128__l1__trace-on,16x16x32x32,16x16x32x32,exact
v100__16x16x32x32__c128__l2__trace-on,v100__16x16x32x32__c128__l2__trace-on,16x16x32x32,16x16x32x32,exact
v100__16x16x32x32__c128__l3__trace-on,v100__16x16x32x32__c128__l3__trace-on,16x16x32x32,16x16x32x32,exact
p100__8x8x8x16__c64__l1__trace-off,p100__8x8x8x16__c64__l1__trace-off,8x8x8x16,8x8x8x16,exact
p100__8x8x8x16__c64__l2__trace-off,p100__8x8x8x16__c64__l2__trace-off,8x8x8x16,8x8x8x16,exact
p100__8x8x8x16__c64__l3__trace-off,p100__8x8x8x16__c64__l3__trace-off,8x8x8x16,8x8x8x16,exact
p100__8x8x8x16__c64__l1__trace-on,p100__8x8x8x16__c64__l1__trace-on,8x8x8x16,8x8x8x16,exact
p100__8x8x8x16__c64__l2__trace-on,p100__8x8x8x16__c64__l2__trace-on,8x8x8x16,8x8x8x16,exact
p100__8x8x8x16__c64__l3__trace-on,p100__8x8x8x16__c64__l3__trace-on,8x8x8x16,8x8x8x16,exact
p100__16x16x16x16__c64__l1__trace-off,p100__16x16x16x16__c64__l1__trace-off,16x16x16x16,16x16x16x16,exact
p100__16x16x16x16__c64__l2__trace-off,p100__16x16x16x16__c64__l2__trace-off,16x16x16x16,16x16x16x16,exact
p100__16x16x16x16__c64__l3__trace-off,p100__16x16x16x16__c64__l3__trace-off,16x16x16x16,16x16x16x16,exact
p100__16x16x16x16__c64__l1__trace-on,p100__16x16x16x16__c64__l1__trace-on,16x16x16x16,16x16x16x16,exact
p100__16x16x16x16__c64__l2__trace-on,p100__16x16x16x16__c64__l2__trace-on,16x16x16x16,16x16x16x16,exact
p100__16x16x16x16__c64__l3__trace-on,p100__16x16x16x16__c64__l3__trace-on,16x16x16x16,16x16x16x16,exact
p100__16x32x32x48__c64__l1__trace-off,p100__16x16x16x16__c64__l1__trace-off,16x32x32x48,16x16x16x16,substituted
p100__16x32x32x48__c64__l2__trace-off,p100__16x16x16x16__c64__l2__trace-off,16x32x32x48,16x16x16x16,substituted
p100__16x32x32x48__c64__l3__trace-off,p100__16x16x16x16__c64__l3__trace-off,16x32x32x48,16x16x16x16,substituted
p100__16x32x32x48__c64__l1__trace-on,p100__16x16x16x16__c64__l1__trace-on,16x32x32x48,16x16x16x16,substituted
p100__16x32x32x48__c64__l2__trace-on,p100__16x16x16x16__c64__l2__trace-on,16x32x32x48,16x16x16x16,substituted
p100__16x32x32x48__c64__l3__trace-on,p100__16x16x16x16__c64__l3__trace-on,16x32x32x48,16x16x16x16,substituted
p100__8x8x8x16__c128__l1__trace-off,p100__8x8x8x16__c128__l1__trace-off,8x8x8x16,8x8x8x16,exact
p100__8x8x8x16__c128__l2__trace-off,p100__8x8x8x16__c128__l2__trace-off,8x8x8x16,8x8x8x16,exact
p100__8x8x8x16__c128__l3__trace-off,p100__8x8x8x16__c128__l3__trace-off,8x8x8x16,8x8x8x16,exact
p100__8x8x8x16__c128__l1__trace-on,p100__8x8x8x16__c128__l1__trace-on,8x8x8x16,8x8x8x16,exact
p100__8x8x8x16__c128__l2__trace-on,p100__8x8x8x16__c128__l2__trace-on,8x8x8x16,8x8x8x16,exact
p100__8x8x8x16__c128__l3__trace-on,p100__8x8x8x16__c128__l3__trace-on,8x8x8x16,8x8x8x16,exact
p100__16x16x16x16__c128__l1__trace-off,p100__16x16x16x16__c128__l1__trace-off,16x16x16x16,16x16x16x16,exact
p100__16x16x16x16__c128__l2__trace-off,p100__16x16x16x16__c128__l2__trace-off,16x16x16x16,16x16x16x16,exact
p100__16x16x16x16__c128__l3__trace-off,p100__16x16x16x16__c128__l3__trace-off,16x16x16x16,16x16x16x16,exact
p100__16x16x16x16__c128__l1__trace-on,p100__16x16x16x16__c128__l1__trace-on,16x16x16x16,16x16x16x16,exact
p100__16x16x16x16__c128__l2__trace-on,p100__16x16x16x16__c128__l2__trace-on,16x16x16x16,16x16x16x16,exact
p100__16x16x16x16__c128__l3__trace-on,p100__16x16x16x16__c128__l3__trace-on,16x16x16x16,16x16x16x16,exact
p100__16x16x32x32__c128__l1__trace-off,p100__16x16x32x32__c128__l1__trace-off,16x16x32x32,16x16x32x32,exact
p100__16x16x32x32__c128__l2__trace-off,p100__16x16x32x32__c128__l2__trace-off,16x16x32x32,16x16x32x32,exact
p100__16x16x32x32__c128__l3__trace-off,p100__16x16x32x32__c128__l3__trace-off,16x16x32x32,16x16x32x32,exact
p100__16x16x32x32__c128__l1__trace-on,p100__16x16x32x32__c128__l1__trace-on,16x16x32x32,16x16x32x32,exact
p100__16x16x32x32__c128__l2__trace-on,p100__16x16x32x32__c128__l2__trace-on,16x16x32x32,16x16x32x32,exact
p100__16x16x32x32__c128__l3__trace-on,p100__16x16x32x32__c128__l3__trace-on,16x16x32x32,16x16x32x32,exact
