coarse_solver_calls,coarse_solver_iterations,coarse_solver_seconds,device,final_residual,lattice,level,levels,other_seconds,post_smoother_iterations,post_smoother_seconds,pre_smoother_iterations,pre_smoother_seconds,precision,prolongate_calls,prolongate_seconds,restrict_calls,restrict_seconds,side,total_iterations,total_seconds,trace,unit_id
0.0,0.0,0.0,p100,1.831067337296325e-08,16x16x16x16,0,2,45.18923497702053,0.0,0.0,0.0,0.0,c128,0.0,0.0,0.0,0.0,pyqcu,198.0,45.18923497702053,off,p100__16x16x16x16__c128__l2__trace-off
0.0,0.0,0.0,p100,,16x16x16x16,1,2,0.0,0.0,0.0,0.0,0.0,c128,0.0,0.0,0.0,0.0,pyqcu,198.0,0.0,off,p100__16x16x16x16__c128__l2__trace-off
0.0,0.0,0.0,p100,1.8177733788241747e-08,16x16x16x16,0,2,46.80929374000698,0.0,0.0,0.0,0.0,c128,0.0,0.0,0.0,0.0,quda,425.0,46.80929374000698,off,p100__16x16x16x16__c128__l2__trace-off
0.0,0.0,0.0,p100,,16x16x16x16,1,2,0.0,0.0,0.0,0.0,0.0,c128,0.0,0.0,0.0,0.0,quda,425.0,0.0,off,p100__16x16x16x16__c128__l2__trace-off
0.0,0.0,0.0,p100,9.182230856480633e-09,16x16x16x16,0,2,48.803713808999944,200.0,2.725325498000001,200.0,2.648521791000001,c128,0.0,0.226855825,0.0,0.208010768,pyqcu,200.0,54.61242769099995,on,p100__16x16x16x16__c128__l2__trace-on
200.0,1216.0,41.41566547200001,p100,,16x16x16x16,1,2,1.5151159089999666,0.0,0.0,0.0,0.0,c128,0.0,0.0,0.0,0.0,pyqcu,200.0,42.930781380999974,on,p100__16x16x16x16__c128__l2__trace-on
0.0,5100.0,20.902010481999994,p100,8.795035410745432e-09,16x16x16x16,0,2,0.010609300000041344,425.0,5.225635662999981,425.0,2.7135427920000232,c128,0.0,0.09770770400006867,0.0,0.13538630699998855,quda,425.0,29.084892248000095,on,p100__16x16x16x16__c128__l2__trace-on
0.0,0.0,0.0,p100,,16x16x16x16,1,2,0.0,0.0,0.0,0.0,0.0,c128,0.0,0.0,0.0,0.0,quda,425.0,0.0,on,p100__16x16x16x16__c128__l2__trace-on
0.0,0.0,0.0,p100,1.767779019339405e-08,16x16x16x16,0,3,33.54681913001696,0.0,0.0,0.0,0.0,c128,0.0,0.0,0.0,0.0,pyqcu,225.0,33.54681913001696,off,p100__16x16x16x16__c128__l3__trace-off
0.0,0.0,0.0,p100,,16x16x16x16,1,3,0.0,0.0,0.0,0.0,0.0,c128,0.0,0.0,0.0,0.0,pyqcu,225.0,0.0,off,p100__16x16x16x16__c128__l3__trace-off
0.0,0.0,0.0,p100,,16x16x16x16,2,3,0.0,0.0,0.0,0.0,0.0,c128,0.0,0.0,0.0,0.0,pyqcu,225.0,0.0,off,p100__16x16x16x16__c128__l3__trace-off
0.0,0.0,0.0,p100,1.8303539259850377e-08,16x16x16x16,0,3,36.5742870009708,0.0,0.0,0.0,0.0,c128,0.0,0.0,0.0,0.0,quda,435.0,36.5742870009708,off,p100__16x16x16x16__c128__l3__trace-off
0.0,0.0,0.0,p100,,16x16x16x16,1,3,0.0,0.0,0.0,0.0,0.0,c128,0.0,0.0,0.0,0.0,quda,435.0,0.0,off,p100__16x16x16x16__c128__l3__trace-off
0.0,0.0,0.0,p100,,16x16x16x16,2,3,0.0,0.0,0.0,0.0,0.0,c128,0.0,0.0,0.0,0.0,quda,435.0,0.0,off,p100__16x16x16x16__c128__l3__trace-off
0.0,0.0,0.0,p100,9.985342767646903e-09,16x16x16x16,0,3,48.205979503,224.0,2.988980496999999,224.0,3.012594074999999,c128,0.0,0.244235699,0.0,0.1824439990000001,pyqcu,224.0,54.634233773,on,p100__16x16x16x16__c128__l3__trace-on
0.0,0.0,18.855293090000007,p100,,16x16x16x16,1,3,2.897356320999954,224.0,1.6503989439999993,224.0,1.591625538,c128,224.0,0.08840145,224.0,0.218986625,pyqcu,224.0,25.30206196799996,on,p100__16x16x16x16__c128__l3__trace-on
224.0,448.0,10.588741867000005,p100,,16x16x16x16,2,3,0.9271109190000004,0.0,0.0,0.0,0.0,c128,0.0,0.0,0.0,0.0,pyqcu,224.0,11.515852786000005,on,p100__16x16x16x16__c128__l3__trace-on
0.0,435.0,14.607226470000043,p100,9.187695609822005e-09,16x16x16x16,0,3,0.011044927000014582,435.0,5.40478525700002,435.0,2.65391129400005,c128,0.0,0.08165254600004346,0.0,0.10594043100004846,quda,435.0,22.86456092500022,on,p100__16x16x16x16__c128__l3__trace-on
0.0,1740.0,3.230472492000075,p100,,16x16x16x16,1,3,0.010619006999995406,435.0,3.804528770000056,435.0,2.381901477000019,c128,0.0,0.13281454099993617,0.0,0.20736448699998,quda,435.0,9.767700774000062,on,p100__16x16x16x16__c128__l3__trace-on
0.0,0.0,0.0,p100,,16x16x16x16,2,3,0.0,0.0,0.0,0.0,0.0,c128,0.0,0.0,0.0,0.0,quda,435.0,0.0,on,p100__16x16x16x16__c128__l3__trace-on
0.0,0.0,0.0,p100,4.731258796343608e-07,16x16x16x16,0,2,10.0650312579819,0.0,0.0,0.0,0.0,c64,0.0,0.0,0.0,0.0,pyqcu,150.0,10.0650312579819,off,p100__16x16x16x16__c64__l2__trace-off
0.0,0.0,0.0,p100,,16x16x16x16,1,2,0.0,0.0,0.0,0.0,0.0,c64,0.0,0.0,0.0,0.0,pyqcu,150.0,0.0,off,p100__16x16x16x16__c64__l2__trace-off
0.0,0.0,0.0,p100,6.907023333774271e-07,16x16x16x16,0,2,41.88385812200431,0.0,0.0,0.0,0.0,c64,0.0,0.0,0.0,0.0,quda,290.0,41.88385812200431,off,p100__16x16x16x16__c64__l2__trace-off
0.0,0.0,0.0,p100,,16x16x16x16,1,2,0.0,0.0,0.0,0.0,0.0,c64,0.0,0.0,0.0,0.0,quda,290.0,0.0,off,p100__16x16x16x16__c64__l2__trace-off
0.0,0.0,0.0,p100,5.400603981797758e-07,16x16x16x16,0,2,23.28655591599999,150.0,1.667266327,150.0,1.6581998130000006,c64,0.0,0.10900702699999999,0.0,0.12444056600000003,pyqcu,150.0,26.84546964899999,on,p100__16x16x16x16__c64__l2__trace-on
150.0,601.0,11.873822648000003,p100,,16x16x16x16,1,2,0.6689365720000033,0.0,0.0,0.0,0.0,c64,0.0,0.0,0.0,0.0,pyqcu,150.0,12.542759220000006,on,p100__16x16x16x16__c64__l2__trace-on
0.0,2320.0,8.858370923000042,p100,8.637691415205737e-07,16x16x16x16,0,2,0.00700222699998676,290.0,2.717735426999994,290.0,1.312593318999987,c64,0.0,0.08601542000002027,0.0,0.15796262200004563,quda,290.0,13.139679938000075,on,p100__16x16x16x16__c64__l2__trace-on
0.0,0.0,0.0,p100,,16x16x16x16,1,2,0.0,0.0,0.0,0.0,0.0,c64,0.0,0.0,0.0,0.0,quda,290.0,0.0,on,p100__16x16x16x16__c64__l2__trace-on
0.0,0.0,0.0,p100,5.816106511999252e-07,16x16x16x16,0,3,9.370105339010479,0.0,0.0,0.0,0.0,c64,0.0,0.0,0.0,0.0,pyqcu,158.0,9.370105339010479,off,p100__16x16x16x16__c64__l3__trace-off
0.0,0.0,0.0,p100,,16x16x16x16,1,3,0.0,0.0,0.0,0.0,0.0,c64,0.0,0.0,0.0,0.0,pyqcu,158.0,0.0,off,p100__16x16x16x16__c64__l3__trace-off
0.0,0.0,0.0,p100,,16x16x16x16,2,3,0.0,0.0,0.0,0.0,0.0,c64,0.0,0.0,0.0,0.0,pyqcu,158.0,0.0,off,p100__16x16x16x16__c64__l3__trace-off
0.0,0.0,0.0,p100,7.033660601943667e-07,16x16x16x16,0,3,45.71813587896759,0.0,0.0,0.0,0.0,c64,0.0,0.0,0.0,0.0,quda,295.0,45.71813587896759,off,p100__16x16x16x16__c64__l3__trace-off
0.0,0.0,0.0,p100,,16x16x16x16,1,3,0.0,0.0,0.0,0.0,0.0,c64,0.0,0.0,0.0,0.0,quda,295.0,0.0,off,p100__16x16x16x16__c64__l3__trace-off
0.0,0.0,0.0,p100,,16x16x16x16,2,3,0.0,0.0,0.0,0.0,0.0,c64,0.0,0.0,0.0,0.0,quda,295.0,0.0,off,p100__16x16x16x16__c64__l3__trace-off
0.0,0.0,0.0,p100,6.790572228965175e-07,16x16x16x16,0,3,26.336827757000012,160.0,1.6260545759999998,160.0,1.6981932530000015,c64,0.0,0.10100961199999997,0.0,0.08783591299999997,pyqcu,160.0,29.849921111000015,on,p100__16x16x16x16__c64__l3__trace-on
0.0,0.0,8.445091325999996,p100,,16x16x16x16,1,3,1.302961136999997,160.0,0.7051075500000001,160.0,0.7852333450000004,c64,160.0,0.08441711799999997,160.0,0.11168347200000003,pyqcu,160.0,11.434493947999993,on,p100__16x16x16x16__c64__l3__trace-on
160.0,260.0,4.4626160409999995,p100,,16x16x16x16,2,3,0.5753937839999974,0.0,0.0,0.0,0.0,c64,0.0,0.0,0.0,0.0,pyqcu,160.0,5.038009824999997,on,p100__16x16x16x16__c64__l3__trace-on
0.0,295.0,8.730729416999946,p100,8.801400474706997e-07,16x16x16x16,0,3,0.006851409999914182,295.0,2.6802480099999677,295.0,1.4425841839999478,c64,0.0,0.18741181700000098,0.0,0.14953468800002057,quda,295.0,13.197359525999797,on,p100__16x16x16x16__c64__l3__trace-on
0.0,1180.0,2.1475095490000378,p100,,16x16x16x16,1,3,0.006801295999999013,295.0,2.2366921609999757,295.0,1.2787038859999988,c64,0.0,0.03620124700000105,0.0,0.04293834999997159,quda,295.0,5.748846488999984,on,p100__16x16x16x16__c64__l3__trace-on
0.0,0.0,0.0,p100,,16x16x16x16,2,3,0.0,0.0,0.0,0.0,0.0,c64,0.0,0.0,0.0,0.0,quda,295.0,0.0,on,p100__16x16x16x16__c64__l3__trace-on
0.0,0.0,0.0,p100,1.8387180233160528e-08,16x16x32x32,0,2,130.33776897998177,0.0,0.0,0.0,0.0,c128,0.0,0.0,0.0,0.0,pyqcu,205.0,130.33776897998177,off,p100__16x16x32x32__c128__l2__trace-off
0.0,0.0,0.0,p100,,16x16x32x32,1,2,0.0,0.0,0.0,0.0,0.0,c128,0.0,0.0,0.0,0.0,pyqcu,205.0,0.0,off,p100__16x16x32x32__c128__l2__trace-off
0.0,0.0,0.0,p100,1.8282242606198722e-08,16x16x32x32,0,2,160.95757847002824,0.0,0.0,0.0,0.0,c128,0.0,0.0,0.0,0.0,quda,425.0,160.95757847002824,off,p100__16x16x32x32__c128__l2__trace-off
0.0,0.0,0.0,p100,,16x16x32x32,1,2,0.0,0.0,0.0,0.0,0.0,c128,0.0,0.0,0.0,0.0,quda,425.0,0.0,off,p100__16x16x32x32__c128__l2__trace-off
0.0,0.0,0.0,p100,7.494550253500243e-09,16x16x32x32,0,2,121.05340911899984,207.0,4.509490158000001,207.0,4.746489374,c128,0.0,0.6392950910000006,0.0,0.6459329309999999,pyqcu,207.0,131.59461667299985,on,p100__16x16x32x32__c128__l2__trace-on
207.0,1449.0,140.10285426000004,p100,,16x16x32x32,1,2,4.494984378000083,0.0,0.0,0.0,0.0,c128,0.0,0.0,0.0,0.0,pyqcu,207.0,144.59783863800013,on,p100__16x16x32x32__c128__l2__trace-on
0.0,6260.0,82.03007107599989,p100,9.224762565142303e-09,16x16x32x32,0,2,0.010700677000144765,425.0,13.93826884499989,425.0,7.249269499000164,c128,0.0,0.36025768500027766,0.0,0.6633073679999839,quda,425.0,104.25187515000034,on,p100__16x16x32x32__c128__l2__trace-on
0.0,0.0,0.0,p100,,16x16x32x32,1,2,0.0,0.0,0.0,0.0,0.0,c128,0.0,0.0,0.0,0.0,quda,425.0,0.0,on,p100__16x16x32x32__c128__l2__trace-on
0.0,0.0,0.0,p100,1.833408214108695e-08,16x16x32x32,0,3,75.0062265139859,0.0,0.0,0.0,0.0,c128,0.0,0.0,0.0,0.0,pyqcu,230.0,75.0062265139859,off,p100__16x16x32x32__c128__l3__trace-off
0.0,0.0,0.0,p100,,16x16x32x32,1,3,0.0,0.0,0.0,0.0,0.0,c128,0.0,0.0,0.0,0.0,pyqcu,230.0,0.0,off,p100__16x16x32x32__c128__l3__trace-off
0.0,0.0,0.0,p100,,16x16x32x32,2,3,0.0,0.0,0.0,0.0,0.0,c128,0.0,0.0,0.0,0.0,pyqcu,230.0,0.0,off,p100__16x16x32x32__c128__l3__trace-off
0.0,0.0,0.0,p100,1.830996989290418e-08,16x16x32x32,0,3,104.31992683498538,0.0,0.0,0.0,0.0,c128,0.0,0.0,0.0,0.0,quda,445.0,104.31992683498538,off,p100__16x16x32x32__c128__l3__trace-off
0.0,0.0,0.0,p100,,16x16x32x32,1,3,0.0,0.0,0.0,0.0,0.0,c128,0.0,0.0,0.0,0.0,quda,445.0,0.0,off,p100__16x16x32x32__c128__l3__trace-off
0.0,0.0,0.0,p100,,16x16x32x32,2,3,0.0,0.0,0.0,0.0,0.0,c128,0.0,0.0,0.0,0.0,quda,445.0,0.0,off,p100__16x16x32x32__c128__l3__trace-off
0.0,0.0,0.0,p100,9.20857903521626e-09,16x16x32x32,0,3,97.88921472099986,230.0,5.315543883999998,230.0,5.388582327000002,c128,0.0,0.7755165419999998,0.0,0.6561550120000004,pyqcu,230.0,110.02501248599987,on,p100__16x16x32x32__c128__l3__trace-on
0.0,0.0,47.080195431999975,p100,,16x16x32x32,1,3,10.773011893000046,230.0,5.007003694999996,230.0,5.064602128999998,c128,230.0,0.23116414400000018,230.0,0.101721028,pyqcu,230.0,68.25769832100002,on,p100__16x16x32x32__c128__l3__trace-on
230.0,690.0,14.781028158999986,p100,,16x16x32x32,2,3,0.9614973690000017,0.0,0.0,0.0,0.0,c128,0.0,0.0,0.0,0.0,pyqcu,230.0,15.742525527999987,on,p100__16x16x32x32__c128__l3__trace-on
0.0,445.0,40.53486982099992,p100,9.342155660594684e-09,16x16x32x32,0,3,0.011393912999949407,445.0,15.687372978000127,445.0,7.370815322999867,c128,0.0,0.3735765800000337,0.0,0.7298103369999325,quda,445.0,64.70783895199983,on,p100__16x16x32x32__c128__l3__trace-on
0.0,3540.0,9.798508366999755,p100,,16x16x32x32,1,3,0.011430618000197512,445.0,11.924810718000089,445.0,6.118824470000057,c128,0.0,0.09956073899989093,0.0,0.13144674000017176,quda,445.0,28.08458165200016,on,p100__16x16x32x32__c128__l3__trace-on
0.0,0.0,0.0,p100,,16x16x32x32,2,3,0.0,0.0,0.0,0.0,0.0,c128,0.0,0.0,0.0,0.0,quda,445.0,0.0,on,p100__16x16x32x32__c128__l3__trace-on
0.0,0.0,0.0,p100,1.7441675310968914e-08,8x8x8x16,0,2,30.446295080007985,0.0,0.0,0.0,0.0,c128,0.0,0.0,0.0,0.0,pyqcu,69.0,30.446295080007985,off,p100__8x8x8x16__c128__l2__trace-off
0.0,0.0,0.0,p100,,8x8x8x16,1,2,0.0,0.0,0.0,0.0,0.0,c128,0.0,0.0,0.0,0.0,pyqcu,69.0,0.0,off,p100__8x8x8x16__c128__l2__trace-off
0.0,0.0,0.0,p100,1.8930485013884333e-08,8x8x8x16,0,2,39.1596589180117,0.0,0.0,0.0,0.0,c128,0.0,0.0,0.0,0.0,quda,225.0,39.1596589180117,off,p100__8x8x8x16__c128__l2__trace-off
0.0,0.0,0.0,p100,,8x8x8x16,1,2,0.0,0.0,0.0,0.0,0.0,c128,0.0,0.0,0.0,0.0,quda,225.0,0.0,off,p100__8x8x8x16__c128__l2__trace-off
0.0,0.0,0.0,p100,5.8853677841810815e-09,8x8x8x16,0,2,26.00563008399999,67.0,0.764381705,67.0,0.8035878820000001,c128,0.0,0.045735365000000014,0.0,0.019218307999999993,pyqcu,67.0,27.638553343999988,on,p100__8x8x8x16__c128__l2__trace-on
67.0,1896.0,37.496033724000014,p100,,8x8x8x16,1,2,0.31222553100000283,0.0,0.0,0.0,0.0,c128,0.0,0.0,0.0,0.0,pyqcu,67.0,37.80825925500002,on,p100__8x8x8x16__c128__l2__trace-on
0.0,13860.0,23.295519747000036,p100,9.847665637102992e-09,8x8x8x16,0,2,0.005283011999953402,225.0,1.7953875310000296,225.0,1.1539095609999688,c128,0.0,0.03211740699998522,0.0,0.03819275499999897,quda,225.0,26.32041001299997,on,p100__8x8x8x16__c128__l2__trace-on
0.0,0.0,0.0,p100,,8x8x8x16,1,2,0.0,0.0,0.0,0.0,0.0,c128,0.0,0.0,0.0,0.0,quda,225.0,0.0,on,p100__8x8x8x16__c128__l2__trace-on
0.0,0.0,0.0,p100,1.7389419118601493e-08,8x8x8x16,0,3,23.979966301034437,0.0,0.0,0.0,0.0,c128,0.0,0.0,0.0,0.0,pyqcu,75.0,23.979966301034437,off,p100__8x8x8x16__c128__l3__trace-off
0.0,0.0,0.0,p100,,8x8x8x16,1,3,0.0,0.0,0.0,0.0,0.0,c128,0.0,0.0,0.0,0.0,pyqcu,75.0,0.0,off,p100__8x8x8x16__c128__l3__trace-off
0.0,0.0,0.0,p100,,8x8x8x16,2,3,0.0,0.0,0.0,0.0,0.0,c128,0.0,0.0,0.0,0.0,pyqcu,75.0,0.0,off,p100__8x8x8x16__c128__l3__trace-off
0.0,0.0,0.0,p100,1.890054108130341e-08,8x8x8x16,0,3,28.66001409702585,0.0,0.0,0.0,0.0,c128,0.0,0.0,0.0,0.0,quda,225.0,28.66001409702585,off,p100__8x8x8x16__c128__l3__trace-off
0.0,0.0,0.0,p100,,8x8x8x16,1,3,0.0,0.0,0.0,0.0,0.0,c128,0.0,0.0,0.0,0.0,quda,225.0,0.0,off,p100__8x8x8x16__c128__l3__trace-off
0.0,0.0,0.0,p100,,8x8x8x16,2,3,0.0,0.0,0.0,0.0,0.0,c128,0.0,0.0,0.0,0.0,quda,225.0,0.0,off,p100__8x8x8x16__c128__l3__trace-off
0.0,0.0,0.0,p100,3.572070358277915e-09,8x8x8x16,0,3,26.124991484000002,81.0,0.9339566830000002,81.0,0.8866071620000001,c128,0.0,0.02322157500000001,0.0,0.046251828999999994,pyqcu,81.0,28.015028733,on,p100__8x8x8x16__c128__l3__trace-on
0.0,0.0,17.621939351,p100,,8x8x8x16,1,3,0.5810301089999861,81.0,0.39628935099999985,81.0,0.34425046600000003,c128,81.0,0.027698028000000003,81.0,0.05264282300000002,pyqcu,81.0,19.02385012799999,on,p100__8x8x8x16__c128__l3__trace-on
81.0,1597.0,28.82200209400001,p100,,8x8x8x16,2,3,0.2746401689999942,0.0,0.0,0.0,0.0,c128,0.0,0.0,0.0,0.0,pyqcu,81.0,29.096642263000003,on,p100__8x8x8x16__c128__l3__trace-on
0.0,225.0,16.455334490999977,p100,9.755068640226623e-09,8x8x8x16,0,3,0.005610936000028488,225.0,1.9308309679999809,225.0,1.1476720559999816,c128,0.0,0.03073353099998677,0.0,0.03531591199999262,quda,225.0,19.60549789399995,on,p100__8x8x8x16__c128__l3__trace-on
0.0,10820.0,12.975974364999969,p100,,8x8x8x16,1,3,0.005294323999999406,225.0,1.1548285660000523,225.0,0.7270904539999847,c128,0.0,0.027041595000010687,0.0,0.027694242999995566,quda,225.0,14.917923547000012,on,p100__8x8x8x16__c128__l3__trace-on
0.0,0.0,0.0,p100,,8x8x8x16,2,3,0.0,0.0,0.0,0.0,0.0,c128,0.0,0.0,0.0,0.0,quda,225.0,0.0,on,p100__8x8x8x16__c128__l3__trace-on
0.0,0.0,0.0,p100,7.268769008611918e-07,8x8x8x16,0,2,5.389207178974175,0.0,0.0,0.0,0.0,c64,0.0,0.0,0.0,0.0,pyqcu,45.0,5.389207178974175,off,p100__8x8x8x16__c64__l2__trace-off
0.0,0.0,0.0,p100,,8x8x8x16,1,2,0.0,0.0,0.0,0.0,0.0,c64,0.0,0.0,0.0,0.0,pyqcu,45.0,0.0,off,p100__8x8x8x16__c64__l2__trace-off
0.0,0.0,0.0,p100,7.966061556106077e-07,8x8x8x16,0,2,15.831756469022366,0.0,0.0,0.0,0.0,c64,0.0,0.0,0.0,0.0,quda,160.0,15.831756469022366,off,p100__8x8x8x16__c64__l2__trace-off
0.0,0.0,0.0,p100,,8x8x8x16,1,2,0.0,0.0,0.0,0.0,0.0,c64,0.0,0.0,0.0,0.0,quda,160.0,0.0,off,p100__8x8x8x16__c64__l2__trace-off
0.0,0.0,0.0,p100,4.5428942030412145e-07,8x8x8x16,0,2,5.338886718999996,46.0,0.27053318899999995,46.0,0.270699694,c64,0.0,0.004755194,0.0,0.007490870000000001,pyqcu,46.0,5.892365665999996,on,p100__8x8x8x16__c64__l2__trace-on
46.0,658.0,5.165114620000001,p100,,8x8x8x16,1,2,0.06131392999999896,0.0,0.0,0.0,0.0,c64,0.0,0.0,0.0,0.0,pyqcu,46.0,5.22642855,on,p100__8x8x8x16__c64__l2__trace-on
0.0,3460.0,2.6572921419999993,p100,9.992988052553223e-07,8x8x8x16,0,2,0.003945956000022122,160.0,0.6933929730000017,160.0,0.4169661229999875,c64,0.0,0.019152175999996857,0.0,0.020347063000000887,quda,160.0,3.8110964330000083,on,p100__8x8x8x16__c64__l2__trace-on
0.0,0.0,0.0,p100,,8x8x8x16,1,2,0.0,0.0,0.0,0.0,0.0,c64,0.0,0.0,0.0,0.0,quda,160.0,0.0,on,p100__8x8x8x16__c64__l2__trace-on
0.0,0.0,0.0,p100,6.707607811312686e-07,8x8x8x16,0,3,5.907402434007963,0.0,0.0,0.0,0.0,c64,0.0,0.0,0.0,0.0,pyqcu,50.0,5.907402434007963,off,p100__8x8x8x16__c64__l3__trace-off
0.0,0.0,0.0,p100,,8x8x8x16,1,3,0.0,0.0,0.0,0.0,0.0,c64,0.0,0.0,0.0,0.0,pyqcu,50.0,0.0,off,p100__8x8x8x16__c64__l3__trace-off
0.0,0.0,0.0,p100,,8x8x8x16,2,3,0.0,0.0,0.0,0.0,0.0,c64,0.0,0.0,0.0,0.0,pyqcu,50.0,0.0,off,p100__8x8x8x16__c64__l3__trace-off
0.0,0.0,0.0,p100,7.870801949072523e-07,8x8x8x16,0,3,16.431251210029586,0.0,0.0,0.0,0.0,c64,0.0,0.0,0.0,0.0,quda,160.0,16.431251210029586,off,p100__8x8x8x16__c64__l3__trace-off
0.0,0.0,0.0,p100,,8x8x8x16,1,3,0.0,0.0,0.0,0.0,0.0,c64,0.0,0.0,0.0,0.0,quda,160.0,0.0,off,p100__8x8x8x16__c64__l3__trace-off
0.0,0.0,0.0,p100,,8x8x8x16,2,3,0.0,0.0,0.0,0.0,0.0,c64,0.0,0.0,0.0,0.0,quda,160.0,0.0,off,p100__8x8x8x16__c64__l3__trace-off
0.0,0.0,0.0,p100,8.821747883303033e-07,8x8x8x16,0,3,7.0648148479999975,52.0,0.3465694479999999,52.0,0.337085863,c64,0.0,0.0074107520000000005,0.0,0.007825378999999999,pyqcu,52.0,7.763706289999997,on,p100__8x8x8x16__c64__l3__trace-on
0.0,0.0,3.823227464999999,p100,,8x8x8x16,1,3,0.14101800099999995,52.0,0.08591024100000001,52.0,0.09519720899999999,c64,52.0,0.0063871940000000006,52.0,0.011027974000000001,pyqcu,52.0,4.162768083999999,on,p100__8x8x8x16__c64__l3__trace-on
52.0,693.0,5.833044290000004,p100,,8x8x8x16,2,3,0.07387651199999645,0.0,0.0,0.0,0.0,c64,0.0,0.0,0.0,0.0,pyqcu,52.0,5.906920802,on,p100__8x8x8x16__c64__l3__trace-on
0.0,160.0,3.6293260200000006,p100,9.8696912366722e-07,8x8x8x16,0,3,0.0035726300000007427,160.0,0.7149225659999825,160.0,0.42077201499999894,c64,0.0,0.021383615999988947,0.0,0.02377866200000689,quda,160.0,4.813755508999979,on,p100__8x8x8x16__c64__l3__trace-on
0.0,3520.0,2.253674012999994,p100,,8x8x8x16,1,3,0.0035070050000101105,160.0,0.42864660400000254,160.0,0.28242723699999495,c64,0.0,0.017987903000001637,0.0,0.020093128999999266,quda,160.0,3.0063358910000026,on,p100__8x8x8x16__c64__l3__trace-on
0.0,0.0,0.0,p100,,8x8x8x16,2,3,0.0,0.0,0.0,0.0,0.0,c64,0.0,0.0,0.0,0.0,quda,160.0,0.0,on,p100__8x8x8x16__c64__l3__trace-on
0.0,0.0,0.0,v100,1.787849433029457e-08,16x16x16x16,0,2,5.221202981003444,0.0,0.0,0.0,0.0,c128,0.0,0.0,0.0,0.0,pyqcu,200.0,5.221202981003444,off,v100__16x16x16x16__c128__l2__trace-off
0.0,0.0,0.0,v100,,16x16x16x16,1,2,0.0,0.0,0.0,0.0,0.0,c128,0.0,0.0,0.0,0.0,pyqcu,200.0,0.0,off,v100__16x16x16x16__c128__l2__trace-off
0.0,0.0,0.0,v100,1.8177733788006295e-08,16x16x16x16,0,2,10.60013675200753,0.0,0.0,0.0,0.0,c128,0.0,0.0,0.0,0.0,quda,425.0,10.60013675200753,off,v100__16x16x16x16__c128__l2__trace-off
0.0,0.0,0.0,v100,,16x16x16x16,1,2,0.0,0.0,0.0,0.0,0.0,c128,0.0,0.0,0.0,0.0,quda,425.0,0.0,off,v100__16x16x16x16__c128__l2__trace-off
0.0,0.0,0.0,v100,7.866597349751762e-09,16x16x16x16,0,2,5.916998742999992,200.0,0.15022391800000004,200.0,0.14749196500000006,c128,0.0,0.11260931900000001,0.0,0.12438677199999996,pyqcu,200.0,6.451710716999992,on,v100__16x16x16x16__c128__l2__trace-on
200.0,1220.0,5.603003555999996,v100,,16x16x16x16,1,2,0.2836251940000043,0.0,0.0,0.0,0.0,c128,0.0,0.0,0.0,0.0,pyqcu,200.0,5.886628750000001,on,v100__16x16x16x16__c128__l2__trace-on
0.0,5100.0,3.8785500969999775,v100,8.795035410618744e-09,16x16x16x16,0,2,0.010051738000024457,425.0,0.9014330339999832,425.0,0.6448588820000083,c128,0.0,0.11645011999999877,0.0,0.18164579399998804,quda,425.0,5.73298966499998,on,v100__16x16x16x16__c128__l2__trace-on
0.0,0.0,0.0,v100,,16x16x16x16,1,2,0.0,0.0,0.0,0.0,0.0,c128,0.0,0.0,0.0,0.0,quda,425.0,0.0,on,v100__16x16x16x16__c128__l2__trace-on
0.0,0.0,0.0,v100,1.8324207587495086e-08,16x16x16x16,0,3,3.0653217650105944,0.0,0.0,0.0,0.0,c128,0.0,0.0,0.0,0.0,pyqcu,220.0,3.0653217650105944,off,v100__16x16x16x16__c128__l3__trace-off
0.0,0.0,0.0,v100,,16x16x16x16,1,3,0.0,0.0,0.0,0.0,0.0,c128,0.0,0.0,0.0,0.0,pyqcu,220.0,0.0,off,v100__16x16x16x16__c128__l3__trace-off
0.0,0.0,0.0,v100,,16x16x16x16,2,3,0.0,0.0,0.0,0.0,0.0,c128,0.0,0.0,0.0,0.0,pyqcu,220.0,0.0,off,v100__16x16x16x16__c128__l3__trace-off
0.0,0.0,0.0,v100,1.8303539260337295e-08,16x16x16x16,0,3,9.868622508001863,0.0,0.0,0.0,0.0,c128,0.0,0.0,0.0,0.0,quda,435.0,9.868622508001863,off,v100__16x16x16x16__c128__l3__trace-off
0.0,0.0,0.0,v100,,16x16x16x16,1,3,0.0,0.0,0.0,0.0,0.0,c128,0.0,0.0,0.0,0.0,quda,435.0,0.0,off,v100__16x16x16x16__c128__l3__trace-off
0.0,0.0,0.0,v100,,16x16x16x16,2,3,0.0,0.0,0.0,0.0,0.0,c128,0.0,0.0,0.0,0.0,quda,435.0,0.0,off,v100__16x16x16x16__c128__l3__trace-off
0.0,0.0,0.0,v100,9.372255052132049e-09,16x16x16x16,0,3,6.355336960000006,220.0,0.15803437299999992,220.0,0.16600574199999996,c128,0.0,0.1121198020000001,0.0,0.14254992200000002,pyqcu,220.0,6.934046799000006,on,v100__16x16x16x16__c128__l3__trace-on
0.0,0.0,3.4390799760000017,v100,,16x16x16x16,1,3,0.5087454019999882,220.0,0.23350962499999994,220.0,0.22772969299999993,c128,220.0,0.04271809699999998,220.0,0.04251819700000002,pyqcu,220.0,4.4943009899999895,on,v100__16x16x16x16__c128__l3__trace-on
220.0,440.0,0.8670355190000006,v100,,16x16x16x16,2,3,0.10374373200000009,0.0,0.0,0.0,0.0,c128,0.0,0.0,0.0,0.0,pyqcu,220.0,0.9707792510000007,on,v100__16x16x16x16__c128__l3__trace-on
0.0,435.0,4.121351914999996,v100,9.18769560938049e-09,16x16x16x16,0,3,0.009762037000025536,435.0,0.8947800639999883,435.0,0.6523747059999967,c128,0.0,0.11364772500001408,0.0,0.18189433399998478,quda,435.0,5.973810781000005,on,v100__16x16x16x16__c128__l3__trace-on
0.0,1740.0,0.7875310920000214,v100,,16x16x16x16,1,3,0.010061444000019293,435.0,0.9991046440000066,435.0,0.6924845119999832,c128,0.0,0.051250309999983035,0.0,0.05751445499999308,quda,435.0,2.5979464570000066,on,v100__16x16x16x16__c128__l3__trace-on
0.0,0.0,0.0,v100,,16x16x16x16,2,3,0.0,0.0,0.0,0.0,0.0,c128,0.0,0.0,0.0,0.0,quda,435.0,0.0,on,v100__16x16x16x16__c128__l3__trace-on
0.0,0.0,0.0,v100,4.624468249920541e-07,16x16x16x16,0,2,1.4388624869752675,0.0,0.0,0.0,0.0,c64,0.0,0.0,0.0,0.0,pyqcu,150.0,1.4388624869752675,off,v100__16x16x16x16__c64__l2__trace-off
0.0,0.0,0.0,v100,,16x16x16x16,1,2,0.0,0.0,0.0,0.0,0.0,c64,0.0,0.0,0.0,0.0,pyqcu,150.0,0.0,off,v100__16x16x16x16__c64__l2__trace-off
0.0,0.0,0.0,v100,6.906357992555281e-07,16x16x16x16,0,2,12.722763513040263,0.0,0.0,0.0,0.0,c64,0.0,0.0,0.0,0.0,quda,290.0,12.722763513040263,off,v100__16x16x16x16__c64__l2__trace-off
0.0,0.0,0.0,v100,,16x16x16x16,1,2,0.0,0.0,0.0,0.0,0.0,c64,0.0,0.0,0.0,0.0,quda,290.0,0.0,off,v100__16x16x16x16__c64__l2__trace-off
0.0,0.0,0.0,v100,5.346362854652398e-07,16x16x16x16,0,2,2.0293113499999995,150.0,0.044605217999999995,150.0,0.048812973,c64,0.0,0.03906496900000001,0.0,0.039269089000000014,pyqcu,150.0,2.2010635989999994,on,v100__16x16x16x16__c64__l2__trace-on
150.0,605.0,1.4199699290000003,v100,,16x16x16x16,1,2,0.08769922699999966,0.0,0.0,0.0,0.0,c64,0.0,0.0,0.0,0.0,pyqcu,150.0,1.507669156,on,v100__16x16x16x16__c64__l2__trace-on
0.0,2320.0,1.12417751499998,v100,8.638541712086298e-07,16x16x16x16,0,2,0.006412404000020189,290.0,0.4632534649999922,290.0,0.34230550499998813,c64,0.0,0.0402581110000213,0.0,0.06435161699999625,quda,290.0,2.040758616999998,on,v100__16x16x16x16__c64__l2__trace-on
0.0,0.0,0.0,v100,,16x16x16x16,1,2,0.0,0.0,0.0,0.0,0.0,c64,0.0,0.0,0.0,0.0,quda,290.0,0.0,on,v100__16x16x16x16__c64__l2__trace-on
0.0,0.0,0.0,v100,5.797549791077908e-07,16x16x16x16,0,3,1.0781722319807159,0.0,0.0,0.0,0.0,c64,0.0,0.0,0.0,0.0,pyqcu,155.0,1.0781722319807159,off,v100__16x16x16x16__c64__l3__trace-off
0.0,0.0,0.0,v100,,16x16x16x16,1,3,0.0,0.0,0.0,0.0,0.0,c64,0.0,0.0,0.0,0.0,pyqcu,155.0,0.0,off,v100__16x16x16x16__c64__l3__trace-off
0.0,0.0,0.0,v100,,16x16x16x16,2,3,0.0,0.0,0.0,0.0,0.0,c64,0.0,0.0,0.0,0.0,pyqcu,155.0,0.0,off,v100__16x16x16x16__c64__l3__trace-off
0.0,0.0,0.0,v100,7.033264284294486e-07,16x16x16x16,0,3,10.846670379003626,0.0,0.0,0.0,0.0,c64,0.0,0.0,0.0,0.0,quda,295.0,10.846670379003626,off,v100__16x16x16x16__c64__l3__trace-off
0.0,0.0,0.0,v100,,16x16x16x16,1,3,0.0,0.0,0.0,0.0,0.0,c64,0.0,0.0,0.0,0.0,quda,295.0,0.0,off,v100__16x16x16x16__c64__l3__trace-off
0.0,0.0,0.0,v100,,16x16x16x16,2,3,0.0,0.0,0.0,0.0,0.0,c64,0.0,0.0,0.0,0.0,quda,295.0,0.0,off,v100__16x16x16x16__c64__l3__trace-off
0.0,0.0,0.0,v100,6.953737283765804e-07,16x16x16x16,0,3,2.7819348619999977,155.0,0.04717879200000001,155.0,0.05361411900000004,c64,0.0,0.040443152999999996,0.0,0.04146161600000001,pyqcu,155.0,2.9646325419999977,on,v100__16x16x16x16__c64__l3__trace-on
0.0,0.0,1.5818436710000006,v100,,16x16x16x16,1,3,0.15944564400000094,155.0,0.07115295599999996,155.0,0.07618198800000003,c64,155.0,0.014157826000000004,155.0,0.018257693999999998,pyqcu,155.0,1.9210397790000016,on,v100__16x16x16x16__c64__l3__trace-on
155.0,260.0,0.4384663080000001,v100,,16x16x16x16,2,3,0.04282291700000013,0.0,0.0,0.0,0.0,c64,0.0,0.0,0.0,0.0,pyqcu,155.0,0.4812892250000002,on,v100__16x16x16x16__c64__l3__trace-on
0.0,295.0,2.364678046000005,v100,8.803128597339099e-07,16x16x16x16,0,3,0.007074845999991197,295.0,0.4999361179999955,295.0,0.36844288600000574,c64,0.0,0.045457549000010644,0.0,0.06889171499998348,quda,295.0,3.3544811599999917,on,v100__16x16x16x16__c64__l3__trace-on
0.0,1180.0,0.5288586350000184,v100,,16x16x16x16,1,3,0.007033942999992604,295.0,0.5182274629999792,295.0,0.3943437080000134,c64,0.0,0.0338205100000053,0.0,0.029637056999996858,quda,295.0,1.5119213160000058,on,v100__16x16x16x16__c64__l3__trace-on
0.0,0.0,0.0,v100,,16x16x16x16,2,3,0.0,0.0,0.0,0.0,0.0,c64,0.0,0.0,0.0,0.0,quda,295.0,0.0,on,v100__16x16x16x16__c64__l3__trace-on
0.0,0.0,0.0,v100,1.8482845667697538e-08,16x16x32x32,0,2,46.65812740800902,0.0,0.0,0.0,0.0,c128,0.0,0.0,0.0,0.0,pyqcu,205.0,46.65812740800902,off,v100__16x16x32x32__c128__l2__trace-off
0.0,0.0,0.0,v100,,16x16x32x32,1,2,0.0,0.0,0.0,0.0,0.0,c128,0.0,0.0,0.0,0.0,pyqcu,205.0,0.0,off,v100__16x16x32x32__c128__l2__trace-off
0.0,0.0,0.0,v100,1.8282242606263272e-08,16x16x32x32,0,2,28.673084211011883,0.0,0.0,0.0,0.0,c128,0.0,0.0,0.0,0.0,quda,425.0,28.673084211011883,off,v100__16x16x32x32__c128__l2__trace-off
0.0,0.0,0.0,v100,,16x16x32x32,1,2,0.0,0.0,0.0,0.0,0.0,c128,0.0,0.0,0.0,0.0,quda,425.0,0.0,off,v100__16x16x32x32__c128__l2__trace-off
0.0,0.0,0.0,v100,9.838361301553413e-09,16x16x32x32,0,2,21.91870044699994,205.0,0.5207172350000001,205.0,0.5685800939999999,c128,0.0,0.4703319030000004,0.0,0.5817199820000001,pyqcu,205.0,24.06004966099994,on,v100__16x16x32x32__c128__l2__trace-on
205.0,1440.0,26.781828296999997,v100,,16x16x32x32,1,2,1.0485047469999813,0.0,0.0,0.0,0.0,c128,0.0,0.0,0.0,0.0,pyqcu,205.0,27.83033304399998,on,v100__16x16x32x32__c128__l2__trace-on
0.0,6260.0,14.292545208999973,v100,9.22476256521083e-09,16x16x32x32,0,2,0.009516233000073981,425.0,1.6235332779999485,425.0,1.135737609000019,c128,0.0,0.3273688720000063,0.0,0.5559822910000101,quda,425.0,17.94468349200003,on,v100__16x16x32x32__c128__l2__trace-on
0.0,0.0,0.0,v100,,16x16x32x32,1,2,0.0,0.0,0.0,0.0,0.0,c128,0.0,0.0,0.0,0.0,quda,425.0,0.0,on,v100__16x16x32x32__c128__l2__trace-on
0.0,0.0,0.0,v100,1.819593256494243e-08,16x16x32x32,0,3,11.583492272984586,0.0,0.0,0.0,0.0,c128,0.0,0.0,0.0,0.0,pyqcu,230.0,11.583492272984586,off,v100__16x16x32x32__c128__l3__trace-off
0.0,0.0,0.0,v100,,16x16x32x32,1,3,0.0,0.0,0.0,0.0,0.0,c128,0.0,0.0,0.0,0.0,pyqcu,230.0,0.0,off,v100__16x16x32x32__c128__l3__trace-off
0.0,0.0,0.0,v100,,16x16x32x32,2,3,0.0,0.0,0.0,0.0,0.0,c128,0.0,0.0,0.0,0.0,pyqcu,230.0,0.0,off,v100__16x16x32x32__c128__l3__trace-off
0.0,0.0,0.0,v100,1.8309969892955924e-08,16x16x32x32,0,3,20.784609858004842,0.0,0.0,0.0,0.0,c128,0.0,0.0,0.0,0.0,quda,445.0,20.784609858004842,off,v100__16x16x32x32__c128__l3__trace-off
0.0,0.0,0.0,v100,,16x16x32x32,1,3,0.0,0.0,0.0,0.0,0.0,c128,0.0,0.0,0.0,0.0,quda,445.0,0.0,off,v100__16x16x32x32__c128__l3__trace-off
0.0,0.0,0.0,v100,,16x16x32x32,2,3,0.0,0.0,0.0,0.0,0.0,c128,0.0,0.0,0.0,0.0,quda,445.0,0.0,off,v100__16x16x32x32__c128__l3__trace-off
0.0,0.0,0.0,v100,8.959648100597796e-09,16x16x32x32,0,3,16.99915659200002,230.0,0.5731733019999998,230.0,0.6185437509999998,c128,0.0,0.5170838610000004,0.0,0.6390928969999996,pyqcu,230.0,19.34705040300002,on,v100__16x16x32x32__c128__l3__trace-on
0.0,0.0,9.129314673000003,v100,,16x16x32x32,1,3,2.105269423999978,230.0,0.940850999,230.0,0.9529097699999992,c128,230.0,0.07854729200000003,230.0,0.07195902700000001,pyqcu,230.0,13.278851184999981,on,v100__16x16x32x32__c128__l3__trace-on
230.0,690.0,1.2849938659999998,v100,,16x16x32x32,2,3,0.1268476930000011,0.0,0.0,0.0,0.0,c128,0.0,0.0,0.0,0.0,pyqcu,230.0,1.4118415590000009,on,v100__16x16x32x32__c128__l3__trace-on
0.0,445.0,8.497585025999996,v100,9.342155660512418e-09,16x16x32x32,0,3,0.011285327999990713,445.0,1.732966263999999,445.0,1.1512960890000326,c128,0.0,0.34012483499999213,0.0,0.6101765600000002,quda,445.0,12.34343410200001,on,v100__16x16x32x32__c128__l3__trace-on
0.0,3540.0,1.6073309880000082,v100,,16x16x32x32,1,3,0.01077360299997654,445.0,2.3178646269999783,445.0,1.3746646219999947,c128,0.0,0.0679677679999795,0.0,0.09282265900000475,quda,445.0,5.471424266999942,on,v100__16x16x32x32__c128__l3__trace-on
0.0,0.0,0.0,v100,,16x16x32x32,2,3,0.0,0.0,0.0,0.0,0.0,c128,0.0,0.0,0.0,0.0,quda,445.0,0.0,on,v100__16x16x32x32__c128__l3__trace-on
0.0,0.0,0.0,v100,3.60153844456708e-07,16x32x32x48,0,2,13.605885716024204,0.0,0.0,0.0,0.0,c64,0.0,0.0,0.0,0.0,pyqcu,55.0,13.605885716024204,off,v100__16x32x32x48__c64__l2__trace-off
0.0,0.0,0.0,v100,,16x32x32x48,1,2,0.0,0.0,0.0,0.0,0.0,c64,0.0,0.0,0.0,0.0,pyqcu,55.0,0.0,off,v100__16x32x32x48__c64__l2__trace-off
0.0,0.0,0.0,v100,7.302857579722028e-07,16x32x32x48,0,2,18.89020398701541,0.0,0.0,0.0,0.0,c64,0.0,0.0,0.0,0.0,quda,185.0,18.89020398701541,off,v100__16x32x32x48__c64__l2__trace-off
0.0,0.0,0.0,v100,,16x32x32x48,1,2,0.0,0.0,0.0,0.0,0.0,c64,0.0,0.0,0.0,0.0,quda,185.0,0.0,off,v100__16x32x32x48__c64__l2__trace-off
0.0,0.0,0.0,v100,4.065064445057942e-07,16x32x32x48,0,2,13.798765259000007,55.0,0.190280257,55.0,0.19790320600000003,c64,0.0,0.18411648900000002,0.0,0.24310188199999996,pyqcu,55.0,14.614167093000006,on,v100__16x32x32x48__c64__l2__trace-on
55.0,740.0,21.49520544400001,v100,,16x32x32x48,1,2,0.4576904709999887,0.0,0.0,0.0,0.0,c64,0.0,0.0,0.0,0.0,pyqcu,55.0,21.952895915,on,v100__16x32x32x48__c64__l2__trace-on
0.0,3060.0,10.569350581999997,v100,9.139986546122218e-07,16x32x32x48,0,2,0.0048855940000116505,185.0,0.9242686819999957,185.0,0.6321812029999911,c64,0.0,0.22342382099999902,0.0,0.4490751609999819,quda,185.0,12.803185042999976,on,v100__16x32x32x48__c64__l2__trace-on
0.0,0.0,0.0,v100,,16x32x32x48,1,2,0.0,0.0,0.0,0.0,0.0,c64,0.0,0.0,0.0,0.0,quda,185.0,0.0,on,v100__16x32x32x48__c64__l2__trace-on
0.0,0.0,0.0,v100,4.901157500138816e-07,16x32x32x48,0,3,5.7196109909855295,0.0,0.0,0.0,0.0,c64,0.0,0.0,0.0,0.0,pyqcu,70.0,5.7196109909855295,off,v100__16x32x32x48__c64__l3__trace-off
0.0,0.0,0.0,v100,,16x32x32x48,1,3,0.0,0.0,0.0,0.0,0.0,c64,0.0,0.0,0.0,0.0,pyqcu,70.0,0.0,off,v100__16x32x32x48__c64__l3__trace-off
0.0,0.0,0.0,v100,,16x32x32x48,2,3,0.0,0.0,0.0,0.0,0.0,c64,0.0,0.0,0.0,0.0,pyqcu,70.0,0.0,off,v100__16x32x32x48__c64__l3__trace-off
0.0,0.0,0.0,v100,7.328100192340559e-07,16x32x32x48,0,3,11.417119329998968,0.0,0.0,0.0,0.0,c64,0.0,0.0,0.0,0.0,quda,195.0,11.417119329998968,off,v100__16x32x32x48__c64__l3__trace-off
0.0,0.0,0.0,v100,,16x32x32x48,1,3,0.0,0.0,0.0,0.0,0.0,c64,0.0,0.0,0.0,0.0,quda,195.0,0.0,off,v100__16x32x32x48__c64__l3__trace-off
0.0,0.0,0.0,v100,,16x32x32x48,2,3,0.0,0.0,0.0,0.0,0.0,c64,0.0,0.0,0.0,0.0,quda,195.0,0.0,off,v100__16x32x32x48__c64__l3__trace-off
0.0,0.0,0.0,v100,5.854213327438629e-07,16x32x32x48,0,3,7.775578107000019,70.0,0.254837622,70.0,0.28223644300000006,c64,0.0,0.239307398,0.0,0.2866573000000001,pyqcu,70.0,8.838616870000019,on,v100__16x32x32x48__c64__l3__trace-on
0.0,0.0,4.449753745000001,v100,,16x32x32x48,1,3,1.0158404510000008,70.0,0.48466645199999997,70.0,0.4605374119999999,c64,70.0,0.030955943,70.0,0.030194091000000003,pyqcu,70.0,6.471948094000002,on,v100__16x32x32x48__c64__l3__trace-on
70.0,485.0,1.009201863,v100,,16x32x32x48,2,3,0.04638044599999991,0.0,0.0,0.0,0.0,c64,0.0,0.0,0.0,0.0,pyqcu,70.0,1.0555823089999998,on,v100__16x32x32x48__c64__l3__trace-on
0.0,195.0,5.377304656000028,v100,9.176093112325302e-07,16x32x32x48,0,3,0.0054199190000385755,195.0,1.0379410000000195,195.0,0.6656681100000048,c64,0.0,0.2582831660000018,0.0,0.4730465149999885,quda,195.0,7.817663366000081,on,v100__16x32x32x48__c64__l3__trace-on
0.0,2300.0,1.1234661070000023,v100,,16x32x32x48,1,3,0.00577583100000556,195.0,1.4698105720000045,195.0,0.8448606839999986,c64,0.0,0.043774636000001976,0.0,0.05557482600000441,quda,195.0,3.5432626560000173,on,v100__16x32x32x48__c64__l3__trace-on
0.0,0.0,0.0,v100,,16x32x32x48,2,3,0.0,0.0,0.0,0.0,0.0,c64,0.0,0.0,0.0,0.0,quda,195.0,0.0,on,v100__16x32x32x48__c64__l3__trace-on
0.0,0.0,0.0,v100,1.750136068885924e-08,8x8x8x16,0,2,1.1011804330046289,0.0,0.0,0.0,0.0,c128,0.0,0.0,0.0,0.0,pyqcu,65.0,1.1011804330046289,off,v100__8x8x8x16__c128__l2__trace-off
0.0,0.0,0.0,v100,,8x8x8x16,1,2,0.0,0.0,0.0,0.0,0.0,c128,0.0,0.0,0.0,0.0,pyqcu,65.0,0.0,off,v100__8x8x8x16__c128__l2__trace-off
0.0,0.0,0.0,v100,1.8930485014187895e-08,8x8x8x16,0,2,9.089920768994489,0.0,0.0,0.0,0.0,c128,0.0,0.0,0.0,0.0,quda,225.0,9.089920768994489,off,v100__8x8x8x16__c128__l2__trace-off
0.0,0.0,0.0,v100,,8x8x8x16,1,2,0.0,0.0,0.0,0.0,0.0,c128,0.0,0.0,0.0,0.0,quda,225.0,0.0,off,v100__8x8x8x16__c128__l2__trace-off
0.0,0.0,0.0,v100,3.629518981805679e-09,8x8x8x16,0,2,1.3021685120000004,65.0,0.019148695999999993,65.0,0.024065368000000004,c128,0.0,0.011120936000000001,0.0,0.012717724999999994,pyqcu,65.0,1.3692212370000003,on,v100__8x8x8x16__c128__l2__trace-on
65.0,1835.0,1.3914363059999995,v100,,8x8x8x16,1,2,0.033937839000000025,0.0,0.0,0.0,0.0,c128,0.0,0.0,0.0,0.0,pyqcu,65.0,1.4253741449999995,on,v100__8x8x8x16__c128__l2__trace-on
0.0,13860.0,4.137389768999999,v100,9.847665636766708e-09,8x8x8x16,0,2,0.005127693000003042,225.0,0.4004435249999956,225.0,0.3002534800000065,c128,0.0,0.02747887499999324,0.0,0.0387342150000034,quda,225.0,4.909427557000002,on,v100__8x8x8x16__c128__l2__trace-on
0.0,0.0,0.0,v100,,8x8x8x16,1,2,0.0,0.0,0.0,0.0,0.0,c128,0.0,0.0,0.0,0.0,quda,225.0,0.0,on,v100__8x8x8x16__c128__l2__trace-on
0.0,0.0,0.0,v100,1.7421887702021227e-08,8x8x8x16,0,3,0.7483862770313863,0.0,0.0,0.0,0.0,c128,0.0,0.0,0.0,0.0,pyqcu,70.0,0.7483862770313863,off,v100__8x8x8x16__c128__l3__trace-off
0.0,0.0,0.0,v100,,8x8x8x16,1,3,0.0,0.0,0.0,0.0,0.0,c128,0.0,0.0,0.0,0.0,pyqcu,70.0,0.0,off,v100__8x8x8x16__c128__l3__trace-off
0.0,0.0,0.0,v100,,8x8x8x16,2,3,0.0,0.0,0.0,0.0,0.0,c128,0.0,0.0,0.0,0.0,pyqcu,70.0,0.0,off,v100__8x8x8x16__c128__l3__trace-off
0.0,0.0,0.0,v100,1.8900541080449056e-08,8x8x8x16,0,3,9.427354314015247,0.0,0.0,0.0,0.0,c128,0.0,0.0,0.0,0.0,quda,225.0,9.427354314015247,off,v100__8x8x8x16__c128__l3__trace-off
0.0,0.0,0.0,v100,,8x8x8x16,1,3,0.0,0.0,0.0,0.0,0.0,c128,0.0,0.0,0.0,0.0,quda,225.0,0.0,off,v100__8x8x8x16__c128__l3__trace-off
0.0,0.0,0.0,v100,,8x8x8x16,2,3,0.0,0.0,0.0,0.0,0.0,c128,0.0,0.0,0.0,0.0,quda,225.0,0.0,off,v100__8x8x8x16__c128__l3__trace-off
0.0,0.0,0.0,v100,2.905901762315581e-09,8x8x8x16,0,3,1.6263523410000025,70.0,0.02549208,70.0,0.034508394000000005,c128,0.0,0.014337962000000001,0.0,0.014421165000000001,pyqcu,70.0,1.7151119420000025,on,v100__8x8x8x16__c128__l3__trace-on
0.0,0.0,1.0177190189999998,v100,,8x8x8x16,1,3,0.06088771199999887,70.0,0.024696340000000004,70.0,0.027928794999999992,c128,70.0,0.010742001000000003,70.0,0.015771429999999993,pyqcu,70.0,1.1577452969999986,on,v100__8x8x8x16__c128__l3__trace-on
70.0,1380.0,0.7757402390000007,v100,,8x8x8x16,2,3,0.03043150499999958,0.0,0.0,0.0,0.0,c128,0.0,0.0,0.0,0.0,pyqcu,70.0,0.8061717440000002,on,v100__8x8x8x16__c128__l3__trace-on
0.0,225.0,4.543647470000002,v100,9.755068641611485e-09,8x8x8x16,0,3,0.005161885000017463,225.0,0.37945407399999587,225.0,0.2969184590000027,c128,0.0,0.03226169600000883,0.0,0.03633092500000723,quda,225.0,5.293774509000034,on,v100__8x8x8x16__c128__l3__trace-on
0.0,10820.0,3.2135856530000066,v100,,8x8x8x16,1,3,0.0049690690000021576,225.0,0.37850042300000375,225.0,0.26879829800000055,c128,0.0,0.02925123200000268,0.0,0.027036219000005524,quda,225.0,3.9221408940000213,on,v100__8x8x8x16__c128__l3__trace-on
0.0,0.0,0.0,v100,,8x8x8x16,2,3,0.0,0.0,0.0,0.0,0.0,c128,0.0,0.0,0.0,0.0,quda,225.0,0.0,on,v100__8x8x8x16__c128__l3__trace-on
0.0,0.0,0.0,v100,7.249293304950049e-07,8x8x8x16,0,2,0.32913232197461184,0.0,0.0,0.0,0.0,c64,0.0,0.0,0.0,0.0,pyqcu,45.0,0.32913232197461184,off,v100__8x8x8x16__c64__l2__trace-off
0.0,0.0,0.0,v100,,8x8x8x16,1,2,0.0,0.0,0.0,0.0,0.0,c64,0.0,0.0,0.0,0.0,pyqcu,45.0,0.0,off,v100__8x8x8x16__c64__l2__trace-off
0.0,0.0,0.0,v100,7.968316408043964e-07,8x8x8x16,0,2,6.71654535199923,0.0,0.0,0.0,0.0,c64,0.0,0.0,0.0,0.0,quda,160.0,6.71654535199923,off,v100__8x8x8x16__c64__l2__trace-off
0.0,0.0,0.0,v100,,8x8x8x16,1,2,0.0,0.0,0.0,0.0,0.0,c64,0.0,0.0,0.0,0.0,quda,160.0,0.0,off,v100__8x8x8x16__c64__l2__trace-off
0.0,0.0,0.0,v100,8.892991445463849e-07,8x8x8x16,0,2,0.6038447419999999,45.0,0.013327704000000001,45.0,0.015548782000000002,c64,0.0,0.0053425009999999995,0.0,0.005732117000000001,pyqcu,45.0,0.643795846,on,v100__8x8x8x16__c64__l2__trace-on
45.0,635.0,0.43177705399999994,v100,,8x8x8x16,1,2,0.014970969999999861,0.0,0.0,0.0,0.0,c64,0.0,0.0,0.0,0.0,pyqcu,45.0,0.4467480239999998,on,v100__8x8x8x16__c64__l2__trace-on
0.0,3460.0,0.9789108999999936,v100,9.99863454850889e-07,8x8x8x16,0,2,0.0035221040000141812,160.0,0.23548508199999763,160.0,0.17468839699999616,c64,0.0,0.015008683999993444,0.0,0.01570052399999522,quda,160.0,1.4233156909999902,on,v100__8x8x8x16__c64__l2__trace-on
0.0,0.0,0.0,v100,,8x8x8x16,1,2,0.0,0.0,0.0,0.0,0.0,c64,0.0,0.0,0.0,0.0,quda,160.0,0.0,on,v100__8x8x8x16__c64__l2__trace-on
0.0,0.0,0.0,v100,6.204458943593202e-07,8x8x8x16,0,3,0.4170589339773869,0.0,0.0,0.0,0.0,c64,0.0,0.0,0.0,0.0,pyqcu,50.0,0.4170589339773869,off,v100__8x8x8x16__c64__l3__trace-off
0.0,0.0,0.0,v100,,8x8x8x16,1,3,0.0,0.0,0.0,0.0,0.0,c64,0.0,0.0,0.0,0.0,pyqcu,50.0,0.0,off,v100__8x8x8x16__c64__l3__trace-off
0.0,0.0,0.0,v100,,8x8x8x16,2,3,0.0,0.0,0.0,0.0,0.0,c64,0.0,0.0,0.0,0.0,pyqcu,50.0,0.0,off,v100__8x8x8x16__c64__l3__trace-off
0.0,0.0,0.0,v100,7.869951044040818e-07,8x8x8x16,0,3,7.229860313993413,0.0,0.0,0.0,0.0,c64,0.0,0.0,0.0,0.0,quda,160.0,7.229860313993413,off,v100__8x8x8x16__c64__l3__trace-off
0.0,0.0,0.0,v100,,8x8x8x16,1,3,0.0,0.0,0.0,0.0,0.0,c64,0.0,0.0,0.0,0.0,quda,160.0,0.0,off,v100__8x8x8x16__c64__l3__trace-off
0.0,0.0,0.0,v100,,8x8x8x16,2,3,0.0,0.0,0.0,0.0,0.0,c64,0.0,0.0,0.0,0.0,quda,160.0,0.0,off,v100__8x8x8x16__c64__l3__trace-off
0.0,0.0,0.0,v100,7.458423283424054e-07,8x8x8x16,0,3,0.7317909869999999,50.0,0.008428914000000001,50.0,0.009756397,c64,0.0,0.003807032,0.0,0.004785693000000001,pyqcu,50.0,0.758569023,on,v100__8x8x8x16__c64__l3__trace-on
0.0,0.0,0.455291706,v100,,8x8x8x16,1,3,0.02296749700000006,50.0,0.010139118999999999,50.0,0.011542010000000002,c64,50.0,0.0031823989999999994,50.0,0.004795992000000001,pyqcu,50.0,0.5079187230000001,on,v100__8x8x8x16__c64__l3__trace-on
50.0,670.0,0.30745086600000004,v100,,8x8x8x16,2,3,0.0119746240000001,0.0,0.0,0.0,0.0,c64,0.0,0.0,0.0,0.0,pyqcu,50.0,0.31942549000000015,on,v100__8x8x8x16__c64__l3__trace-on
0.0,160.0,1.8101140339999988,v100,9.868652345580328e-07,8x8x8x16,0,3,0.003592713999998054,160.0,0.22505656100000415,160.0,0.17140766799999785,c64,0.0,0.014008032000011106,0.0,0.015617937999993003,quda,160.0,2.239796947000003,on,v100__8x8x8x16__c64__l3__trace-on
0.0,3520.0,0.976850383000003,v100,,8x8x8x16,1,3,0.003724529999988846,160.0,0.2414104299999984,160.0,0.17186519900001507,c64,0.0,0.01476006900000204,0.0,0.013588609000004581,quda,160.0,1.422199220000012,on,v100__8x8x8x16__c64__l3__trace-on
0.0,0.0,0.0,v100,,8x8x8x16,2,3,0.0,0.0,0.0,0.0,0.0,c64,0.0,0.0,0.0,0.0,quda,160.0,0.0,on,v100__8x8x8x16__c64__l3__trace-on
