combined_path,config_hash,config_hash_match,device,fair,input_bundle_hash,input_bundle_match,lattice,levels,precision,pyqcu_allocator_peak_bytes,pyqcu_asset_resident_bytes,pyqcu_first_solve_sampler_peak_bytes,pyqcu_fused_workspace_bytes,pyqcu_iterations,pyqcu_reserved_peak_bytes,pyqcu_seconds,pyqcu_setup_sampler_peak_bytes,pyqcu_steady_sampler_peak_bytes,pyqcu_true_residual,quda_allocator_peak_bytes,quda_asset_resident_bytes,quda_first_solve_sampler_peak_bytes,quda_fused_workspace_bytes,quda_iterations,quda_reserved_peak_bytes,quda_seconds,quda_setup_sampler_peak_bytes,quda_steady_sampler_peak_bytes,quda_true_residual,ratio_quda_over_pyqcu,reference_warmups_two,residual_pass,solver,trace,unit_id
/root/PyQCU/data/report_multigrid_comprehensive_20260928/final_protocol/combined/p100__16x16x16x16__c128__l1__trace-off.json,77a2fc449cf164cf097f1ae6dba811b8de15f70780c933459d275609520163fd,True,p100,True,e67aa41fa951a9cc125ecf6a56338b8e050c04595607f9807a3e9b387d445ff2,True,16x16x16x16,1,c128,625082880.0,339738624.0,2716729344.0,117964800.0,129.0,1272971264.0,3.8956328940112144,2691563520.0,3303931904.0,1.6782189572295156e-08,159514624.0,,3530424320.0,,81.0,822083584.0,0.8741149239940569,1456340992.0,3985506304.0,1.8334761338720516e-08,0.22438328964154716,True,True,bicgstab-reference,off,p100__16x16x16x16__c128__l1__trace-off
/root/PyQCU/data/report_multigrid_comprehensive_20260928/final_protocol/combined/p100__16x16x16x16__c128__l1__trace-on.json,77a2fc449cf164cf097f1ae6dba811b8de15f70780c933459d275609520163fd,True,p100,True,e67aa41fa951a9cc125ecf6a56338b8e050c04595607f9807a3e9b387d445ff2,True,16x16x16x16,1,c128,625082880.0,339738624.0,2716729344.0,117964800.0,129.0,1272971264.0,3.766847835999215,2697854976.0,3303931904.0,1.6782189572295156e-08,159514624.0,,3530424320.0,,81.0,822083584.0,0.8988279010081897,3031302144.0,3985506304.0,1.8334761338720516e-08,0.2386153994377534,True,True,bicgstab-reference,on,p100__16x16x16x16__c128__l1__trace-on
/root/PyQCU/data/report_multigrid_comprehensive_20260928/final_protocol/combined/p100__16x16x16x16__c128__l2__trace-off.json,77a2fc449cf164cf097f1ae6dba811b8de15f70780c933459d275609520163fd,True,p100,True,e67aa41fa951a9cc125ecf6a56338b8e050c04595607f9807a3e9b387d445ff2,True,16x16x16x16,2,c128,625082880.0,339738624.0,2716729344.0,117964800.0,40.0,1272971264.0,6.410288466999191,2691563520.0,3303931904.0,1.846963334178775e-08,159514624.0,,3530424320.0,,85.0,822083584.0,6.634040685996297,1456340992.0,3985506304.0,1.8177733788241747e-08,1.0349051716079556,True,True,mg-2,off,p100__16x16x16x16__c128__l2__trace-off
/root/PyQCU/data/report_multigrid_comprehensive_20260928/final_protocol/combined/p100__16x16x16x16__c128__l2__trace-on.json,77a2fc449cf164cf097f1ae6dba811b8de15f70780c933459d275609520163fd,True,p100,True,e67aa41fa951a9cc125ecf6a56338b8e050c04595607f9807a3e9b387d445ff2,True,16x16x16x16,2,c128,625082880.0,339738624.0,2716729344.0,117964800.0,40.0,1272971264.0,8.68550662099733,2697854976.0,3303931904.0,1.8306777357451694e-08,159514624.0,,3530424320.0,,85.0,822083584.0,7.052352561004227,3031302144.0,3985506304.0,1.8177733788242167e-08,0.8119678987930387,True,True,mg-2,on,p100__16x16x16x16__c128__l2__trace-on
/root/PyQCU/data/report_multigrid_comprehensive_20260928/final_protocol/combined/p100__16x16x16x16__c128__l3__trace-off.json,3ed1dd06c9c2ecaf0ca4327dd9147d201491553719d21bb02a018a658747a181,True,p100,True,e67aa41fa951a9cc125ecf6a56338b8e050c04595607f9807a3e9b387d445ff2,True,16x16x16x16,3,c128,656409088.0,370409472.0,2741895168.0,117964800.0,45.0,1293942784.0,4.687589163004304,2697854976.0,3329097728.0,1.7935562151049118e-08,159514624.0,,2869821440.0,,87.0,822083584.0,5.184887531999266,1456340992.0,3515744256.0,1.8303539259850377e-08,1.10608830076658,True,True,mg-3,off,p100__16x16x16x16__c128__l3__trace-off
/root/PyQCU/data/report_multigrid_comprehensive_20260928/final_protocol/combined/p100__16x16x16x16__c128__l3__trace-on.json,3ed1dd06c9c2ecaf0ca4327dd9147d201491553719d21bb02a018a658747a181,True,p100,True,e67aa41fa951a9cc125ecf6a56338b8e050c04595607f9807a3e9b387d445ff2,True,16x16x16x16,3,c128,656409088.0,370409472.0,2741895168.0,117964800.0,45.0,1293942784.0,8.364123612991534,2710437888.0,3329097728.0,1.852278802293356e-08,159514624.0,,2869821440.0,,87.0,822083584.0,5.713481619008235,1456340992.0,3515744256.0,1.8303539260326535e-08,0.6830938761036239,True,True,mg-3,on,p100__16x16x16x16__c128__l3__trace-on
/root/PyQCU/data/report_multigrid_comprehensive_20260928/final_protocol/combined/p100__16x16x16x16__c64__l1__trace-off.json,df0ee1a3150c9bcda18532f712327fbf43f25a1842b0b6b047cf5f636bbef9e9,True,p100,True,e67aa41fa951a9cc125ecf6a56338b8e050c04595607f9807a3e9b387d445ff2,True,16x16x16x16,1,c64,316801536.0,169869312.0,1951268864.0,58982400.0,89.0,654311424.0,1.2018943350121845,1940783104.0,2238578688.0,3.345283812830738e-07,99745792.0,,2435710976.0,,63.0,442499072.0,0.5322758670081384,1447952384.0,2756575232.0,6.974590243719273e-07,0.44286411167978623,True,True,bicgstab-reference,off,p100__16x16x16x16__c64__l1__trace-off
/root/PyQCU/data/report_multigrid_comprehensive_20260928/final_protocol/combined/p100__16x16x16x16__c64__l1__trace-on.json,df0ee1a3150c9bcda18532f712327fbf43f25a1842b0b6b047cf5f636bbef9e9,True,p100,True,e67aa41fa951a9cc125ecf6a56338b8e050c04595607f9807a3e9b387d445ff2,True,16x16x16x16,1,c64,316801536.0,169869312.0,1951268864.0,58982400.0,89.0,654311424.0,2.2117050060041947,1940783104.0,2238578688.0,3.345283812830738e-07,99745792.0,,2435710976.0,,63.0,442499072.0,0.5317124060093192,1447952384.0,2756575232.0,6.974590243719273e-07,0.24040837479042665,True,True,bicgstab-reference,on,p100__16x16x16x16__c64__l1__trace-on
/root/PyQCU/data/report_multigrid_comprehensive_20260928/final_protocol/combined/p100__16x16x16x16__c64__l2__trace-off.json,df0ee1a3150c9bcda18532f712327fbf43f25a1842b0b6b047cf5f636bbef9e9,True,p100,True,e67aa41fa951a9cc125ecf6a56338b8e050c04595607f9807a3e9b387d445ff2,True,16x16x16x16,2,c64,316801536.0,169869312.0,1951268864.0,58982400.0,30.0,654311424.0,1.4015297909936635,1940783104.0,2238578688.0,4.76606683742405e-07,99745792.0,,2435710976.0,,58.0,442499072.0,2.977000410988694,1447952384.0,2756575232.0,6.907023333774271e-07,2.1241078356800718,True,True,mg-2,off,p100__16x16x16x16__c64__l2__trace-off
/root/PyQCU/data/report_multigrid_comprehensive_20260928/final_protocol/combined/p100__16x16x16x16__c64__l2__trace-on.json,df0ee1a3150c9bcda18532f712327fbf43f25a1842b0b6b047cf5f636bbef9e9,True,p100,True,e67aa41fa951a9cc125ecf6a56338b8e050c04595607f9807a3e9b387d445ff2,True,16x16x16x16,2,c64,316801536.0,169869312.0,1951268864.0,58982400.0,30.0,654311424.0,3.9562323529971763,1940783104.0,2238578688.0,4.755404974044009e-07,99745792.0,,2435710976.0,,58.0,442499072.0,3.375061455008108,1447952384.0,2756575232.0,6.908491808772395e-07,0.8530999076561359,True,True,mg-2,on,p100__16x16x16x16__c64__l2__trace-on
/root/PyQCU/data/report_multigrid_comprehensive_20260928/final_protocol/combined/p100__16x16x16x16__c64__l3__trace-off.json,6f4f9d8d8f72b60b8346919921c0d5e47a9f2469aae4ee439c99eb7278131aa0,True,p100,True,e67aa41fa951a9cc125ecf6a56338b8e050c04595607f9807a3e9b387d445ff2,True,16x16x16x16,3,c64,333578752.0,185204736.0,1951268864.0,58982400.0,32.0,654311424.0,1.326634576995275,1944977408.0,2238578688.0,7.146340796080394e-07,99745792.0,,2282618880.0,,59.0,442499072.0,3.0685614590038313,1447952384.0,2511208448.0,7.033660601943667e-07,2.313041972683907,True,True,mg-3,off,p100__16x16x16x16__c64__l3__trace-off
/root/PyQCU/data/report_multigrid_comprehensive_20260928/final_protocol/combined/p100__16x16x16x16__c64__l3__trace-on.json,6f4f9d8d8f72b60b8346919921c0d5e47a9f2469aae4ee439c99eb7278131aa0,True,p100,True,e67aa41fa951a9cc125ecf6a56338b8e050c04595607f9807a3e9b387d445ff2,True,16x16x16x16,3,c64,333578752.0,185204736.0,1951268864.0,58982400.0,32.0,654311424.0,4.50593510500039,1949171712.0,2238578688.0,5.680241735385428e-07,99745792.0,,2282618880.0,,59.0,442499072.0,3.3596171509998385,1447952384.0,2511208448.0,7.034753756254157e-07,0.745598210518291,True,True,mg-3,on,p100__16x16x16x16__c64__l3__trace-on
/root/PyQCU/data/report_multigrid_comprehensive_20260928/final_protocol/combined/p100__16x16x32x32__c128__l1__trace-off.json,bac531f6a5dc860be0d2da58e5a9583037912c173e8b690ed70768e5377a6550,True,p100,True,b209cb0ba8fa798d561dc96698c9b3048aa26ffe62893ac4f72e59b3657d6370,True,16x16x32x32,1,c128,2474770944.0,1358954496.0,5141037056.0,471859200.0,143.0,4982833152.0,7.605618834000779,5088608256.0,7508721664.0,1.676727436827923e-08,612499456.0,,9127723008.0,,102.0,3315597312.0,3.2965158199949656,7905083392.0,11621236736.0,1.7794279593179502e-08,0.43343163678647056,True,True,bicgstab-reference,off,p100__16x16x32x32__c128__l1__trace-off
/root/PyQCU/data/report_multigrid_comprehensive_20260928/final_protocol/combined/p100__16x16x32x32__c128__l1__trace-on.json,bac531f6a5dc860be0d2da58e5a9583037912c173e8b690ed70768e5377a6550,True,p100,True,b209cb0ba8fa798d561dc96698c9b3048aa26ffe62893ac4f72e59b3657d6370,True,16x16x32x32,1,c128,2474770944.0,1358954496.0,5141037056.0,471859200.0,143.0,4982833152.0,7.60609400300018,5088608256.0,7508721664.0,1.676727436827923e-08,612499456.0,,9127723008.0,,102.0,3315597312.0,3.333847047004383,1934491648.0,11621236736.0,1.7794279593179502e-08,0.43831262743917787,True,True,bicgstab-reference,on,p100__16x16x32x32__c128__l1__trace-on
/root/PyQCU/data/report_multigrid_comprehensive_20260928/final_protocol/combined/p100__16x16x32x32__c128__l2__trace-off.json,bac531f6a5dc860be0d2da58e5a9583037912c173e8b690ed70768e5377a6550,True,p100,True,b209cb0ba8fa798d561dc96698c9b3048aa26ffe62893ac4f72e59b3657d6370,True,16x16x32x32,2,c128,2474770944.0,1358954496.0,5141037056.0,471859200.0,41.0,4982833152.0,18.00723694100452,5088608256.0,7508721664.0,1.8531716908343196e-08,612499456.0,,9127723008.0,,85.0,3315597312.0,22.914579693999258,7905083392.0,11621236736.0,1.8282242606198722e-08,1.2725205854219734,True,True,mg-2,off,p100__16x16x32x32__c128__l2__trace-off
/root/PyQCU/data/report_multigrid_comprehensive_20260928/final_protocol/combined/p100__16x16x32x32__c128__l2__trace-on.json,bac531f6a5dc860be0d2da58e5a9583037912c173e8b690ed70768e5377a6550,True,p100,True,b209cb0ba8fa798d561dc96698c9b3048aa26ffe62893ac4f72e59b3657d6370,True,16x16x32x32,2,c128,2474770944.0,1358954496.0,5141037056.0,471859200.0,41.0,4982833152.0,22.311795178000466,5088608256.0,7508721664.0,1.8491778275116324e-08,612499456.0,,9127723008.0,,85.0,3315597312.0,23.249343371993746,1934491648.0,11621236736.0,1.828224260613031e-08,1.0420202940423955,True,True,mg-2,on,p100__16x16x32x32__c128__l2__trace-on
/root/PyQCU/data/report_multigrid_comprehensive_20260928/final_protocol/combined/p100__16x16x32x32__c128__l3__trace-off.json,f50ef113541248b8392b5d175fff885b1031191fb1152e6dae3a066d56faa525,True,p100,True,b209cb0ba8fa798d561dc96698c9b3048aa26ffe62893ac4f72e59b3657d6370,True,16x16x32x32,3,c128,2597454336.0,1481637888.0,5170397184.0,471859200.0,46.0,5108662272.0,10.326357375000953,5136842752.0,7663910912.0,1.833408214108695e-08,612499456.0,,7953317888.0,,89.0,3315597312.0,14.907144477998372,1934491648.0,9891086336.0,1.830996989290418e-08,1.4436014498284782,True,True,mg-3,off,p100__16x16x32x32__c128__l3__trace-off
/root/PyQCU/data/report_multigrid_comprehensive_20260928/final_protocol/combined/p100__16x16x32x32__c128__l3__trace-on.json,f50ef113541248b8392b5d175fff885b1031191fb1152e6dae3a066d56faa525,True,p100,True,b209cb0ba8fa798d561dc96698c9b3048aa26ffe62893ac4f72e59b3657d6370,True,16x16x32x32,3,c128,2597454336.0,1481637888.0,5170397184.0,471859200.0,46.0,5108662272.0,17.502462372998707,5132648448.0,7663910912.0,1.827443770473066e-08,612499456.0,,7953317888.0,,89.0,3315597312.0,15.477156269989791,1934491648.0,9891086336.0,1.8309969892926916e-08,0.884284504668704,True,True,mg-3,on,p100__16x16x32x32__c128__l3__trace-on
/root/PyQCU/data/report_multigrid_comprehensive_20260928/final_protocol/combined/p100__8x8x8x16__c128__l1__trace-off.json,9e8f1d50ebc04fa32e3c25efa07c380d038c0349eb6cc4bb5b7915b8e1d77ac1,True,p100,True,2909621216aa97ee41dfef9b103687d78c7059f6fc472c744bcaa34e8e63252f,True,8x8x8x16,1,c128,85590528.0,42467328.0,2001600512.0,14745600.0,123.0,165675008.0,2.919802485004766,1993211904.0,2062417920.0,1.727475711483899e-08,27394048.0,,1678639104.0,,93.0,111149056.0,0.6668553729978157,1603141632.0,1718484992.0,1.8037317946207714e-08,0.2283905765621428,True,True,bicgstab-reference,off,p100__8x8x8x16__c128__l1__trace-off
/root/PyQCU/data/report_multigrid_comprehensive_20260928/final_protocol/combined/p100__8x8x8x16__c128__l1__trace-on.json,9e8f1d50ebc04fa32e3c25efa07c380d038c0349eb6cc4bb5b7915b8e1d77ac1,True,p100,True,2909621216aa97ee41dfef9b103687d78c7059f6fc472c744bcaa34e8e63252f,True,8x8x8x16,1,c128,85590528.0,42467328.0,2001600512.0,14745600.0,123.0,165675008.0,2.9199315320001915,2001600512.0,2062417920.0,1.727475711483899e-08,27394048.0,,1678639104.0,,93.0,111149056.0,0.7006825470016338,1603141632.0,1718484992.0,1.8037317946207714e-08,0.2399654030660291,True,True,bicgstab-reference,on,p100__8x8x8x16__c128__l1__trace-on
/root/PyQCU/data/report_multigrid_comprehensive_20260928/final_protocol/combined/p100__8x8x8x16__c128__l2__trace-off.json,9e8f1d50ebc04fa32e3c25efa07c380d038c0349eb6cc4bb5b7915b8e1d77ac1,True,p100,True,2909621216aa97ee41dfef9b103687d78c7059f6fc472c744bcaa34e8e63252f,True,8x8x8x16,2,c128,85590528.0,42467328.0,2001600512.0,14745600.0,14.0,165675008.0,4.502645058993949,1993211904.0,2062417920.0,1.8819248082458453e-08,27394048.0,,1678639104.0,,45.0,111149056.0,5.629175002002739,1603141632.0,1718484992.0,1.8930485013884333e-08,1.2501929262131308,True,True,mg-2,off,p100__8x8x8x16__c128__l2__trace-off
/root/PyQCU/data/report_multigrid_comprehensive_20260928/final_protocol/combined/p100__8x8x8x16__c128__l2__trace-on.json,9e8f1d50ebc04fa32e3c25efa07c380d038c0349eb6cc4bb5b7915b8e1d77ac1,True,p100,True,2909621216aa97ee41dfef9b103687d78c7059f6fc472c744bcaa34e8e63252f,True,8x8x8x16,2,c128,85590528.0,42467328.0,2001600512.0,14745600.0,13.0,165675008.0,4.915377983998042,2001600512.0,2062417920.0,1.8136759145564503e-08,27394048.0,,1678639104.0,,45.0,111149056.0,5.758641510998132,1603141632.0,1718484992.0,1.8930485013689403e-08,1.1715561915574602,True,True,mg-2,on,p100__8x8x8x16__c128__l2__trace-on
/root/PyQCU/data/report_multigrid_comprehensive_20260928/final_protocol/combined/p100__8x8x8x16__c128__l3__trace-off.json,0232f1e0083ee50ccff820ee259aae6cec8bc2f900a6e8dfd2a44c09f1ae8b00,True,p100,True,2909621216aa97ee41dfef9b103687d78c7059f6fc472c744bcaa34e8e63252f,True,8x8x8x16,3,c128,90898944.0,47775744.0,2003697664.0,14745600.0,15.0,186646528.0,3.599976787008927,1993211904.0,2083389440.0,1.848576694053816e-08,27394048.0,,1617821696.0,,45.0,111149056.0,4.146049655988463,1540227072.0,1659764736.0,1.890054108130341e-08,1.151687886141412,True,True,mg-3,off,p100__8x8x8x16__c128__l3__trace-off
/root/PyQCU/data/report_multigrid_comprehensive_20260928/final_protocol/combined/p100__8x8x8x16__c128__l3__trace-on.json,0232f1e0083ee50ccff820ee259aae6cec8bc2f900a6e8dfd2a44c09f1ae8b00,True,p100,True,2909621216aa97ee41dfef9b103687d78c7059f6fc472c744bcaa34e8e63252f,True,8x8x8x16,3,c128,90898944.0,47775744.0,2003697664.0,14745600.0,16.0,186646528.0,4.847516487992834,1993211904.0,2083389440.0,1.8559839515437565e-08,27394048.0,,1617821696.0,,45.0,111149056.0,4.450671094004065,1540227072.0,1659764736.0,1.8900541079449117e-08,0.9181342869133617,True,True,mg-3,on,p100__8x8x8x16__c128__l3__trace-on
/root/PyQCU/data/report_multigrid_comprehensive_20260928/final_protocol/combined/p100__8x8x8x16__c64__l1__trace-off.json,6f89f531dff1beffdf7f530633989dd436ea95460bcacdd4d00e7f4cc12227d0,True,p100,True,2909621216aa97ee41dfef9b103687d78c7059f6fc472c744bcaa34e8e63252f,True,8x8x8x16,1,c64,47710720.0,21233664.0,1590558720.0,7372800.0,90.0,100663296.0,1.153902995007229,1588461568.0,1626210304.0,3.7775181904828944e-07,19922944.0,,1504575488.0,,68.0,81788928.0,0.27724846900673583,1471021056.0,1546518528.0,4.6737457461390857e-07,0.2402701702017845,True,True,bicgstab-reference,off,p100__8x8x8x16__c64__l1__trace-off
/root/PyQCU/data/report_multigrid_comprehensive_20260928/final_protocol/combined/p100__8x8x8x16__c64__l1__trace-on.json,6f89f531dff1beffdf7f530633989dd436ea95460bcacdd4d00e7f4cc12227d0,True,p100,True,2909621216aa97ee41dfef9b103687d78c7059f6fc472c744bcaa34e8e63252f,True,8x8x8x16,1,c64,47710720.0,21233664.0,1590558720.0,7372800.0,90.0,100663296.0,1.1764173109986586,1586364416.0,1626210304.0,3.7775181904828944e-07,19922944.0,,1504575488.0,,68.0,81788928.0,0.274422588001471,1471021056.0,1546518528.0,4.6737457461390857e-07,0.23326976357438514,True,True,bicgstab-reference,on,p100__8x8x8x16__c64__l1__trace-on
/root/PyQCU/data/report_multigrid_comprehensive_20260928/final_protocol/combined/p100__8x8x8x16__c64__l2__trace-off.json,6f89f531dff1beffdf7f530633989dd436ea95460bcacdd4d00e7f4cc12227d0,True,p100,True,2909621216aa97ee41dfef9b103687d78c7059f6fc472c744bcaa34e8e63252f,True,8x8x8x16,2,c64,47710720.0,21233664.0,1590558720.0,7372800.0,9.0,100663296.0,0.7081076699978439,1588461568.0,1626210304.0,7.302620089319772e-07,19922944.0,,1504575488.0,,32.0,81788928.0,1.0129242580005666,1471021056.0,1546518528.0,7.966061556106077e-07,1.4304664402288578,True,True,mg-2,off,p100__8x8x8x16__c64__l2__trace-off
/root/PyQCU/data/report_multigrid_comprehensive_20260928/final_protocol/combined/p100__8x8x8x16__c64__l2__trace-on.json,6f89f531dff1beffdf7f530633989dd436ea95460bcacdd4d00e7f4cc12227d0,True,p100,True,2909621216aa97ee41dfef9b103687d78c7059f6fc472c744bcaa34e8e63252f,True,8x8x8x16,2,c64,47710720.0,21233664.0,1590558720.0,7372800.0,9.0,100663296.0,0.9435896749928361,1586364416.0,1626210304.0,7.401597882244319e-07,19922944.0,,1504575488.0,,32.0,81788928.0,0.9577879890130134,1471021056.0,1546518528.0,7.967820897371194e-07,1.0150471273652768,True,True,mg-2,on,p100__8x8x8x16__c64__l2__trace-on
/root/PyQCU/data/report_multigrid_comprehensive_20260928/final_protocol/combined/p100__8x8x8x16__c64__l3__trace-off.json,455a2d7e3c876c9ee6609e16c5c95dd612df8aec6c08874646d2d350257f0707,True,p100,True,2909621216aa97ee41dfef9b103687d78c7059f6fc472c744bcaa34e8e63252f,True,8x8x8x16,3,c64,50364928.0,23887872.0,1590558720.0,7372800.0,10.0,121634816.0,0.8194490550085902,1586364416.0,1647181824.0,7.31626890296355e-07,19922944.0,,1479409664.0,,32.0,81788928.0,1.0454725650051842,1445855232.0,1523449856.0,7.870801949072523e-07,1.275823748425977,True,True,mg-3,off,p100__8x8x8x16__c64__l3__trace-off
/root/PyQCU/data/report_multigrid_comprehensive_20260928/final_protocol/combined/p100__8x8x8x16__c64__l3__trace-on.json,455a2d7e3c876c9ee6609e16c5c95dd612df8aec6c08874646d2d350257f0707,True,p100,True,2909621216aa97ee41dfef9b103687d78c7059f6fc472c744bcaa34e8e63252f,True,8x8x8x16,3,c64,50364928.0,23887872.0,1590558720.0,7372800.0,10.0,121634816.0,1.281186323001748,1586364416.0,1647181824.0,7.22199289389467e-07,19922944.0,,1479409664.0,,32.0,81788928.0,1.1668367899983423,1445855232.0,1523449856.0,7.869855468012175e-07,0.9107471482090981,True,True,mg-3,on,p100__8x8x8x16__c64__l3__trace-on
/root/PyQCU/data/report_multigrid_comprehensive_20260928/final_protocol/combined/v100__16x16x16x16__c128__l1__trace-off.json,77a2fc449cf164cf097f1ae6dba811b8de15f70780c933459d275609520163fd,True,v100,True,e67aa41fa951a9cc125ecf6a56338b8e050c04595607f9807a3e9b387d445ff2,True,16x16x16x16,1,c128,1241645568.0,679477248.0,3937734656.0,235929600.0,129.0,1581252608.0,0.55208183999639,3939831808.0,4199878656.0,1.6782179532707867e-08,310509568.0,,5474947072.0,,81.0,704643072.0,0.14242748300603125,4573171712.0,5481238528.0,1.8334761337857784e-08,0.25798255383108154,True,True,bicgstab-reference,off,v100__16x16x16x16__c128__l1__trace-off
/root/PyQCU/data/report_multigrid_comprehensive_20260928/final_protocol/combined/v100__16x16x16x16__c128__l1__trace-on.json,77a2fc449cf164cf097f1ae6dba811b8de15f70780c933459d275609520163fd,True,v100,True,e67aa41fa951a9cc125ecf6a56338b8e050c04595607f9807a3e9b387d445ff2,True,16x16x16x16,1,c128,1241645568.0,679477248.0,3937734656.0,235929600.0,129.0,1581252608.0,0.6500300810002955,3872722944.0,4199878656.0,1.6782179532707867e-08,310509568.0,,5474947072.0,,81.0,704643072.0,0.14575721899745986,4573171712.0,5481238528.0,1.8334761337857784e-08,0.22423149829183614,True,True,bicgstab-reference,on,v100__16x16x16x16__c128__l1__trace-on
/root/PyQCU/data/report_multigrid_comprehensive_20260928/final_protocol/combined/v100__16x16x16x16__c128__l2__trace-off.json,77a2fc449cf164cf097f1ae6dba811b8de15f70780c933459d275609520163fd,True,v100,True,e67aa41fa951a9cc125ecf6a56338b8e050c04595607f9807a3e9b387d445ff2,True,16x16x16x16,2,c128,1241645568.0,679477248.0,3937734656.0,235929600.0,40.0,1581252608.0,0.7209439430007478,3939831808.0,4199878656.0,1.787849433029457e-08,310509568.0,,5474947072.0,,85.0,704643072.0,1.4612541999958921,4573171712.0,5481238528.0,1.8177733788006295e-08,2.0268624408075184,True,True,mg-2,off,v100__16x16x16x16__c128__l2__trace-off
/root/PyQCU/data/report_multigrid_comprehensive_20260928/final_protocol/combined/v100__16x16x16x16__c128__l2__trace-on.json,77a2fc449cf164cf097f1ae6dba811b8de15f70780c933459d275609520163fd,True,v100,True,e67aa41fa951a9cc125ecf6a56338b8e050c04595607f9807a3e9b387d445ff2,True,16x16x16x16,2,c128,1241645568.0,679477248.0,3937734656.0,235929600.0,40.0,1581252608.0,1.0853517560026376,3872722944.0,4199878656.0,1.787849433029457e-08,310509568.0,,5474947072.0,,85.0,704643072.0,1.5753522849990986,4573171712.0,5481238528.0,1.8177733787639232e-08,1.4514670255854547,True,True,mg-2,on,v100__16x16x16x16__c128__l2__trace-on
/root/PyQCU/data/report_multigrid_comprehensive_20260928/final_protocol/combined/v100__16x16x16x16__c128__l3__trace-off.json,3ed1dd06c9c2ecaf0ca4327dd9147d201491553719d21bb02a018a658747a181,True,v100,True,e67aa41fa951a9cc125ecf6a56338b8e050c04595607f9807a3e9b387d445ff2,True,16x16x16x16,3,c128,1302987264.0,740818944.0,3958706176.0,235929600.0,44.0,1669332992.0,0.43638855700555723,3939831808.0,4287959040.0,1.8324207587495086e-08,310509568.0,,4717875200.0,,87.0,704643072.0,1.4040361210063566,3790934016.0,4724166656.0,1.8303539260337295e-08,3.217399032276817,True,True,mg-3,off,v100__16x16x16x16__c128__l3__trace-off
/root/PyQCU/data/report_multigrid_comprehensive_20260928/final_protocol/combined/v100__16x16x16x16__c128__l3__trace-on.json,3ed1dd06c9c2ecaf0ca4327dd9147d201491553719d21bb02a018a658747a181,True,v100,True,e67aa41fa951a9cc125ecf6a56338b8e050c04595607f9807a3e9b387d445ff2,True,16x16x16x16,3,c128,1302987264.0,740818944.0,3958706176.0,235929600.0,44.0,1669332992.0,1.1726829919934971,3872722944.0,4287959040.0,1.8324207587495086e-08,310509568.0,,4717875200.0,,87.0,704643072.0,1.6208639410033356,3790934016.0,4724166656.0,1.830353926051755e-08,1.382184232285961,True,True,mg-3,on,v100__16x16x16x16__c128__l3__trace-on
/root/PyQCU/data/report_multigrid_comprehensive_20260928/final_protocol/combined/v100__16x16x16x16__c64__l1__trace-off.json,df0ee1a3150c9bcda18532f712327fbf43f25a1842b0b6b047cf5f636bbef9e9,True,v100,True,e67aa41fa951a9cc125ecf6a56338b8e050c04595607f9807a3e9b387d445ff2,True,16x16x16x16,1,c64,625082880.0,339738624.0,2687832064.0,117964800.0,90.0,805306368.0,0.2416149479977321,2652180480.0,2807369728.0,3.3935020227110806e-07,190971904.0,,3759476736.0,,63.0,400556032.0,0.06808479300525505,3258257408.0,3761573888.0,6.907945887772199e-07,0.28179048345094165,True,True,bicgstab-reference,off,v100__16x16x16x16__c64__l1__trace-off
/root/PyQCU/data/report_multigrid_comprehensive_20260928/final_protocol/combined/v100__16x16x16x16__c64__l1__trace-on.json,df0ee1a3150c9bcda18532f712327fbf43f25a1842b0b6b047cf5f636bbef9e9,True,v100,True,e67aa41fa951a9cc125ecf6a56338b8e050c04595607f9807a3e9b387d445ff2,True,16x16x16x16,1,c64,625082880.0,339738624.0,2687832064.0,117964800.0,90.0,805306368.0,0.25000403200101573,2610237440.0,2807369728.0,3.3935020227110806e-07,190971904.0,,3759476736.0,,63.0,400556032.0,0.08033280300151091,3258257408.0,3761573888.0,6.907945887772199e-07,0.3213260296585318,True,True,bicgstab-reference,on,v100__16x16x16x16__c64__l1__trace-on
/root/PyQCU/data/report_multigrid_comprehensive_20260928/final_protocol/combined/v100__16x16x16x16__c64__l2__trace-off.json,df0ee1a3150c9bcda18532f712327fbf43f25a1842b0b6b047cf5f636bbef9e9,True,v100,True,e67aa41fa951a9cc125ecf6a56338b8e050c04595607f9807a3e9b387d445ff2,True,16x16x16x16,2,c64,625082880.0,339738624.0,2687832064.0,117964800.0,30.0,805306368.0,0.20383330799813848,2652180480.0,2807369728.0,4.624468249920541e-07,190971904.0,,3759476736.0,,58.0,400556032.0,0.5242044280021219,3258257408.0,3761573888.0,6.906357992555281e-07,2.5717309558009487,True,True,mg-2,off,v100__16x16x16x16__c64__l2__trace-off
/root/PyQCU/data/report_multigrid_comprehensive_20260928/final_protocol/combined/v100__16x16x16x16__c64__l2__trace-on.json,df0ee1a3150c9bcda18532f712327fbf43f25a1842b0b6b047cf5f636bbef9e9,True,v100,True,e67aa41fa951a9cc125ecf6a56338b8e050c04595607f9807a3e9b387d445ff2,True,16x16x16x16,2,c64,625082880.0,339738624.0,2687832064.0,117964800.0,30.0,805306368.0,0.38347481400705874,2610237440.0,2807369728.0,4.624468249920541e-07,190971904.0,,3759476736.0,,58.0,400556032.0,0.6436757869960275,3258257408.0,3761573888.0,6.907255612661374e-07,1.6785347133232564,True,True,mg-2,on,v100__16x16x16x16__c64__l2__trace-on
/root/PyQCU/data/report_multigrid_comprehensive_20260928/final_protocol/combined/v100__16x16x16x16__c64__l3__trace-off.json,6f4f9d8d8f72b60b8346919921c0d5e47a9f2469aae4ee439c99eb7278131aa0,True,v100,True,e67aa41fa951a9cc125ecf6a56338b8e050c04595607f9807a3e9b387d445ff2,True,16x16x16x16,3,c64,656409088.0,370409472.0,2708803584.0,117964800.0,31.0,847249408.0,0.1509476729988819,2610237440.0,2849312768.0,5.797549791077908e-07,190971904.0,,3354726400.0,,59.0,400556032.0,0.714977704003104,2840924160.0,3356823552.0,7.033264284294486e-07,4.736593084203425,True,True,mg-3,off,v100__16x16x16x16__c64__l3__trace-off
/root/PyQCU/data/report_multigrid_comprehensive_20260928/final_protocol/combined/v100__16x16x16x16__c64__l3__trace-on.json,6f4f9d8d8f72b60b8346919921c0d5e47a9f2469aae4ee439c99eb7278131aa0,True,v100,True,e67aa41fa951a9cc125ecf6a56338b8e050c04595607f9807a3e9b387d445ff2,True,16x16x16x16,3,c64,656409088.0,370409472.0,2708803584.0,117964800.0,31.0,847249408.0,0.5281142110034125,2610237440.0,2849312768.0,5.797549791077908e-07,190971904.0,,3354726400.0,,59.0,400556032.0,0.9212616160075413,2840924160.0,3356823552.0,7.034579219011306e-07,1.7444363298937782,True,True,mg-3,on,v100__16x16x16x16__c64__l3__trace-on
/root/PyQCU/data/report_multigrid_comprehensive_20260928/final_protocol/combined/v100__16x16x32x32__c128__l1__trace-off.json,bac531f6a5dc860be0d2da58e5a9583037912c173e8b690ed70768e5377a6550,True,v100,True,b209cb0ba8fa798d561dc96698c9b3048aa26ffe62893ac4f72e59b3657d6370,True,16x16x32x32,1,c128,4941021696.0,2717908992.0,8631160832.0,943718400.0,143.0,6327107584.0,1.4212093649985036,8597606400.0,9751040000.0,1.6767265074916976e-08,1216479232.0,,16478703616.0,,102.0,2732589056.0,0.3501097450061934,12982751232.0,16503869440.0,1.7794279569507545e-08,0.2463463537665065,True,True,bicgstab-reference,off,v100__16x16x32x32__c128__l1__trace-off
/root/PyQCU/data/report_multigrid_comprehensive_20260928/final_protocol/combined/v100__16x16x32x32__c128__l1__trace-on.json,bac531f6a5dc860be0d2da58e5a9583037912c173e8b690ed70768e5377a6550,True,v100,True,b209cb0ba8fa798d561dc96698c9b3048aa26ffe62893ac4f72e59b3657d6370,True,16x16x32x32,1,c128,4941021696.0,2717908992.0,8631160832.0,943718400.0,143.0,6327107584.0,1.473002151993569,8564051968.0,9751040000.0,1.6767265074916976e-08,1216479232.0,,16478703616.0,,102.0,2732589056.0,0.3530088639963651,12982751232.0,16503869440.0,1.7794279569507545e-08,0.23965264648025192,True,True,bicgstab-reference,on,v100__16x16x32x32__c128__l1__trace-on
/root/PyQCU/data/report_multigrid_comprehensive_20260928/final_protocol/combined/v100__16x16x32x32__c128__l2__trace-off.json,bac531f6a5dc860be0d2da58e5a9583037912c173e8b690ed70768e5377a6550,True,v100,True,b209cb0ba8fa798d561dc96698c9b3048aa26ffe62893ac4f72e59b3657d6370,True,16x16x32x32,2,c128,4941021696.0,2717908992.0,8631160832.0,943718400.0,41.0,6327107584.0,7.482400972992764,8597606400.0,9751040000.0,1.8482845667697538e-08,1216479232.0,,16478703616.0,,85.0,2732589056.0,4.041431845005718,12982751232.0,16503869440.0,1.8282242606263272e-08,0.5401250026018388,True,True,mg-2,off,v100__16x16x32x32__c128__l2__trace-off
/root/PyQCU/data/report_multigrid_comprehensive_20260928/final_protocol/combined/v100__16x16x32x32__c128__l2__trace-on.json,bac531f6a5dc860be0d2da58e5a9583037912c173e8b690ed70768e5377a6550,True,v100,True,b209cb0ba8fa798d561dc96698c9b3048aa26ffe62893ac4f72e59b3657d6370,True,16x16x32x32,2,c128,4941021696.0,2717908992.0,8631160832.0,943718400.0,41.0,6327107584.0,4.1120948850002605,8564051968.0,9751040000.0,1.8482845667697538e-08,1216479232.0,,16478703616.0,,85.0,2732589056.0,4.162918693997199,12982751232.0,16503869440.0,1.8282242606142536e-08,1.0123595905294718,True,True,mg-2,on,v100__16x16x32x32__c128__l2__trace-on
/root/PyQCU/data/report_multigrid_comprehensive_20260928/final_protocol/combined/v100__16x16x32x32__c128__l3__trace-off.json,f50ef113541248b8392b5d175fff885b1031191fb1152e6dae3a066d56faa525,True,v100,True,b209cb0ba8fa798d561dc96698c9b3048aa26ffe62893ac4f72e59b3657d6370,True,16x16x32x32,3,c128,5186388480.0,2963275776.0,8668909568.0,943718400.0,46.0,6616514560.0,1.642416697999579,8597606400.0,10040446976.0,1.819593256494243e-08,1216479232.0,,13616091136.0,,89.0,2732589056.0,3.029770348002785,10013184000.0,13641256960.0,1.8309969892955924e-08,1.844702596906721,True,True,mg-3,off,v100__16x16x32x32__c128__l3__trace-off
/root/PyQCU/data/report_multigrid_comprehensive_20260928/final_protocol/combined/v100__16x16x32x32__c128__l3__trace-on.json,f50ef113541248b8392b5d175fff885b1031191fb1152e6dae3a066d56faa525,True,v100,True,b209cb0ba8fa798d561dc96698c9b3048aa26ffe62893ac4f72e59b3657d6370,True,16x16x32x32,3,c128,5186388480.0,2963275776.0,8668909568.0,943718400.0,46.0,6616514560.0,3.0947952099959366,8597606400.0,10040446976.0,1.819593256494243e-08,1216479232.0,,13616091136.0,,89.0,2732589056.0,3.084280804003356,10013184000.0,13641256960.0,1.8309969892682706e-08,0.9966025519366775,True,True,mg-3,on,v100__16x16x32x32__c128__l3__trace-on
/root/PyQCU/data/report_multigrid_comprehensive_20260928/final_protocol/combined/v100__16x32x32x48__c64__l1__trace-off.json,ed44cfa4ee30343a4000a316d8b862ecb96d16ec581d907cd84ba8b074b53d30,True,v100,True,8c866bd093cf7c6b447b7c61e95704e7dac349386e4fbe28935455a0a6ca3d31,True,16x32x32x48,1,c64,7407272448.0,4076863488.0,10371796992.0,509607936.0,137.0,9479127040.0,1.6846361369971419,11227435008.0,12051615744.0,3.792390328690136e-07,2197946368.0,,24145891328.0,,88.0,4477419520.0,0.3966479420050746,19966267392.0,24183640064.0,6.147449926210113e-07,0.23545021580274195,True,True,bicgstab-reference,off,v100__16x32x32x48__c64__l1__trace-off
/root/PyQCU/data/report_multigrid_comprehensive_20260928/final_protocol/combined/v100__16x32x32x48__c64__l1__trace-on.json,ed44cfa4ee30343a4000a316d8b862ecb96d16ec581d907cd84ba8b074b53d30,True,v100,True,8c866bd093cf7c6b447b7c61e95704e7dac349386e4fbe28935455a0a6ca3d31,True,16x32x32x48,1,c64,7407272448.0,4076863488.0,10371796992.0,509607936.0,137.0,9479127040.0,2.2068764430005103,11227435008.0,12051615744.0,3.792390328690136e-07,2197946368.0,,24145891328.0,,88.0,4477419520.0,0.38967448800394777,19966267392.0,24183640064.0,6.147449926210113e-07,0.17657286126727562,True,True,bicgstab-reference,on,v100__16x32x32x48__c64__l1__trace-on
/root/PyQCU/data/report_multigrid_comprehensive_20260928/final_protocol/combined/v100__16x32x32x48__c64__l2__trace-off.json,ed44cfa4ee30343a4000a316d8b862ecb96d16ec581d907cd84ba8b074b53d30,True,v100,True,8c866bd093cf7c6b447b7c61e95704e7dac349386e4fbe28935455a0a6ca3d31,True,16x32x32x48,2,c64,7407272448.0,4076863488.0,10371796992.0,509607936.0,11.0,9479127040.0,1.9401633190136636,11227435008.0,12051615744.0,3.60153844456708e-07,2197946368.0,,24145891328.0,,37.0,4477419520.0,2.716042929008836,19966267392.0,24183640064.0,7.302857579722028e-07,1.3999042773314632,True,True,mg-2,off,v100__16x32x32x48__c64__l2__trace-off
/root/PyQCU/data/report_multigrid_comprehensive_20260928/final_protocol/combined/v100__16x32x32x48__c64__l2__trace-on.json,ed44cfa4ee30343a4000a316d8b862ecb96d16ec581d907cd84ba8b074b53d30,True,v100,True,8c866bd093cf7c6b447b7c61e95704e7dac349386e4fbe28935455a0a6ca3d31,True,16x32x32x48,2,c64,7407272448.0,4076863488.0,10371796992.0,509607936.0,11.0,9479127040.0,2.679416898987256,11227435008.0,12051615744.0,3.60153844456708e-07,2197946368.0,,24145891328.0,,37.0,4477419520.0,2.7831245850102277,19966267392.0,24183640064.0,7.302857579722028e-07,1.0387053190797484,True,True,mg-2,on,v100__16x32x32x48__c64__l2__trace-on
/root/PyQCU/data/report_multigrid_comprehensive_20260928/final_protocol/combined/v100__16x32x32x48__c64__l3__trace-off.json,588eecb1b8bc494aaced25ac9ffd0af04a22c6e4c1e0bc854facdf08234bff52,True,v100,True,8c866bd093cf7c6b447b7c61e95704e7dac349386e4fbe28935455a0a6ca3d31,True,16x32x32x48,3,c64,7775322624.0,4444913664.0,10394865664.0,509607936.0,14.0,9913237504.0,0.8088928850047523,11193880576.0,12452171776.0,4.901157500138816e-07,2197946368.0,,19848826880.0,,39.0,4477419520.0,1.6407691740023438,15503527936.0,19886575616.0,7.328100192340559e-07,2.028413408522816,True,True,mg-3,off,v100__16x32x32x48__c64__l3__trace-off
/root/PyQCU/data/report_multigrid_comprehensive_20260928/final_protocol/combined/v100__16x32x32x48__c64__l3__trace-on.json,588eecb1b8bc494aaced25ac9ffd0af04a22c6e4c1e0bc854facdf08234bff52,True,v100,True,8c866bd093cf7c6b447b7c61e95704e7dac349386e4fbe28935455a0a6ca3d31,True,16x32x32x48,3,c64,7775322624.0,4444913664.0,10428420096.0,509607936.0,14.0,9913237504.0,1.4422514170000795,11193880576.0,12485726208.0,4.901157500138816e-07,2197946368.0,,19848826880.0,,39.0,4477419520.0,1.8174902759928955,15503527936.0,19886575616.0,7.328100192340559e-07,1.2601757603215413,True,True,mg-3,on,v100__16x32x32x48__c64__l3__trace-on
/root/PyQCU/data/report_multigrid_comprehensive_20260928/final_protocol/combined/v100__8x8x8x16__c128__l1__trace-off.json,9e8f1d50ebc04fa32e3c25efa07c380d038c0349eb6cc4bb5b7915b8e1d77ac1,True,v100,True,2909621216aa97ee41dfef9b103687d78c7059f6fc472c744bcaa34e8e63252f,True,8x8x8x16,1,c128,163709440.0,84934656.0,2564100096.0,29491200.0,123.0,201326592.0,0.4094425809889799,2526351360.0,2585071616.0,1.7274750183626116e-08,46268416.0,,2197098496.0,,93.0,100663296.0,0.1462736679968657,2075463680.0,2199195648.0,1.8037317946544846e-08,0.3572507472074641,True,True,bicgstab-reference,off,v100__8x8x8x16__c128__l1__trace-off
/root/PyQCU/data/report_multigrid_comprehensive_20260928/final_protocol/combined/v100__8x8x8x16__c128__l1__trace-on.json,9e8f1d50ebc04fa32e3c25efa07c380d038c0349eb6cc4bb5b7915b8e1d77ac1,True,v100,True,2909621216aa97ee41dfef9b103687d78c7059f6fc472c744bcaa34e8e63252f,True,8x8x8x16,1,c128,163709440.0,84934656.0,2597654528.0,29491200.0,123.0,201326592.0,0.40923672200005967,2526351360.0,2618626048.0,1.7274750183626116e-08,46268416.0,,2197098496.0,,93.0,100663296.0,0.1226806760096224,2075463680.0,2199195648.0,1.8037317946544846e-08,0.2997792461293454,True,True,bicgstab-reference,on,v100__8x8x8x16__c128__l1__trace-on
/root/PyQCU/data/report_multigrid_comprehensive_20260928/final_protocol/combined/v100__8x8x8x16__c128__l2__trace-off.json,9e8f1d50ebc04fa32e3c25efa07c380d038c0349eb6cc4bb5b7915b8e1d77ac1,True,v100,True,2909621216aa97ee41dfef9b103687d78c7059f6fc472c744bcaa34e8e63252f,True,8x8x8x16,2,c128,163709440.0,84934656.0,2564100096.0,29491200.0,13.0,201326592.0,0.1590511200047331,2526351360.0,2585071616.0,1.750136068885924e-08,46268416.0,,2197098496.0,,45.0,100663296.0,1.2022057879948989,2075463680.0,2199195648.0,1.8930485014187895e-08,7.558612526331932,True,True,mg-2,off,v100__8x8x8x16__c128__l2__trace-off
/root/PyQCU/data/report_multigrid_comprehensive_20260928/final_protocol/combined/v100__8x8x8x16__c128__l2__trace-on.json,9e8f1d50ebc04fa32e3c25efa07c380d038c0349eb6cc4bb5b7915b8e1d77ac1,True,v100,True,2909621216aa97ee41dfef9b103687d78c7059f6fc472c744bcaa34e8e63252f,True,8x8x8x16,2,c128,163709440.0,84934656.0,2597654528.0,29491200.0,13.0,201326592.0,0.24005468099494465,2526351360.0,2618626048.0,1.750136068885924e-08,46268416.0,,2197098496.0,,45.0,100663296.0,1.193536070000846,2075463680.0,2199195648.0,1.8930485013741615e-08,4.971934165391179,True,True,mg-2,on,v100__8x8x8x16__c128__l2__trace-on
/root/PyQCU/data/report_multigrid_comprehensive_20260928/final_protocol/combined/v100__8x8x8x16__c128__l3__trace-off.json,0232f1e0083ee50ccff820ee259aae6cec8bc2f900a6e8dfd2a44c09f1ae8b00,True,v100,True,2909621216aa97ee41dfef9b103687d78c7059f6fc472c744bcaa34e8e63252f,True,8x8x8x16,3,c128,175243776.0,95551488.0,2564100096.0,29491200.0,14.0,220200960.0,0.10422196300351061,2534739968.0,2603945984.0,1.7421887702021227e-08,46268416.0,,2113212416.0,,45.0,100663296.0,1.5251878840063,1974800384.0,2115309568.0,1.8900541080449056e-08,14.634035284433528,True,True,mg-3,off,v100__8x8x8x16__c128__l3__trace-off
/root/PyQCU/data/report_multigrid_comprehensive_20260928/final_protocol/combined/v100__8x8x8x16__c128__l3__trace-on.json,0232f1e0083ee50ccff820ee259aae6cec8bc2f900a6e8dfd2a44c09f1ae8b00,True,v100,True,2909621216aa97ee41dfef9b103687d78c7059f6fc472c744bcaa34e8e63252f,True,8x8x8x16,3,c128,175243776.0,95551488.0,2564100096.0,29491200.0,14.0,220200960.0,0.2953278450004291,2576683008.0,2603945984.0,1.7421887702021227e-08,46268416.0,,2113212416.0,,45.0,100663296.0,1.2696577750029974,1974800384.0,2115309568.0,1.8900541079421665e-08,4.29914685153089,True,True,mg-3,on,v100__8x8x8x16__c128__l3__trace-on
/root/PyQCU/data/report_multigrid_comprehensive_20260928/final_protocol/combined/v100__8x8x8x16__c64__l1__trace-off.json,6f89f531dff1beffdf7f530633989dd436ea95460bcacdd4d00e7f4cc12227d0,True,v100,True,2909621216aa97ee41dfef9b103687d78c7059f6fc472c744bcaa34e8e63252f,True,8x8x8x16,1,c64,85590528.0,42467328.0,2006257664.0,14745600.0,91.0,119537664.0,0.2047480839974014,1985286144.0,2020937728.0,6.88093633114058e-07,31326208.0,,1951731712.0,,68.0,81788928.0,0.06732985000417102,1874137088.0,1964314624.0,2.9542105050682294e-07,0.3288423934898729,True,True,bicgstab-reference,off,v100__8x8x8x16__c64__l1__trace-off
/root/PyQCU/data/report_multigrid_comprehensive_20260928/final_protocol/combined/v100__8x8x8x16__c64__l1__trace-on.json,6f89f531dff1beffdf7f530633989dd436ea95460bcacdd4d00e7f4cc12227d0,True,v100,True,2909621216aa97ee41dfef9b103687d78c7059f6fc472c744bcaa34e8e63252f,True,8x8x8x16,1,c64,85590528.0,42467328.0,2006257664.0,14745600.0,91.0,119537664.0,0.20380517099692952,1976897536.0,2020937728.0,6.88093633114058e-07,31326208.0,,1951731712.0,,68.0,81788928.0,0.08359112701145932,1874137088.0,1964314624.0,2.9542105050682294e-07,0.4101521399215071,True,True,bicgstab-reference,on,v100__8x8x8x16__c64__l1__trace-on
/root/PyQCU/data/report_multigrid_comprehensive_20260928/final_protocol/combined/v100__8x8x8x16__c64__l2__trace-off.json,6f89f531dff1beffdf7f530633989dd436ea95460bcacdd4d00e7f4cc12227d0,True,v100,True,2909621216aa97ee41dfef9b103687d78c7059f6fc472c744bcaa34e8e63252f,True,8x8x8x16,2,c64,85590528.0,42467328.0,2006257664.0,14745600.0,9.0,119537664.0,0.046208414001739584,1985286144.0,2020937728.0,7.249293304950049e-07,31326208.0,,1951731712.0,,32.0,81788928.0,0.32882179200532846,1874137088.0,1964314624.0,7.968316408043964e-07,7.116058819784412,True,True,mg-2,off,v100__8x8x8x16__c64__l2__trace-off
/root/PyQCU/data/report_multigrid_comprehensive_20260928/final_protocol/combined/v100__8x8x8x16__c64__l2__trace-on.json,6f89f531dff1beffdf7f530633989dd436ea95460bcacdd4d00e7f4cc12227d0,True,v100,True,2909621216aa97ee41dfef9b103687d78c7059f6fc472c744bcaa34e8e63252f,True,8x8x8x16,2,c64,85590528.0,42467328.0,2006257664.0,14745600.0,9.0,119537664.0,0.11353527299070265,1976897536.0,2020937728.0,7.249293304950049e-07,31326208.0,,1951731712.0,,32.0,81788928.0,0.41330115900200326,1874137088.0,1964314624.0,7.972144088802722e-07,3.6402885915097793,True,True,mg-2,on,v100__8x8x8x16__c64__l2__trace-on
/root/PyQCU/data/report_multigrid_comprehensive_20260928/final_protocol/combined/v100__8x8x8x16__c64__l3__trace-off.json,455a2d7e3c876c9ee6609e16c5c95dd612df8aec6c08874646d2d350257f0707,True,v100,True,2909621216aa97ee41dfef9b103687d78c7059f6fc472c744bcaa34e8e63252f,True,8x8x8x16,3,c64,90898944.0,47775744.0,2008354816.0,14745600.0,10.0,142606336.0,0.060078854992752895,1943343104.0,2044006400.0,6.204458943593202e-07,31326208.0,,1909788672.0,,32.0,81788928.0,0.4889887070021359,1832194048.0,1922371584.0,7.869951044040818e-07,8.13911495252566,True,True,mg-3,off,v100__8x8x8x16__c64__l3__trace-off
/root/PyQCU/data/report_multigrid_comprehensive_20260928/final_protocol/combined/v100__8x8x8x16__c64__l3__trace-on.json,455a2d7e3c876c9ee6609e16c5c95dd612df8aec6c08874646d2d350257f0707,True,v100,True,2909621216aa97ee41dfef9b103687d78c7059f6fc472c744bcaa34e8e63252f,True,8x8x8x16,3,c64,90898944.0,47775744.0,2008354816.0,14745600.0,10.0,142606336.0,0.13731018399994355,1934954496.0,2044006400.0,6.204458943593202e-07,31326208.0,,1909788672.0,,32.0,81788928.0,0.5750263280060608,1832194048.0,1922371584.0,7.870345411149296e-07,4.187790819698393,True,True,mg-3,on,v100__8x8x8x16__c64__l3__trace-on
