combined_path,config_hash,config_hash_match,device,fair,input_bundle_hash,input_bundle_match,lattice,levels,precision,pyqcu_iterations,pyqcu_seconds,pyqcu_true_residual,quda_iterations,quda_seconds,quda_true_residual,ratio_quda_over_pyqcu,reference_warmups_two,residual_pass,solver,trace,unit_id
/root/PyQCU/data/report_multigrid_optimized_20260927/final_protocol/combined/p100__16x16x16x16__c128__l1__trace-off.json,77a2fc449cf164cf097f1ae6dba811b8de15f70780c933459d275609520163fd,True,p100,True,e67aa41fa951a9cc125ecf6a56338b8e050c04595607f9807a3e9b387d445ff2,True,16x16x16x16,1,c128,129.0,2.5362441219913308,1.6782189572295156e-08,81.0,0.6283350529993186,1.8334761338720516e-08,0.2477423397657721,True,True,bicgstab-reference,off,p100__16x16x16x16__c128__l1__trace-off
/root/PyQCU/data/report_multigrid_optimized_20260927/final_protocol/combined/p100__16x16x16x16__c128__l1__trace-on.json,77a2fc449cf164cf097f1ae6dba811b8de15f70780c933459d275609520163fd,True,p100,True,e67aa41fa951a9cc125ecf6a56338b8e050c04595607f9807a3e9b387d445ff2,True,16x16x16x16,1,c128,129.0,2.534761898990837,1.6782189572295156e-08,81.0,0.6464920400030678,1.8334761338720516e-08,0.2550504014836483,True,True,bicgstab-reference,on,p100__16x16x16x16__c128__l1__trace-on
/root/PyQCU/data/report_multigrid_optimized_20260927/final_protocol/combined/p100__16x16x16x16__c128__l2__trace-off.json,77a2fc449cf164cf097f1ae6dba811b8de15f70780c933459d275609520163fd,True,p100,True,e67aa41fa951a9cc125ecf6a56338b8e050c04595607f9807a3e9b387d445ff2,True,16x16x16x16,2,c128,40.0,4.295576823002193,1.8322860320871337e-08,85.0,4.823057511006482,1.8177733788171238e-08,1.1227962412823596,True,True,mg-2,off,p100__16x16x16x16__c128__l2__trace-off
/root/PyQCU/data/report_multigrid_optimized_20260927/final_protocol/combined/p100__16x16x16x16__c128__l2__trace-on.json,77a2fc449cf164cf097f1ae6dba811b8de15f70780c933459d275609520163fd,True,p100,True,e67aa41fa951a9cc125ecf6a56338b8e050c04595607f9807a3e9b387d445ff2,True,16x16x16x16,2,c128,40.0,5.849185087005026,1.84094866347411e-08,85.0,4.841443137993338,1.8177733788347934e-08,0.8277124190768794,True,True,mg-2,on,p100__16x16x16x16__c128__l2__trace-on
/root/PyQCU/data/report_multigrid_optimized_20260927/final_protocol/combined/p100__16x16x16x16__c128__l3__trace-off.json,3ed1dd06c9c2ecaf0ca4327dd9147d201491553719d21bb02a018a658747a181,True,p100,True,e67aa41fa951a9cc125ecf6a56338b8e050c04595607f9807a3e9b387d445ff2,True,16x16x16x16,3,c128,46.0,3.2548925890005194,1.8399545219347708e-08,87.0,3.6924208660057047,1.8303539260429407e-08,1.1344217251542354,True,True,mg-3,off,p100__16x16x16x16__c128__l3__trace-off
/root/PyQCU/data/report_multigrid_optimized_20260927/final_protocol/combined/p100__16x16x16x16__c128__l3__trace-on.json,3ed1dd06c9c2ecaf0ca4327dd9147d201491553719d21bb02a018a658747a181,True,p100,True,e67aa41fa951a9cc125ecf6a56338b8e050c04595607f9807a3e9b387d445ff2,True,16x16x16x16,3,c128,46.0,5.672673704990302,1.830135374776903e-08,87.0,4.2498405759979505,1.830353926037049e-08,0.7491776888664207,True,True,mg-3,on,p100__16x16x16x16__c128__l3__trace-on
/root/PyQCU/data/report_multigrid_optimized_20260927/final_protocol/combined/p100__16x16x16x16__c64__l1__trace-off.json,df0ee1a3150c9bcda18532f712327fbf43f25a1842b0b6b047cf5f636bbef9e9,True,p100,True,e67aa41fa951a9cc125ecf6a56338b8e050c04595607f9807a3e9b387d445ff2,True,16x16x16x16,1,c64,89.0,1.5089086230000248,3.345283812830738e-07,63.0,0.38613850299589103,6.974590243719273e-07,0.25590582299686726,True,True,bicgstab-reference,off,p100__16x16x16x16__c64__l1__trace-off
/root/PyQCU/data/report_multigrid_optimized_20260927/final_protocol/combined/p100__16x16x16x16__c64__l1__trace-on.json,df0ee1a3150c9bcda18532f712327fbf43f25a1842b0b6b047cf5f636bbef9e9,True,p100,True,e67aa41fa951a9cc125ecf6a56338b8e050c04595607f9807a3e9b387d445ff2,True,16x16x16x16,1,c64,89.0,1.547420303002582,3.345283812830738e-07,63.0,0.3873208440054441,6.974590243719273e-07,0.25030099660311733,True,True,bicgstab-reference,on,p100__16x16x16x16__c64__l1__trace-on
/root/PyQCU/data/report_multigrid_optimized_20260927/final_protocol/combined/p100__16x16x16x16__c64__l2__trace-off.json,df0ee1a3150c9bcda18532f712327fbf43f25a1842b0b6b047cf5f636bbef9e9,True,p100,True,e67aa41fa951a9cc125ecf6a56338b8e050c04595607f9807a3e9b387d445ff2,True,16x16x16x16,2,c64,30.0,1.7963012849941151,4.7460678877065126e-07,58.0,1.952847926004324,6.90769654885384e-07,1.087149434406112,True,True,mg-2,off,p100__16x16x16x16__c64__l2__trace-off
/root/PyQCU/data/report_multigrid_optimized_20260927/final_protocol/combined/p100__16x16x16x16__c64__l2__trace-on.json,df0ee1a3150c9bcda18532f712327fbf43f25a1842b0b6b047cf5f636bbef9e9,True,p100,True,e67aa41fa951a9cc125ecf6a56338b8e050c04595607f9807a3e9b387d445ff2,True,16x16x16x16,2,c64,30.0,2.7932510419923346,4.79374739429219e-07,58.0,2.276256774996,6.90769654885384e-07,0.8149130675245073,True,True,mg-2,on,p100__16x16x16x16__c64__l2__trace-on
/root/PyQCU/data/report_multigrid_optimized_20260927/final_protocol/combined/p100__16x16x16x16__c64__l3__trace-off.json,6f4f9d8d8f72b60b8346919921c0d5e47a9f2469aae4ee439c99eb7278131aa0,True,p100,True,e67aa41fa951a9cc125ecf6a56338b8e050c04595607f9807a3e9b387d445ff2,True,16x16x16x16,3,c64,32.0,1.6306401589972666,7.873224765516401e-07,59.0,2.109406705996662,7.036240603593634e-07,1.2936064982563684,True,True,mg-3,off,p100__16x16x16x16__c64__l3__trace-off
/root/PyQCU/data/report_multigrid_optimized_20260927/final_protocol/combined/p100__16x16x16x16__c64__l3__trace-on.json,6f4f9d8d8f72b60b8346919921c0d5e47a9f2469aae4ee439c99eb7278131aa0,True,p100,True,e67aa41fa951a9cc125ecf6a56338b8e050c04595607f9807a3e9b387d445ff2,True,16x16x16x16,3,c64,32.0,3.1243674680008553,5.870657274250866e-07,59.0,2.412120216002222,7.036240603593634e-07,0.7720347368568753,True,True,mg-3,on,p100__16x16x16x16__c64__l3__trace-on
/root/PyQCU/data/report_multigrid_optimized_20260927/final_protocol/combined/p100__16x16x32x32__c128__l1__trace-off.json,bac531f6a5dc860be0d2da58e5a9583037912c173e8b690ed70768e5377a6550,True,p100,True,b209cb0ba8fa798d561dc96698c9b3048aa26ffe62893ac4f72e59b3657d6370,True,16x16x32x32,1,c128,143.0,5.543014499009587,1.676727436827923e-08,102.0,2.4195721889991546,1.7794279593179502e-08,0.4365083637128278,True,True,bicgstab-reference,off,p100__16x16x32x32__c128__l1__trace-off
/root/PyQCU/data/report_multigrid_optimized_20260927/final_protocol/combined/p100__16x16x32x32__c128__l1__trace-on.json,bac531f6a5dc860be0d2da58e5a9583037912c173e8b690ed70768e5377a6550,True,p100,True,b209cb0ba8fa798d561dc96698c9b3048aa26ffe62893ac4f72e59b3657d6370,True,16x16x32x32,1,c128,143.0,5.515946644009091,1.676727436827923e-08,102.0,2.4166798059886787,1.7794279593179502e-08,0.4381260302097831,True,True,bicgstab-reference,on,p100__16x16x32x32__c128__l1__trace-on
/root/PyQCU/data/report_multigrid_optimized_20260927/final_protocol/combined/p100__16x16x32x32__c128__l2__trace-off.json,bac531f6a5dc860be0d2da58e5a9583037912c173e8b690ed70768e5377a6550,True,p100,True,b209cb0ba8fa798d561dc96698c9b3048aa26ffe62893ac4f72e59b3657d6370,True,16x16x32x32,2,c128,42.0,13.209672087992658,1.839717613370604e-08,85.0,16.21793099399656,1.828224260608754e-08,1.2277315353451017,True,True,mg-2,off,p100__16x16x32x32__c128__l2__trace-off
/root/PyQCU/data/report_multigrid_optimized_20260927/final_protocol/combined/p100__16x16x32x32__c128__l2__trace-on.json,bac531f6a5dc860be0d2da58e5a9583037912c173e8b690ed70768e5377a6550,True,p100,True,b209cb0ba8fa798d561dc96698c9b3048aa26ffe62893ac4f72e59b3657d6370,True,16x16x32x32,2,c128,41.0,16.000138924006023,1.8526304847516194e-08,85.0,16.115914696012624,1.828224260620771e-08,1.0072359229227,True,True,mg-2,on,p100__16x16x32x32__c128__l2__trace-on
/root/PyQCU/data/report_multigrid_optimized_20260927/final_protocol/combined/p100__16x16x32x32__c128__l3__trace-off.json,f50ef113541248b8392b5d175fff885b1031191fb1152e6dae3a066d56faa525,True,p100,True,b209cb0ba8fa798d561dc96698c9b3048aa26ffe62893ac4f72e59b3657d6370,True,16x16x32x32,3,c128,47.0,7.33421181999438,1.8483614580978024e-08,89.0,10.469821803999366,1.830996989286657e-08,1.4275319640287385,True,True,mg-3,off,p100__16x16x32x32__c128__l3__trace-off
/root/PyQCU/data/report_multigrid_optimized_20260927/final_protocol/combined/p100__16x16x32x32__c128__l3__trace-on.json,f50ef113541248b8392b5d175fff885b1031191fb1152e6dae3a066d56faa525,True,p100,True,b209cb0ba8fa798d561dc96698c9b3048aa26ffe62893ac4f72e59b3657d6370,True,16x16x32x32,3,c128,47.0,12.785097462998237,1.8502624105365965e-08,89.0,10.977199279004708,1.8309969892723863e-08,0.8585933201349598,True,True,mg-3,on,p100__16x16x32x32__c128__l3__trace-on
/root/PyQCU/data/report_multigrid_optimized_20260927/final_protocol/combined/p100__16x32x32x48__c64__l1__trace-off.json,ed44cfa4ee30343a4000a316d8b862ecb96d16ec581d907cd84ba8b074b53d30,True,p100,True,8c866bd093cf7c6b447b7c61e95704e7dac349386e4fbe28935455a0a6ca3d31,True,16x32x32x48,1,c64,134.0,7.069459571997868,3.8324121083033494e-07,89.0,3.0818963810015703,3.1885186047162117e-07,0.43594511710753153,True,True,bicgstab-reference,off,p100__16x32x32x48__c64__l1__trace-off
/root/PyQCU/data/report_multigrid_optimized_20260927/final_protocol/combined/p100__16x32x32x48__c64__l1__trace-on.json,ed44cfa4ee30343a4000a316d8b862ecb96d16ec581d907cd84ba8b074b53d30,True,p100,True,8c866bd093cf7c6b447b7c61e95704e7dac349386e4fbe28935455a0a6ca3d31,True,16x32x32x48,1,c64,134.0,7.068833444995107,3.8324121083033494e-07,89.0,3.0686489380022977,3.1885186047162117e-07,0.4341096677238831,True,True,bicgstab-reference,on,p100__16x32x32x48__c64__l1__trace-on
/root/PyQCU/data/report_multigrid_optimized_20260927/final_protocol/combined/p100__16x32x32x48__c64__l2__trace-off.json,ed44cfa4ee30343a4000a316d8b862ecb96d16ec581d907cd84ba8b074b53d30,True,p100,True,8c866bd093cf7c6b447b7c61e95704e7dac349386e4fbe28935455a0a6ca3d31,True,16x32x32x48,2,c64,22.0,10.879298984989873,7.86812993128433e-07,37.0,10.766222352998739,7.304699813023609e-07,0.9896062575220016,True,True,mg-2,off,p100__16x32x32x48__c64__l2__trace-off
/root/PyQCU/data/report_multigrid_optimized_20260927/final_protocol/combined/p100__16x32x32x48__c64__l2__trace-on.json,ed44cfa4ee30343a4000a316d8b862ecb96d16ec581d907cd84ba8b074b53d30,True,p100,True,8c866bd093cf7c6b447b7c61e95704e7dac349386e4fbe28935455a0a6ca3d31,True,16x32x32x48,2,c64,19.0,11.847867718999623,7.766445624878457e-07,37.0,11.018693334001,7.304699813023609e-07,0.9300148849848372,True,True,mg-2,on,p100__16x32x32x48__c64__l2__trace-on
/root/PyQCU/data/report_multigrid_optimized_20260927/final_protocol/combined/p100__16x32x32x48__c64__l3__trace-off.json,588eecb1b8bc494aaced25ac9ffd0af04a22c6e4c1e0bc854facdf08234bff52,True,p100,True,8c866bd093cf7c6b447b7c61e95704e7dac349386e4fbe28935455a0a6ca3d31,True,16x32x32x48,3,c64,16.0,3.898997727999813,7.915266399236453e-07,39.0,7.364156295006978,7.328854212141082e-07,1.8887305940505876,True,True,mg-3,off,p100__16x32x32x48__c64__l3__trace-off
/root/PyQCU/data/report_multigrid_optimized_20260927/final_protocol/combined/p100__16x32x32x48__c64__l3__trace-on.json,588eecb1b8bc494aaced25ac9ffd0af04a22c6e4c1e0bc854facdf08234bff52,True,p100,True,8c866bd093cf7c6b447b7c61e95704e7dac349386e4fbe28935455a0a6ca3d31,True,16x32x32x48,3,c64,15.0,5.866481810997357,7.780765180808801e-07,39.0,7.56645479099825,7.328854212141082e-07,1.2897772523242312,True,True,mg-3,on,p100__16x32x32x48__c64__l3__trace-on
/root/PyQCU/data/report_multigrid_optimized_20260927/final_protocol/combined/p100__8x8x8x16__c128__l1__trace-off.json,9e8f1d50ebc04fa32e3c25efa07c380d038c0349eb6cc4bb5b7915b8e1d77ac1,True,p100,True,2909621216aa97ee41dfef9b103687d78c7059f6fc472c744bcaa34e8e63252f,True,8x8x8x16,1,c128,123.0,1.951433498004917,1.727475711483899e-08,93.0,0.53475499599881,1.8037317946207714e-08,0.274031882995514,True,True,bicgstab-reference,off,p100__8x8x8x16__c128__l1__trace-off
/root/PyQCU/data/report_multigrid_optimized_20260927/final_protocol/combined/p100__8x8x8x16__c128__l1__trace-on.json,9e8f1d50ebc04fa32e3c25efa07c380d038c0349eb6cc4bb5b7915b8e1d77ac1,True,p100,True,2909621216aa97ee41dfef9b103687d78c7059f6fc472c744bcaa34e8e63252f,True,8x8x8x16,1,c128,123.0,1.9506217439920874,1.727475711483899e-08,93.0,0.5174334359908244,1.8037317946207714e-08,0.26526590180003823,True,True,bicgstab-reference,on,p100__8x8x8x16__c128__l1__trace-on
/root/PyQCU/data/report_multigrid_optimized_20260927/final_protocol/combined/p100__8x8x8x16__c128__l2__trace-off.json,9e8f1d50ebc04fa32e3c25efa07c380d038c0349eb6cc4bb5b7915b8e1d77ac1,True,p100,True,2909621216aa97ee41dfef9b103687d78c7059f6fc472c744bcaa34e8e63252f,True,8x8x8x16,2,c128,14.0,3.0877532310114475,1.7945934396526397e-08,45.0,4.231877882994013,1.8930485013936296e-08,1.370536298202751,True,True,mg-2,off,p100__8x8x8x16__c128__l2__trace-off
/root/PyQCU/data/report_multigrid_optimized_20260927/final_protocol/combined/p100__8x8x8x16__c128__l2__trace-on.json,9e8f1d50ebc04fa32e3c25efa07c380d038c0349eb6cc4bb5b7915b8e1d77ac1,True,p100,True,2909621216aa97ee41dfef9b103687d78c7059f6fc472c744bcaa34e8e63252f,True,8x8x8x16,2,c128,13.0,3.04323852599191,1.785312161219699e-08,45.0,4.020845148988883,1.8930485014509592e-08,1.3212389086978757,True,True,mg-2,on,p100__8x8x8x16__c128__l2__trace-on
/root/PyQCU/data/report_multigrid_optimized_20260927/final_protocol/combined/p100__8x8x8x16__c128__l3__trace-off.json,0232f1e0083ee50ccff820ee259aae6cec8bc2f900a6e8dfd2a44c09f1ae8b00,True,p100,True,2909621216aa97ee41dfef9b103687d78c7059f6fc472c744bcaa34e8e63252f,True,8x8x8x16,3,c128,14.0,1.992204997994122,1.816023386096674e-08,45.0,3.182954506992246,1.890054107956884e-08,1.5977043076375401,True,True,mg-3,off,p100__8x8x8x16__c128__l3__trace-off
/root/PyQCU/data/report_multigrid_optimized_20260927/final_protocol/combined/p100__8x8x8x16__c128__l3__trace-on.json,0232f1e0083ee50ccff820ee259aae6cec8bc2f900a6e8dfd2a44c09f1ae8b00,True,p100,True,2909621216aa97ee41dfef9b103687d78c7059f6fc472c744bcaa34e8e63252f,True,8x8x8x16,3,c128,15.0,2.843342185005895,1.824942210985968e-08,45.0,3.243406445995788,1.8900541080552894e-08,1.140702115665007,True,True,mg-3,on,p100__8x8x8x16__c128__l3__trace-on
/root/PyQCU/data/report_multigrid_optimized_20260927/final_protocol/combined/p100__8x8x8x16__c64__l1__trace-off.json,6f89f531dff1beffdf7f530633989dd436ea95460bcacdd4d00e7f4cc12227d0,True,p100,True,2909621216aa97ee41dfef9b103687d78c7059f6fc472c744bcaa34e8e63252f,True,8x8x8x16,1,c64,90.0,1.4126591310050571,3.7775181904828944e-07,68.0,0.40016601299430477,4.6737457461390857e-07,0.283271458918473,True,True,bicgstab-reference,off,p100__8x8x8x16__c64__l1__trace-off
/root/PyQCU/data/report_multigrid_optimized_20260927/final_protocol/combined/p100__8x8x8x16__c64__l1__trace-on.json,6f89f531dff1beffdf7f530633989dd436ea95460bcacdd4d00e7f4cc12227d0,True,p100,True,2909621216aa97ee41dfef9b103687d78c7059f6fc472c744bcaa34e8e63252f,True,8x8x8x16,1,c64,90.0,1.35849515600421,3.7775181904828944e-07,68.0,0.3846232229989255,4.6737457461390857e-07,0.28312447144105496,True,True,bicgstab-reference,on,p100__8x8x8x16__c64__l1__trace-on
/root/PyQCU/data/report_multigrid_optimized_20260927/final_protocol/combined/p100__8x8x8x16__c64__l2__trace-off.json,6f89f531dff1beffdf7f530633989dd436ea95460bcacdd4d00e7f4cc12227d0,True,p100,True,2909621216aa97ee41dfef9b103687d78c7059f6fc472c744bcaa34e8e63252f,True,8x8x8x16,2,c64,9.0,0.8765258329949575,7.313734746320599e-07,32.0,1.336460929000168,7.967125883337664e-07,1.5247250893150306,True,True,mg-2,off,p100__8x8x8x16__c64__l2__trace-off
/root/PyQCU/data/report_multigrid_optimized_20260927/final_protocol/combined/p100__8x8x8x16__c64__l2__trace-on.json,6f89f531dff1beffdf7f530633989dd436ea95460bcacdd4d00e7f4cc12227d0,True,p100,True,2909621216aa97ee41dfef9b103687d78c7059f6fc472c744bcaa34e8e63252f,True,8x8x8x16,2,c64,9.0,1.2184908969938988,7.355731595644395e-07,32.0,1.4323263130063424,7.967125883337664e-07,1.1754920094520118,True,True,mg-2,on,p100__8x8x8x16__c64__l2__trace-on
/root/PyQCU/data/report_multigrid_optimized_20260927/final_protocol/combined/p100__8x8x8x16__c64__l3__trace-off.json,455a2d7e3c876c9ee6609e16c5c95dd612df8aec6c08874646d2d350257f0707,True,p100,True,2909621216aa97ee41dfef9b103687d78c7059f6fc472c744bcaa34e8e63252f,True,8x8x8x16,3,c64,10.0,0.9527363359957235,7.35203243216687e-07,32.0,1.4914451240038034,7.870970830987212e-07,1.5654332344163873,True,True,mg-3,off,p100__8x8x8x16__c64__l3__trace-off
/root/PyQCU/data/report_multigrid_optimized_20260927/final_protocol/combined/p100__8x8x8x16__c64__l3__trace-on.json,455a2d7e3c876c9ee6609e16c5c95dd612df8aec6c08874646d2d350257f0707,True,p100,True,2909621216aa97ee41dfef9b103687d78c7059f6fc472c744bcaa34e8e63252f,True,8x8x8x16,3,c64,10.0,1.378454611010966,7.98969667285913e-07,32.0,1.6315464629951748,7.870970830987212e-07,1.1836055028308767,True,True,mg-3,on,p100__8x8x8x16__c64__l3__trace-on
/root/PyQCU/data/report_multigrid_optimized_20260927/final_protocol/combined/v100__16x16x16x16__c128__l1__trace-off.json,c72f76ba63ff0027a6f97e80f0e4cdae5776053ac705a55c4a0ad5c8d19a754a,True,v100,True,e67aa41fa951a9cc125ecf6a56338b8e050c04595607f9807a3e9b387d445ff2,True,16x16x16x16,1,c128,129.0,0.8542835009866394,1.6782179532707867e-08,81.0,0.14172549000068102,1.8334761337857784e-08,0.16589983282715598,True,True,bicgstab-reference,off,v100__16x16x16x16__c128__l1__trace-off
/root/PyQCU/data/report_multigrid_optimized_20260927/final_protocol/combined/v100__16x16x16x16__c128__l1__trace-on.json,c72f76ba63ff0027a6f97e80f0e4cdae5776053ac705a55c4a0ad5c8d19a754a,True,v100,True,e67aa41fa951a9cc125ecf6a56338b8e050c04595607f9807a3e9b387d445ff2,True,16x16x16x16,1,c128,129.0,0.6708053210022626,1.6782179532707867e-08,81.0,0.13921981801104266,1.8334761337857784e-08,0.2075413143757294,True,True,bicgstab-reference,on,v100__16x16x16x16__c128__l1__trace-on
/root/PyQCU/data/report_multigrid_optimized_20260927/final_protocol/combined/v100__16x16x16x16__c128__l2__trace-off.json,c72f76ba63ff0027a6f97e80f0e4cdae5776053ac705a55c4a0ad5c8d19a754a,True,v100,True,e67aa41fa951a9cc125ecf6a56338b8e050c04595607f9807a3e9b387d445ff2,True,16x16x16x16,2,c128,28.0,0.8741169260028983,1.761235573901306e-08,103.0,1.9025398709927686,1.8346142858811096e-08,2.1765278927758236,True,True,mg-2,off,v100__16x16x16x16__c128__l2__trace-off
/root/PyQCU/data/report_multigrid_optimized_20260927/final_protocol/combined/v100__16x16x16x16__c128__l2__trace-on.json,c72f76ba63ff0027a6f97e80f0e4cdae5776053ac705a55c4a0ad5c8d19a754a,True,v100,True,e67aa41fa951a9cc125ecf6a56338b8e050c04595607f9807a3e9b387d445ff2,True,16x16x16x16,2,c128,28.0,1.039707334988634,1.761235573901306e-08,103.0,1.8424514030048158,1.834614285910114e-08,1.7720865680196025,True,True,mg-2,on,v100__16x16x16x16__c128__l2__trace-on
/root/PyQCU/data/report_multigrid_optimized_20260927/final_protocol/combined/v100__16x16x16x16__c128__l3__trace-off.json,99416cb4f946966199ff99c2e1bbe4de6a570b7af6a533f7d52d36b6c74854af,True,v100,True,e67aa41fa951a9cc125ecf6a56338b8e050c04595607f9807a3e9b387d445ff2,True,16x16x16x16,3,c128,28.0,0.5038105499988887,1.7649020420646327e-08,103.0,1.9139873459935188,1.8377722920325545e-08,3.79902196569274,True,True,mg-3,off,v100__16x16x16x16__c128__l3__trace-off
/root/PyQCU/data/report_multigrid_optimized_20260927/final_protocol/combined/v100__16x16x16x16__c128__l3__trace-on.json,99416cb4f946966199ff99c2e1bbe4de6a570b7af6a533f7d52d36b6c74854af,True,v100,True,e67aa41fa951a9cc125ecf6a56338b8e050c04595607f9807a3e9b387d445ff2,True,16x16x16x16,3,c128,28.0,1.0544258190057008,1.7649020420646327e-08,103.0,2.164715270992019,1.8377722920202434e-08,2.0529801451877345,True,True,mg-3,on,v100__16x16x16x16__c128__l3__trace-on
/root/PyQCU/data/report_multigrid_optimized_20260927/final_protocol/combined/v100__16x16x16x16__c64__l1__trace-off.json,df0ee1a3150c9bcda18532f712327fbf43f25a1842b0b6b047cf5f636bbef9e9,True,v100,True,e67aa41fa951a9cc125ecf6a56338b8e050c04595607f9807a3e9b387d445ff2,True,16x16x16x16,1,c64,90.0,0.5427432090000366,3.3935020227110806e-07,63.0,0.11109341400151607,6.907945887772199e-07,0.20468872232634158,True,True,bicgstab-reference,off,v100__16x16x16x16__c64__l1__trace-off
/root/PyQCU/data/report_multigrid_optimized_20260927/final_protocol/combined/v100__16x16x16x16__c64__l1__trace-on.json,df0ee1a3150c9bcda18532f712327fbf43f25a1842b0b6b047cf5f636bbef9e9,True,v100,True,e67aa41fa951a9cc125ecf6a56338b8e050c04595607f9807a3e9b387d445ff2,True,16x16x16x16,1,c64,90.0,0.4501092040009098,3.3935020227110806e-07,63.0,0.13294163600949105,6.907945887772199e-07,0.29535418255793394,True,True,bicgstab-reference,on,v100__16x16x16x16__c64__l1__trace-on
/root/PyQCU/data/report_multigrid_optimized_20260927/final_protocol/combined/v100__16x16x16x16__c64__l2__trace-off.json,df0ee1a3150c9bcda18532f712327fbf43f25a1842b0b6b047cf5f636bbef9e9,True,v100,True,e67aa41fa951a9cc125ecf6a56338b8e050c04595607f9807a3e9b387d445ff2,True,16x16x16x16,2,c64,30.0,0.3830695040014689,4.624468249920541e-07,58.0,0.8634518509934423,6.907255612661374e-07,2.25403442971574,True,True,mg-2,off,v100__16x16x16x16__c64__l2__trace-off
/root/PyQCU/data/report_multigrid_optimized_20260927/final_protocol/combined/v100__16x16x16x16__c64__l2__trace-on.json,df0ee1a3150c9bcda18532f712327fbf43f25a1842b0b6b047cf5f636bbef9e9,True,v100,True,e67aa41fa951a9cc125ecf6a56338b8e050c04595607f9807a3e9b387d445ff2,True,16x16x16x16,2,c64,30.0,0.5942214040042018,4.624468249920541e-07,58.0,0.9683005889964988,6.907255612661374e-07,1.629528291090726,True,True,mg-2,on,v100__16x16x16x16__c64__l2__trace-on
/root/PyQCU/data/report_multigrid_optimized_20260927/final_protocol/combined/v100__16x16x16x16__c64__l3__trace-off.json,6f4f9d8d8f72b60b8346919921c0d5e47a9f2469aae4ee439c99eb7278131aa0,True,v100,True,e67aa41fa951a9cc125ecf6a56338b8e050c04595607f9807a3e9b387d445ff2,True,16x16x16x16,3,c64,31.0,0.2895130489996518,5.797549791077908e-07,59.0,1.069676111001172,7.034905328070317e-07,3.6947423084976685,True,True,mg-3,off,v100__16x16x16x16__c64__l3__trace-off
/root/PyQCU/data/report_multigrid_optimized_20260927/final_protocol/combined/v100__16x16x16x16__c64__l3__trace-on.json,6f4f9d8d8f72b60b8346919921c0d5e47a9f2469aae4ee439c99eb7278131aa0,True,v100,True,e67aa41fa951a9cc125ecf6a56338b8e050c04595607f9807a3e9b387d445ff2,True,16x16x16x16,3,c64,31.0,0.7514668969961349,5.797549791077908e-07,59.0,1.495534724992467,7.034905328070317e-07,1.9901538324184616,True,True,mg-3,on,v100__16x16x16x16__c64__l3__trace-on
/root/PyQCU/data/report_multigrid_optimized_20260927/final_protocol/combined/v100__16x16x32x32__c128__l1__trace-off.json,e070c163c044b2edb9a8970b2ca957a66545172d1bb00ecf4e744fd8fdc766e1,True,v100,True,b209cb0ba8fa798d561dc96698c9b3048aa26ffe62893ac4f72e59b3657d6370,True,16x16x32x32,1,c128,143.0,1.57947283500107,1.6767265074916976e-08,102.0,0.3388022379949689,1.7794279569507545e-08,0.21450336497540293,True,True,bicgstab-reference,off,v100__16x16x32x32__c128__l1__trace-off
/root/PyQCU/data/report_multigrid_optimized_20260927/final_protocol/combined/v100__16x16x32x32__c128__l1__trace-on.json,e070c163c044b2edb9a8970b2ca957a66545172d1bb00ecf4e744fd8fdc766e1,True,v100,True,b209cb0ba8fa798d561dc96698c9b3048aa26ffe62893ac4f72e59b3657d6370,True,16x16x32x32,1,c128,143.0,1.9117401120020077,1.6767265074916976e-08,102.0,0.34160838498792145,1.7794279569507545e-08,0.1786897616696357,True,True,bicgstab-reference,on,v100__16x16x32x32__c128__l1__trace-on
/root/PyQCU/data/report_multigrid_optimized_20260927/final_protocol/combined/v100__16x16x32x32__c128__l2__trace-off.json,e070c163c044b2edb9a8970b2ca957a66545172d1bb00ecf4e744fd8fdc766e1,True,v100,True,b209cb0ba8fa798d561dc96698c9b3048aa26ffe62893ac4f72e59b3657d6370,True,16x16x32x32,2,c128,31.0,3.7649781789950794,1.7445432384915416e-08,95.0,4.0326204520097235,1.845455959793745e-08,1.0710873371080416,True,True,mg-2,off,v100__16x16x32x32__c128__l2__trace-off
/root/PyQCU/data/report_multigrid_optimized_20260927/final_protocol/combined/v100__16x16x32x32__c128__l2__trace-on.json,e070c163c044b2edb9a8970b2ca957a66545172d1bb00ecf4e744fd8fdc766e1,True,v100,True,b209cb0ba8fa798d561dc96698c9b3048aa26ffe62893ac4f72e59b3657d6370,True,16x16x32x32,2,c128,31.0,4.3042316069913795,1.7445432384915416e-08,95.0,4.17357107999851,1.845455959794152e-08,0.9696437043999591,True,True,mg-2,on,v100__16x16x32x32__c128__l2__trace-on
/root/PyQCU/data/report_multigrid_optimized_20260927/final_protocol/combined/v100__16x16x32x32__c128__l3__trace-off.json,fefd6e9c68cf1555c304c6e4edd0f41dd432b9dc49dcb17a687dd37288fd622c,True,v100,True,b209cb0ba8fa798d561dc96698c9b3048aa26ffe62893ac4f72e59b3657d6370,True,16x16x32x32,3,c128,31.0,2.427062101996853,1.7712767960011396e-08,95.0,3.4860431179986335,1.849859840434334e-08,1.4363221753289745,True,True,mg-3,off,v100__16x16x32x32__c128__l3__trace-off
/root/PyQCU/data/report_multigrid_optimized_20260927/final_protocol/combined/v100__16x16x32x32__c128__l3__trace-on.json,fefd6e9c68cf1555c304c6e4edd0f41dd432b9dc49dcb17a687dd37288fd622c,True,v100,True,b209cb0ba8fa798d561dc96698c9b3048aa26ffe62893ac4f72e59b3657d6370,True,16x16x32x32,3,c128,31.0,3.495833823995781,1.7712767960011396e-08,95.0,3.8166938569920603,1.8498598404257704e-08,1.0917835484037774,True,True,mg-3,on,v100__16x16x32x32__c128__l3__trace-on
/root/PyQCU/data/report_multigrid_optimized_20260927/final_protocol/combined/v100__16x32x32x48__c64__l1__trace-off.json,ed44cfa4ee30343a4000a316d8b862ecb96d16ec581d907cd84ba8b074b53d30,True,v100,True,8c866bd093cf7c6b447b7c61e95704e7dac349386e4fbe28935455a0a6ca3d31,True,16x32x32x48,1,c64,137.0,3.059493183995073,3.792390328690136e-07,88.0,0.5099506600090535,6.147449926210113e-07,0.16667814874591816,True,True,bicgstab-reference,off,v100__16x32x32x48__c64__l1__trace-off
/root/PyQCU/data/report_multigrid_optimized_20260927/final_protocol/combined/v100__16x32x32x48__c64__l1__trace-on.json,ed44cfa4ee30343a4000a316d8b862ecb96d16ec581d907cd84ba8b074b53d30,True,v100,True,8c866bd093cf7c6b447b7c61e95704e7dac349386e4fbe28935455a0a6ca3d31,True,16x32x32x48,1,c64,137.0,2.1706183170026634,3.792390328690136e-07,88.0,0.5448535390023608,6.147449926210113e-07,0.251013056848581,True,True,bicgstab-reference,on,v100__16x32x32x48__c64__l1__trace-on
/root/PyQCU/data/report_multigrid_optimized_20260927/final_protocol/combined/v100__16x32x32x48__c64__l2__trace-off.json,ed44cfa4ee30343a4000a316d8b862ecb96d16ec581d907cd84ba8b074b53d30,True,v100,True,8c866bd093cf7c6b447b7c61e95704e7dac349386e4fbe28935455a0a6ca3d31,True,16x32x32x48,2,c64,11.0,3.591705432998424,3.60153844456708e-07,37.0,3.549520932006999,7.302857579722028e-07,0.9882550220839773,True,True,mg-2,off,v100__16x32x32x48__c64__l2__trace-off
/root/PyQCU/data/report_multigrid_optimized_20260927/final_protocol/combined/v100__16x32x32x48__c64__l2__trace-on.json,ed44cfa4ee30343a4000a316d8b862ecb96d16ec581d907cd84ba8b074b53d30,True,v100,True,8c866bd093cf7c6b447b7c61e95704e7dac349386e4fbe28935455a0a6ca3d31,True,16x32x32x48,2,c64,11.0,3.2541894480018527,3.60153844456708e-07,37.0,3.7282319000078132,7.302857579722028e-07,1.1456714366451632,True,True,mg-2,on,v100__16x32x32x48__c64__l2__trace-on
/root/PyQCU/data/report_multigrid_optimized_20260927/final_protocol/combined/v100__16x32x32x48__c64__l3__trace-off.json,588eecb1b8bc494aaced25ac9ffd0af04a22c6e4c1e0bc854facdf08234bff52,True,v100,True,8c866bd093cf7c6b447b7c61e95704e7dac349386e4fbe28935455a0a6ca3d31,True,16x32x32x48,3,c64,14.0,1.3391930510042585,4.901157500138816e-07,39.0,2.1094463859917596,7.328100192340559e-07,1.5751622847877604,True,True,mg-3,off,v100__16x32x32x48__c64__l3__trace-off
/root/PyQCU/data/report_multigrid_optimized_20260927/final_protocol/combined/v100__16x32x32x48__c64__l3__trace-on.json,588eecb1b8bc494aaced25ac9ffd0af04a22c6e4c1e0bc854facdf08234bff52,True,v100,True,8c866bd093cf7c6b447b7c61e95704e7dac349386e4fbe28935455a0a6ca3d31,True,16x32x32x48,3,c64,14.0,2.2978204939863645,4.901157500138816e-07,39.0,1.9187153960083378,7.328100192340559e-07,0.8350153552158734,True,True,mg-3,on,v100__16x32x32x48__c64__l3__trace-on
/root/PyQCU/data/report_multigrid_optimized_20260927/final_protocol/combined/v100__8x8x8x16__c128__l1__trace-off.json,5d93b17ad19aeb3e16640ccd49bbb6bb96b558015ed6109d595d2c643e7c36bd,True,v100,True,2909621216aa97ee41dfef9b103687d78c7059f6fc472c744bcaa34e8e63252f,True,8x8x8x16,1,c128,123.0,0.3952575940056704,1.7274750183626116e-08,93.0,0.1367018820019439,1.8037317946544846e-08,0.3458551690723057,True,True,bicgstab-reference,off,v100__8x8x8x16__c128__l1__trace-off
/root/PyQCU/data/report_multigrid_optimized_20260927/final_protocol/combined/v100__8x8x8x16__c128__l1__trace-on.json,5d93b17ad19aeb3e16640ccd49bbb6bb96b558015ed6109d595d2c643e7c36bd,True,v100,True,2909621216aa97ee41dfef9b103687d78c7059f6fc472c744bcaa34e8e63252f,True,8x8x8x16,1,c128,123.0,0.6375633090065094,1.7274750183626116e-08,93.0,0.14983375200245064,1.8037317946544846e-08,0.23500999804385053,True,True,bicgstab-reference,on,v100__8x8x8x16__c128__l1__trace-on
/root/PyQCU/data/report_multigrid_optimized_20260927/final_protocol/combined/v100__8x8x8x16__c128__l2__trace-off.json,5d93b17ad19aeb3e16640ccd49bbb6bb96b558015ed6109d595d2c643e7c36bd,True,v100,True,2909621216aa97ee41dfef9b103687d78c7059f6fc472c744bcaa34e8e63252f,True,8x8x8x16,2,c128,10.0,0.12621839898929466,1.7666949021377096e-08,62.0,2.318195981992176,1.8718223798154538e-08,18.366545611062584,True,True,mg-2,off,v100__8x8x8x16__c128__l2__trace-off
/root/PyQCU/data/report_multigrid_optimized_20260927/final_protocol/combined/v100__8x8x8x16__c128__l2__trace-on.json,5d93b17ad19aeb3e16640ccd49bbb6bb96b558015ed6109d595d2c643e7c36bd,True,v100,True,2909621216aa97ee41dfef9b103687d78c7059f6fc472c744bcaa34e8e63252f,True,8x8x8x16,2,c128,10.0,0.2783863290096633,1.7666949021377096e-08,62.0,2.1741389429953415,1.8718223797536164e-08,7.809790627038561,True,True,mg-2,on,v100__8x8x8x16__c128__l2__trace-on
/root/PyQCU/data/report_multigrid_optimized_20260927/final_protocol/combined/v100__8x8x8x16__c128__l3__trace-off.json,61c341af256aa7f5a60a021f69911e747bb553eafa239f40c13579e39caf5d3b,True,v100,True,2909621216aa97ee41dfef9b103687d78c7059f6fc472c744bcaa34e8e63252f,True,8x8x8x16,3,c128,10.0,0.1009516179910861,1.758944237596215e-08,62.0,2.4366649720032,1.8778949042049683e-08,24.136958084399943,True,True,mg-3,off,v100__8x8x8x16__c128__l3__trace-off
/root/PyQCU/data/report_multigrid_optimized_20260927/final_protocol/combined/v100__8x8x8x16__c128__l3__trace-on.json,61c341af256aa7f5a60a021f69911e747bb553eafa239f40c13579e39caf5d3b,True,v100,True,2909621216aa97ee41dfef9b103687d78c7059f6fc472c744bcaa34e8e63252f,True,8x8x8x16,3,c128,10.0,0.31289937200199347,1.758944237596215e-08,62.0,2.583990173996426,1.8778949042630453e-08,8.258214637707754,True,True,mg-3,on,v100__8x8x8x16__c128__l3__trace-on
/root/PyQCU/data/report_multigrid_optimized_20260927/final_protocol/combined/v100__8x8x8x16__c64__l1__trace-off.json,6f89f531dff1beffdf7f530633989dd436ea95460bcacdd4d00e7f4cc12227d0,True,v100,True,2909621216aa97ee41dfef9b103687d78c7059f6fc472c744bcaa34e8e63252f,True,8x8x8x16,1,c64,91.0,0.4249969129959936,6.88093633114058e-07,68.0,0.11994246499671135,2.9542105050682294e-07,0.2822196146112761,True,True,bicgstab-reference,off,v100__8x8x8x16__c64__l1__trace-off
/root/PyQCU/data/report_multigrid_optimized_20260927/final_protocol/combined/v100__8x8x8x16__c64__l1__trace-on.json,6f89f531dff1beffdf7f530633989dd436ea95460bcacdd4d00e7f4cc12227d0,True,v100,True,2909621216aa97ee41dfef9b103687d78c7059f6fc472c744bcaa34e8e63252f,True,8x8x8x16,1,c64,91.0,0.3344917369977338,6.88093633114058e-07,68.0,0.1215691359975608,2.9542105050682294e-07,0.36344436214992193,True,True,bicgstab-reference,on,v100__8x8x8x16__c64__l1__trace-on
/root/PyQCU/data/report_multigrid_optimized_20260927/final_protocol/combined/v100__8x8x8x16__c64__l2__trace-off.json,6f89f531dff1beffdf7f530633989dd436ea95460bcacdd4d00e7f4cc12227d0,True,v100,True,2909621216aa97ee41dfef9b103687d78c7059f6fc472c744bcaa34e8e63252f,True,8x8x8x16,2,c64,9.0,0.08126010800333461,7.249293304950049e-07,32.0,0.5867881309968652,7.964755968996362e-07,7.221109415370032,True,True,mg-2,off,v100__8x8x8x16__c64__l2__trace-off
/root/PyQCU/data/report_multigrid_optimized_20260927/final_protocol/combined/v100__8x8x8x16__c64__l2__trace-on.json,6f89f531dff1beffdf7f530633989dd436ea95460bcacdd4d00e7f4cc12227d0,True,v100,True,2909621216aa97ee41dfef9b103687d78c7059f6fc472c744bcaa34e8e63252f,True,8x8x8x16,2,c64,9.0,0.14102374199865153,7.249293304950049e-07,32.0,0.6270525860018097,7.964755968996362e-07,4.446432757455873,True,True,mg-2,on,v100__8x8x8x16__c64__l2__trace-on
/root/PyQCU/data/report_multigrid_optimized_20260927/final_protocol/combined/v100__8x8x8x16__c64__l3__trace-off.json,455a2d7e3c876c9ee6609e16c5c95dd612df8aec6c08874646d2d350257f0707,True,v100,True,2909621216aa97ee41dfef9b103687d78c7059f6fc472c744bcaa34e8e63252f,True,8x8x8x16,3,c64,10.0,0.06995337399712298,6.204458943593202e-07,32.0,0.6774973360006697,7.872333949298634e-07,9.684984401589173,True,True,mg-3,off,v100__8x8x8x16__c64__l3__trace-off
/root/PyQCU/data/report_multigrid_optimized_20260927/final_protocol/combined/v100__8x8x8x16__c64__l3__trace-on.json,455a2d7e3c876c9ee6609e16c5c95dd612df8aec6c08874646d2d350257f0707,True,v100,True,2909621216aa97ee41dfef9b103687d78c7059f6fc472c744bcaa34e8e63252f,True,8x8x8x16,3,c64,10.0,0.2723753280006349,6.204458943593202e-07,32.0,0.8622735469980398,7.872333949298634e-07,3.165754965134103,True,True,mg-3,on,v100__8x8x8x16__c64__l3__trace-on
