case_id,side,precision,lattice,trace,levels,solver,device,level,total_seconds,total_iterations,pre_smoother,post_smoother,restriction,prolongation,coarse_solver,other,missing_fields
p100__16x16x16x16__c128__l2__trace-off,pyqcu,c128,16x16x16x16,off,2,,Tesla P100-PCIE-16GB,0,45.18923498,40,0,0,0,0,0,45.18923498,
p100__16x16x16x16__c128__l2__trace-off,pyqcu,c128,16x16x16x16,off,2,,Tesla P100-PCIE-16GB,1,0,198,0,0,0,0,0,0,
p100__16x16x16x16__c128__l2__trace-off,quda,c128,16x16x16x16,off,2,,Tesla P100-PCIE-16GB,0,46.80929374,85,0,0,0,0,0,46.80929374,
p100__16x16x16x16__c128__l2__trace-off,quda,c128,16x16x16x16,off,2,,Tesla P100-PCIE-16GB,1,0,425,0,0,0,0,0,0,
p100__16x16x16x16__c128__l2__trace-on,pyqcu,c128,16x16x16x16,on,2,,Tesla P100-PCIE-16GB,0,54.61242769,40,2.648521791,2.725325498,0.208010768,0.226855825,0,48.80371381,
p100__16x16x16x16__c128__l2__trace-on,pyqcu,c128,16x16x16x16,on,2,,Tesla P100-PCIE-16GB,1,42.93078138,200,0,0,0,0,41.41566547,1.515115909,
p100__16x16x16x16__c128__l2__trace-on,quda,c128,16x16x16x16,on,2,,Tesla P100-PCIE-16GB,0,29.08489225,85,2.713542792,5.225635663,0.135386307,0.097707704,20.90201048,0.0106093,
p100__16x16x16x16__c128__l2__trace-on,quda,c128,16x16x16x16,on,2,,Tesla P100-PCIE-16GB,1,0,425,0,0,0,0,0,0,
p100__16x16x16x16__c128__l3__trace-off,pyqcu,c128,16x16x16x16,off,3,,Tesla P100-PCIE-16GB,0,33.54681913,45,0,0,0,0,0,33.54681913,
p100__16x16x16x16__c128__l3__trace-off,pyqcu,c128,16x16x16x16,off,3,,Tesla P100-PCIE-16GB,1,0,225,0,0,0,0,0,0,
p100__16x16x16x16__c128__l3__trace-off,pyqcu,c128,16x16x16x16,off,3,,Tesla P100-PCIE-16GB,2,0,225,0,0,0,0,0,0,
p100__16x16x16x16__c128__l3__trace-off,quda,c128,16x16x16x16,off,3,,Tesla P100-PCIE-16GB,0,36.574287,87,0,0,0,0,0,36.574287,
p100__16x16x16x16__c128__l3__trace-off,quda,c128,16x16x16x16,off,3,,Tesla P100-PCIE-16GB,1,0,435,0,0,0,0,0,0,
p100__16x16x16x16__c128__l3__trace-off,quda,c128,16x16x16x16,off,3,,Tesla P100-PCIE-16GB,2,0,435,0,0,0,0,0,0,
p100__16x16x16x16__c128__l3__trace-on,pyqcu,c128,16x16x16x16,on,3,,Tesla P100-PCIE-16GB,0,54.63423377,45,3.012594075,2.988980497,0.182443999,0.244235699,0,48.2059795,
p100__16x16x16x16__c128__l3__trace-on,pyqcu,c128,16x16x16x16,on,3,,Tesla P100-PCIE-16GB,1,25.30206197,224,1.591625538,1.650398944,0.218986625,0.08840145,18.85529309,2.897356321,
p100__16x16x16x16__c128__l3__trace-on,pyqcu,c128,16x16x16x16,on,3,,Tesla P100-PCIE-16GB,2,11.51585279,224,0,0,0,0,10.58874187,0.927110919,
p100__16x16x16x16__c128__l3__trace-on,quda,c128,16x16x16x16,on,3,,Tesla P100-PCIE-16GB,0,22.86456093,87,2.653911294,5.404785257,0.105940431,0.081652546,14.60722647,0.011044927,
p100__16x16x16x16__c128__l3__trace-on,quda,c128,16x16x16x16,on,3,,Tesla P100-PCIE-16GB,1,9.767700774,435,2.381901477,3.80452877,0.207364487,0.132814541,3.230472492,0.010619007,
p100__16x16x16x16__c128__l3__trace-on,quda,c128,16x16x16x16,on,3,,Tesla P100-PCIE-16GB,2,0,435,0,0,0,0,0,0,
p100__16x16x16x16__c64__l2__trace-off,pyqcu,c64,16x16x16x16,off,2,,Tesla P100-PCIE-16GB,0,10.06503126,30,0,0,0,0,0,10.06503126,
p100__16x16x16x16__c64__l2__trace-off,pyqcu,c64,16x16x16x16,off,2,,Tesla P100-PCIE-16GB,1,0,150,0,0,0,0,0,0,
p100__16x16x16x16__c64__l2__trace-off,quda,c64,16x16x16x16,off,2,,Tesla P100-PCIE-16GB,0,41.88385812,58,0,0,0,0,0,41.88385812,
p100__16x16x16x16__c64__l2__trace-off,quda,c64,16x16x16x16,off,2,,Tesla P100-PCIE-16GB,1,0,290,0,0,0,0,0,0,
p100__16x16x16x16__c64__l2__trace-on,pyqcu,c64,16x16x16x16,on,2,,Tesla P100-PCIE-16GB,0,26.84546965,30,1.658199813,1.667266327,0.124440566,0.109007027,0,23.28655592,
p100__16x16x16x16__c64__l2__trace-on,pyqcu,c64,16x16x16x16,on,2,,Tesla P100-PCIE-16GB,1,12.54275922,150,0,0,0,0,11.87382265,0.668936572,
p100__16x16x16x16__c64__l2__trace-on,quda,c64,16x16x16x16,on,2,,Tesla P100-PCIE-16GB,0,13.13967994,58,1.312593319,2.717735427,0.157962622,0.08601542,8.858370923,0.007002227,
p100__16x16x16x16__c64__l2__trace-on,quda,c64,16x16x16x16,on,2,,Tesla P100-PCIE-16GB,1,0,290,0,0,0,0,0,0,
p100__16x16x16x16__c64__l3__trace-off,pyqcu,c64,16x16x16x16,off,3,,Tesla P100-PCIE-16GB,0,9.370105339,32,0,0,0,0,0,9.370105339,
p100__16x16x16x16__c64__l3__trace-off,pyqcu,c64,16x16x16x16,off,3,,Tesla P100-PCIE-16GB,1,0,158,0,0,0,0,0,0,
p100__16x16x16x16__c64__l3__trace-off,pyqcu,c64,16x16x16x16,off,3,,Tesla P100-PCIE-16GB,2,0,158,0,0,0,0,0,0,
p100__16x16x16x16__c64__l3__trace-off,quda,c64,16x16x16x16,off,3,,Tesla P100-PCIE-16GB,0,45.71813588,59,0,0,0,0,0,45.71813588,
p100__16x16x16x16__c64__l3__trace-off,quda,c64,16x16x16x16,off,3,,Tesla P100-PCIE-16GB,1,0,295,0,0,0,0,0,0,
p100__16x16x16x16__c64__l3__trace-off,quda,c64,16x16x16x16,off,3,,Tesla P100-PCIE-16GB,2,0,295,0,0,0,0,0,0,
p100__16x16x16x16__c64__l3__trace-on,pyqcu,c64,16x16x16x16,on,3,,Tesla P100-PCIE-16GB,0,29.84992111,32,1.698193253,1.626054576,0.087835913,0.101009612,0,26.33682776,
p100__16x16x16x16__c64__l3__trace-on,pyqcu,c64,16x16x16x16,on,3,,Tesla P100-PCIE-16GB,1,11.43449395,160,0.785233345,0.70510755,0.111683472,0.084417118,8.445091326,1.302961137,
p100__16x16x16x16__c64__l3__trace-on,pyqcu,c64,16x16x16x16,on,3,,Tesla P100-PCIE-16GB,2,5.038009825,160,0,0,0,0,4.462616041,0.575393784,
p100__16x16x16x16__c64__l3__trace-on,quda,c64,16x16x16x16,on,3,,Tesla P100-PCIE-16GB,0,13.19735953,59,1.442584184,2.68024801,0.149534688,0.187411817,8.730729417,0.00685141,
p100__16x16x16x16__c64__l3__trace-on,quda,c64,16x16x16x16,on,3,,Tesla P100-PCIE-16GB,1,5.748846489,295,1.278703886,2.236692161,0.04293835,0.036201247,2.147509549,0.006801296,
p100__16x16x16x16__c64__l3__trace-on,quda,c64,16x16x16x16,on,3,,Tesla P100-PCIE-16GB,2,0,295,0,0,0,0,0,0,
p100__16x16x32x32__c128__l2__trace-off,pyqcu,c128,16x16x32x32,off,2,,Tesla P100-PCIE-16GB,0,130.337769,41,0,0,0,0,0,130.337769,
p100__16x16x32x32__c128__l2__trace-off,pyqcu,c128,16x16x32x32,off,2,,Tesla P100-PCIE-16GB,1,0,205,0,0,0,0,0,0,
p100__16x16x32x32__c128__l2__trace-off,quda,c128,16x16x32x32,off,2,,Tesla P100-PCIE-16GB,0,160.9575785,85,0,0,0,0,0,160.9575785,
p100__16x16x32x32__c128__l2__trace-off,quda,c128,16x16x32x32,off,2,,Tesla P100-PCIE-16GB,1,0,425,0,0,0,0,0,0,
p100__16x16x32x32__c128__l2__trace-on,pyqcu,c128,16x16x32x32,on,2,,Tesla P100-PCIE-16GB,0,131.5946167,41,4.746489374,4.509490158,0.645932931,0.639295091,0,121.0534091,
p100__16x16x32x32__c128__l2__trace-on,pyqcu,c128,16x16x32x32,on,2,,Tesla P100-PCIE-16GB,1,144.5978386,207,0,0,0,0,140.1028543,4.494984378,
p100__16x16x32x32__c128__l2__trace-on,quda,c128,16x16x32x32,on,2,,Tesla P100-PCIE-16GB,0,104.2518752,85,7.249269499,13.93826884,0.663307368,0.360257685,82.03007108,0.010700677,
p100__16x16x32x32__c128__l2__trace-on,quda,c128,16x16x32x32,on,2,,Tesla P100-PCIE-16GB,1,0,425,0,0,0,0,0,0,
p100__16x16x32x32__c128__l3__trace-off,pyqcu,c128,16x16x32x32,off,3,,Tesla P100-PCIE-16GB,0,75.00622651,46,0,0,0,0,0,75.00622651,
p100__16x16x32x32__c128__l3__trace-off,pyqcu,c128,16x16x32x32,off,3,,Tesla P100-PCIE-16GB,1,0,230,0,0,0,0,0,0,
p100__16x16x32x32__c128__l3__trace-off,pyqcu,c128,16x16x32x32,off,3,,Tesla P100-PCIE-16GB,2,0,230,0,0,0,0,0,0,
p100__16x16x32x32__c128__l3__trace-off,quda,c128,16x16x32x32,off,3,,Tesla P100-PCIE-16GB,0,104.3199268,89,0,0,0,0,0,104.3199268,
p100__16x16x32x32__c128__l3__trace-off,quda,c128,16x16x32x32,off,3,,Tesla P100-PCIE-16GB,1,0,445,0,0,0,0,0,0,
p100__16x16x32x32__c128__l3__trace-off,quda,c128,16x16x32x32,off,3,,Tesla P100-PCIE-16GB,2,0,445,0,0,0,0,0,0,
p100__16x16x32x32__c128__l3__trace-on,pyqcu,c128,16x16x32x32,on,3,,Tesla P100-PCIE-16GB,0,110.0250125,46,5.388582327,5.315543884,0.656155012,0.775516542,0,97.88921472,
p100__16x16x32x32__c128__l3__trace-on,pyqcu,c128,16x16x32x32,on,3,,Tesla P100-PCIE-16GB,1,68.25769832,230,5.064602129,5.007003695,0.101721028,0.231164144,47.08019543,10.77301189,
p100__16x16x32x32__c128__l3__trace-on,pyqcu,c128,16x16x32x32,on,3,,Tesla P100-PCIE-16GB,2,15.74252553,230,0,0,0,0,14.78102816,0.961497369,
p100__16x16x32x32__c128__l3__trace-on,quda,c128,16x16x32x32,on,3,,Tesla P100-PCIE-16GB,0,64.70783895,89,7.370815323,15.68737298,0.729810337,0.37357658,40.53486982,0.011393913,
p100__16x16x32x32__c128__l3__trace-on,quda,c128,16x16x32x32,on,3,,Tesla P100-PCIE-16GB,1,28.08458165,445,6.11882447,11.92481072,0.13144674,0.099560739,9.798508367,0.011430618,
p100__16x16x32x32__c128__l3__trace-on,quda,c128,16x16x32x32,on,3,,Tesla P100-PCIE-16GB,2,0,445,0,0,0,0,0,0,
p100__8x8x8x16__c128__l2__trace-off,pyqcu,c128,8x8x8x16,off,2,,Tesla P100-PCIE-16GB,0,30.44629508,14,0,0,0,0,0,30.44629508,
p100__8x8x8x16__c128__l2__trace-off,pyqcu,c128,8x8x8x16,off,2,,Tesla P100-PCIE-16GB,1,0,69,0,0,0,0,0,0,
p100__8x8x8x16__c128__l2__trace-off,quda,c128,8x8x8x16,off,2,,Tesla P100-PCIE-16GB,0,39.15965892,45,0,0,0,0,0,39.15965892,
p100__8x8x8x16__c128__l2__trace-off,quda,c128,8x8x8x16,off,2,,Tesla P100-PCIE-16GB,1,0,225,0,0,0,0,0,0,
p100__8x8x8x16__c128__l2__trace-on,pyqcu,c128,8x8x8x16,on,2,,Tesla P100-PCIE-16GB,0,27.63855334,13,0.803587882,0.764381705,0.019218308,0.045735365,0,26.00563008,
p100__8x8x8x16__c128__l2__trace-on,pyqcu,c128,8x8x8x16,on,2,,Tesla P100-PCIE-16GB,1,37.80825926,67,0,0,0,0,37.49603372,0.312225531,
p100__8x8x8x16__c128__l2__trace-on,quda,c128,8x8x8x16,on,2,,Tesla P100-PCIE-16GB,0,26.32041001,45,1.153909561,1.795387531,0.038192755,0.032117407,23.29551975,0.005283012,
p100__8x8x8x16__c128__l2__trace-on,quda,c128,8x8x8x16,on,2,,Tesla P100-PCIE-16GB,1,0,225,0,0,0,0,0,0,
p100__8x8x8x16__c128__l3__trace-off,pyqcu,c128,8x8x8x16,off,3,,Tesla P100-PCIE-16GB,0,23.9799663,15,0,0,0,0,0,23.9799663,
p100__8x8x8x16__c128__l3__trace-off,pyqcu,c128,8x8x8x16,off,3,,Tesla P100-PCIE-16GB,1,0,75,0,0,0,0,0,0,
p100__8x8x8x16__c128__l3__trace-off,pyqcu,c128,8x8x8x16,off,3,,Tesla P100-PCIE-16GB,2,0,75,0,0,0,0,0,0,
p100__8x8x8x16__c128__l3__trace-off,quda,c128,8x8x8x16,off,3,,Tesla P100-PCIE-16GB,0,28.6600141,45,0,0,0,0,0,28.6600141,
p100__8x8x8x16__c128__l3__trace-off,quda,c128,8x8x8x16,off,3,,Tesla P100-PCIE-16GB,1,0,225,0,0,0,0,0,0,
p100__8x8x8x16__c128__l3__trace-off,quda,c128,8x8x8x16,off,3,,Tesla P100-PCIE-16GB,2,0,225,0,0,0,0,0,0,
p100__8x8x8x16__c128__l3__trace-on,pyqcu,c128,8x8x8x16,on,3,,Tesla P100-PCIE-16GB,0,28.01502873,16,0.886607162,0.933956683,0.046251829,0.023221575,0,26.12499148,
p100__8x8x8x16__c128__l3__trace-on,pyqcu,c128,8x8x8x16,on,3,,Tesla P100-PCIE-16GB,1,19.02385013,81,0.344250466,0.396289351,0.052642823,0.027698028,17.62193935,0.581030109,
p100__8x8x8x16__c128__l3__trace-on,pyqcu,c128,8x8x8x16,on,3,,Tesla P100-PCIE-16GB,2,29.09664226,81,0,0,0,0,28.82200209,0.274640169,
p100__8x8x8x16__c128__l3__trace-on,quda,c128,8x8x8x16,on,3,,Tesla P100-PCIE-16GB,0,19.60549789,45,1.147672056,1.930830968,0.035315912,0.030733531,16.45533449,0.005610936,
p100__8x8x8x16__c128__l3__trace-on,quda,c128,8x8x8x16,on,3,,Tesla P100-PCIE-16GB,1,14.91792355,225,0.727090454,1.154828566,0.027694243,0.027041595,12.97597436,0.005294324,
p100__8x8x8x16__c128__l3__trace-on,quda,c128,8x8x8x16,on,3,,Tesla P100-PCIE-16GB,2,0,225,0,0,0,0,0,0,
p100__8x8x8x16__c64__l2__trace-off,pyqcu,c64,8x8x8x16,off,2,,Tesla P100-PCIE-16GB,0,5.389207179,9,0,0,0,0,0,5.389207179,
p100__8x8x8x16__c64__l2__trace-off,pyqcu,c64,8x8x8x16,off,2,,Tesla P100-PCIE-16GB,1,0,45,0,0,0,0,0,0,
p100__8x8x8x16__c64__l2__trace-off,quda,c64,8x8x8x16,off,2,,Tesla P100-PCIE-16GB,0,15.83175647,32,0,0,0,0,0,15.83175647,
p100__8x8x8x16__c64__l2__trace-off,quda,c64,8x8x8x16,off,2,,Tesla P100-PCIE-16GB,1,0,160,0,0,0,0,0,0,
p100__8x8x8x16__c64__l2__trace-on,pyqcu,c64,8x8x8x16,on,2,,Tesla P100-PCIE-16GB,0,5.892365666,9,0.270699694,0.270533189,0.00749087,0.004755194,0,5.338886719,
p100__8x8x8x16__c64__l2__trace-on,pyqcu,c64,8x8x8x16,on,2,,Tesla P100-PCIE-16GB,1,5.22642855,46,0,0,0,0,5.16511462,0.06131393,
p100__8x8x8x16__c64__l2__trace-on,quda,c64,8x8x8x16,on,2,,Tesla P100-PCIE-16GB,0,3.811096433,32,0.416966123,0.693392973,0.020347063,0.019152176,2.657292142,0.003945956,
p100__8x8x8x16__c64__l2__trace-on,quda,c64,8x8x8x16,on,2,,Tesla P100-PCIE-16GB,1,0,160,0,0,0,0,0,0,
p100__8x8x8x16__c64__l3__trace-off,pyqcu,c64,8x8x8x16,off,3,,Tesla P100-PCIE-16GB,0,5.907402434,10,0,0,0,0,0,5.907402434,
p100__8x8x8x16__c64__l3__trace-off,pyqcu,c64,8x8x8x16,off,3,,Tesla P100-PCIE-16GB,1,0,50,0,0,0,0,0,0,
p100__8x8x8x16__c64__l3__trace-off,pyqcu,c64,8x8x8x16,off,3,,Tesla P100-PCIE-16GB,2,0,50,0,0,0,0,0,0,
p100__8x8x8x16__c64__l3__trace-off,quda,c64,8x8x8x16,off,3,,Tesla P100-PCIE-16GB,0,16.43125121,32,0,0,0,0,0,16.43125121,
p100__8x8x8x16__c64__l3__trace-off,quda,c64,8x8x8x16,off,3,,Tesla P100-PCIE-16GB,1,0,160,0,0,0,0,0,0,
p100__8x8x8x16__c64__l3__trace-off,quda,c64,8x8x8x16,off,3,,Tesla P100-PCIE-16GB,2,0,160,0,0,0,0,0,0,
p100__8x8x8x16__c64__l3__trace-on,pyqcu,c64,8x8x8x16,on,3,,Tesla P100-PCIE-16GB,0,7.76370629,10,0.337085863,0.346569448,0.007825379,0.007410752,0,7.064814848,
p100__8x8x8x16__c64__l3__trace-on,pyqcu,c64,8x8x8x16,on,3,,Tesla P100-PCIE-16GB,1,4.162768084,52,0.095197209,0.085910241,0.011027974,0.006387194,3.823227465,0.141018001,
p100__8x8x8x16__c64__l3__trace-on,pyqcu,c64,8x8x8x16,on,3,,Tesla P100-PCIE-16GB,2,5.906920802,52,0,0,0,0,5.83304429,0.073876512,
p100__8x8x8x16__c64__l3__trace-on,quda,c64,8x8x8x16,on,3,,Tesla P100-PCIE-16GB,0,4.813755509,32,0.420772015,0.714922566,0.023778662,0.021383616,3.62932602,0.00357263,
p100__8x8x8x16__c64__l3__trace-on,quda,c64,8x8x8x16,on,3,,Tesla P100-PCIE-16GB,1,3.006335891,160,0.282427237,0.428646604,0.020093129,0.017987903,2.253674013,0.003507005,
p100__8x8x8x16__c64__l3__trace-on,quda,c64,8x8x8x16,on,3,,Tesla P100-PCIE-16GB,2,0,160,0,0,0,0,0,0,
v100__16x16x16x16__c128__l2__trace-off,pyqcu,c128,16x16x16x16,off,2,,Tesla V100-SXM2-32GB,0,5.221202981,40,0,0,0,0,0,5.221202981,
v100__16x16x16x16__c128__l2__trace-off,pyqcu,c128,16x16x16x16,off,2,,Tesla V100-SXM2-32GB,1,0,200,0,0,0,0,0,0,
v100__16x16x16x16__c128__l2__trace-off,quda,c128,16x16x16x16,off,2,,Tesla V100-SXM2-32GB,0,10.60013675,85,0,0,0,0,0,10.60013675,
v100__16x16x16x16__c128__l2__trace-off,quda,c128,16x16x16x16,off,2,,Tesla V100-SXM2-32GB,1,0,425,0,0,0,0,0,0,
v100__16x16x16x16__c128__l2__trace-on,pyqcu,c128,16x16x16x16,on,2,,Tesla V100-SXM2-32GB,0,6.451710717,40,0.147491965,0.150223918,0.124386772,0.112609319,0,5.916998743,
v100__16x16x16x16__c128__l2__trace-on,pyqcu,c128,16x16x16x16,on,2,,Tesla V100-SXM2-32GB,1,5.88662875,200,0,0,0,0,5.603003556,0.283625194,
v100__16x16x16x16__c128__l2__trace-on,quda,c128,16x16x16x16,on,2,,Tesla V100-SXM2-32GB,0,5.732989665,85,0.644858882,0.901433034,0.181645794,0.11645012,3.878550097,0.010051738,
v100__16x16x16x16__c128__l2__trace-on,quda,c128,16x16x16x16,on,2,,Tesla V100-SXM2-32GB,1,0,425,0,0,0,0,0,0,
v100__16x16x16x16__c128__l3__trace-off,pyqcu,c128,16x16x16x16,off,3,,Tesla V100-SXM2-32GB,0,3.065321765,44,0,0,0,0,0,3.065321765,
v100__16x16x16x16__c128__l3__trace-off,pyqcu,c128,16x16x16x16,off,3,,Tesla V100-SXM2-32GB,1,0,220,0,0,0,0,0,0,
v100__16x16x16x16__c128__l3__trace-off,pyqcu,c128,16x16x16x16,off,3,,Tesla V100-SXM2-32GB,2,0,220,0,0,0,0,0,0,
v100__16x16x16x16__c128__l3__trace-off,quda,c128,16x16x16x16,off,3,,Tesla V100-SXM2-32GB,0,9.868622508,87,0,0,0,0,0,9.868622508,
v100__16x16x16x16__c128__l3__trace-off,quda,c128,16x16x16x16,off,3,,Tesla V100-SXM2-32GB,1,0,435,0,0,0,0,0,0,
v100__16x16x16x16__c128__l3__trace-off,quda,c128,16x16x16x16,off,3,,Tesla V100-SXM2-32GB,2,0,435,0,0,0,0,0,0,
v100__16x16x16x16__c128__l3__trace-on,pyqcu,c128,16x16x16x16,on,3,,Tesla V100-SXM2-32GB,0,6.934046799,44,0.166005742,0.158034373,0.142549922,0.112119802,0,6.35533696,
v100__16x16x16x16__c128__l3__trace-on,pyqcu,c128,16x16x16x16,on,3,,Tesla V100-SXM2-32GB,1,4.49430099,220,0.227729693,0.233509625,0.042518197,0.042718097,3.439079976,0.508745402,
v100__16x16x16x16__c128__l3__trace-on,pyqcu,c128,16x16x16x16,on,3,,Tesla V100-SXM2-32GB,2,0.970779251,220,0,0,0,0,0.867035519,0.103743732,
v100__16x16x16x16__c128__l3__trace-on,quda,c128,16x16x16x16,on,3,,Tesla V100-SXM2-32GB,0,5.973810781,87,0.652374706,0.894780064,0.181894334,0.113647725,4.121351915,0.009762037,
v100__16x16x16x16__c128__l3__trace-on,quda,c128,16x16x16x16,on,3,,Tesla V100-SXM2-32GB,1,2.597946457,435,0.692484512,0.999104644,0.057514455,0.05125031,0.787531092,0.010061444,
v100__16x16x16x16__c128__l3__trace-on,quda,c128,16x16x16x16,on,3,,Tesla V100-SXM2-32GB,2,0,435,0,0,0,0,0,0,
v100__16x16x16x16__c64__l2__trace-off,pyqcu,c64,16x16x16x16,off,2,,Tesla V100-SXM2-32GB,0,1.438862487,30,0,0,0,0,0,1.438862487,
v100__16x16x16x16__c64__l2__trace-off,pyqcu,c64,16x16x16x16,off,2,,Tesla V100-SXM2-32GB,1,0,150,0,0,0,0,0,0,
v100__16x16x16x16__c64__l2__trace-off,quda,c64,16x16x16x16,off,2,,Tesla V100-SXM2-32GB,0,12.72276351,58,0,0,0,0,0,12.72276351,
v100__16x16x16x16__c64__l2__trace-off,quda,c64,16x16x16x16,off,2,,Tesla V100-SXM2-32GB,1,0,290,0,0,0,0,0,0,
v100__16x16x16x16__c64__l2__trace-on,pyqcu,c64,16x16x16x16,on,2,,Tesla V100-SXM2-32GB,0,2.201063599,30,0.048812973,0.044605218,0.039269089,0.039064969,0,2.02931135,
v100__16x16x16x16__c64__l2__trace-on,pyqcu,c64,16x16x16x16,on,2,,Tesla V100-SXM2-32GB,1,1.507669156,150,0,0,0,0,1.419969929,0.087699227,
v100__16x16x16x16__c64__l2__trace-on,quda,c64,16x16x16x16,on,2,,Tesla V100-SXM2-32GB,0,2.040758617,58,0.342305505,0.463253465,0.064351617,0.040258111,1.124177515,0.006412404,
v100__16x16x16x16__c64__l2__trace-on,quda,c64,16x16x16x16,on,2,,Tesla V100-SXM2-32GB,1,0,290,0,0,0,0,0,0,
v100__16x16x16x16__c64__l3__trace-off,pyqcu,c64,16x16x16x16,off,3,,Tesla V100-SXM2-32GB,0,1.078172232,31,0,0,0,0,0,1.078172232,
v100__16x16x16x16__c64__l3__trace-off,pyqcu,c64,16x16x16x16,off,3,,Tesla V100-SXM2-32GB,1,0,155,0,0,0,0,0,0,
v100__16x16x16x16__c64__l3__trace-off,pyqcu,c64,16x16x16x16,off,3,,Tesla V100-SXM2-32GB,2,0,155,0,0,0,0,0,0,
v100__16x16x16x16__c64__l3__trace-off,quda,c64,16x16x16x16,off,3,,Tesla V100-SXM2-32GB,0,10.84667038,59,0,0,0,0,0,10.84667038,
v100__16x16x16x16__c64__l3__trace-off,quda,c64,16x16x16x16,off,3,,Tesla V100-SXM2-32GB,1,0,295,0,0,0,0,0,0,
v100__16x16x16x16__c64__l3__trace-off,quda,c64,16x16x16x16,off,3,,Tesla V100-SXM2-32GB,2,0,295,0,0,0,0,0,0,
v100__16x16x16x16__c64__l3__trace-on,pyqcu,c64,16x16x16x16,on,3,,Tesla V100-SXM2-32GB,0,2.964632542,31,0.053614119,0.047178792,0.041461616,0.040443153,0,2.781934862,
v100__16x16x16x16__c64__l3__trace-on,pyqcu,c64,16x16x16x16,on,3,,Tesla V100-SXM2-32GB,1,1.921039779,155,0.076181988,0.071152956,0.018257694,0.014157826,1.581843671,0.159445644,
v100__16x16x16x16__c64__l3__trace-on,pyqcu,c64,16x16x16x16,on,3,,Tesla V100-SXM2-32GB,2,0.481289225,155,0,0,0,0,0.438466308,0.042822917,
v100__16x16x16x16__c64__l3__trace-on,quda,c64,16x16x16x16,on,3,,Tesla V100-SXM2-32GB,0,3.35448116,59,0.368442886,0.499936118,0.068891715,0.045457549,2.364678046,0.007074846,
v100__16x16x16x16__c64__l3__trace-on,quda,c64,16x16x16x16,on,3,,Tesla V100-SXM2-32GB,1,1.511921316,295,0.394343708,0.518227463,0.029637057,0.03382051,0.528858635,0.007033943,
v100__16x16x16x16__c64__l3__trace-on,quda,c64,16x16x16x16,on,3,,Tesla V100-SXM2-32GB,2,0,295,0,0,0,0,0,0,
v100__16x16x32x32__c128__l2__trace-off,pyqcu,c128,16x16x32x32,off,2,,Tesla V100-SXM2-32GB,0,46.65812741,41,0,0,0,0,0,46.65812741,
v100__16x16x32x32__c128__l2__trace-off,pyqcu,c128,16x16x32x32,off,2,,Tesla V100-SXM2-32GB,1,0,205,0,0,0,0,0,0,
v100__16x16x32x32__c128__l2__trace-off,quda,c128,16x16x32x32,off,2,,Tesla V100-SXM2-32GB,0,28.67308421,85,0,0,0,0,0,28.67308421,
v100__16x16x32x32__c128__l2__trace-off,quda,c128,16x16x32x32,off,2,,Tesla V100-SXM2-32GB,1,0,425,0,0,0,0,0,0,
v100__16x16x32x32__c128__l2__trace-on,pyqcu,c128,16x16x32x32,on,2,,Tesla V100-SXM2-32GB,0,24.06004966,41,0.568580094,0.520717235,0.581719982,0.470331903,0,21.91870045,
v100__16x16x32x32__c128__l2__trace-on,pyqcu,c128,16x16x32x32,on,2,,Tesla V100-SXM2-32GB,1,27.83033304,205,0,0,0,0,26.7818283,1.048504747,
v100__16x16x32x32__c128__l2__trace-on,quda,c128,16x16x32x32,on,2,,Tesla V100-SXM2-32GB,0,17.94468349,85,1.135737609,1.623533278,0.555982291,0.327368872,14.29254521,0.009516233,
v100__16x16x32x32__c128__l2__trace-on,quda,c128,16x16x32x32,on,2,,Tesla V100-SXM2-32GB,1,0,425,0,0,0,0,0,0,
v100__16x16x32x32__c128__l3__trace-off,pyqcu,c128,16x16x32x32,off,3,,Tesla V100-SXM2-32GB,0,11.58349227,46,0,0,0,0,0,11.58349227,
v100__16x16x32x32__c128__l3__trace-off,pyqcu,c128,16x16x32x32,off,3,,Tesla V100-SXM2-32GB,1,0,230,0,0,0,0,0,0,
v100__16x16x32x32__c128__l3__trace-off,pyqcu,c128,16x16x32x32,off,3,,Tesla V100-SXM2-32GB,2,0,230,0,0,0,0,0,0,
v100__16x16x32x32__c128__l3__trace-off,quda,c128,16x16x32x32,off,3,,Tesla V100-SXM2-32GB,0,20.78460986,89,0,0,0,0,0,20.78460986,
v100__16x16x32x32__c128__l3__trace-off,quda,c128,16x16x32x32,off,3,,Tesla V100-SXM2-32GB,1,0,445,0,0,0,0,0,0,
v100__16x16x32x32__c128__l3__trace-off,quda,c128,16x16x32x32,off,3,,Tesla V100-SXM2-32GB,2,0,445,0,0,0,0,0,0,
v100__16x16x32x32__c128__l3__trace-on,pyqcu,c128,16x16x32x32,on,3,,Tesla V100-SXM2-32GB,0,19.3470504,46,0.618543751,0.573173302,0.639092897,0.517083861,0,16.99915659,
v100__16x16x32x32__c128__l3__trace-on,pyqcu,c128,16x16x32x32,on,3,,Tesla V100-SXM2-32GB,1,13.27885118,230,0.95290977,0.940850999,0.071959027,0.078547292,9.129314673,2.105269424,
v100__16x16x32x32__c128__l3__trace-on,pyqcu,c128,16x16x32x32,on,3,,Tesla V100-SXM2-32GB,2,1.411841559,230,0,0,0,0,1.284993866,0.126847693,
v100__16x16x32x32__c128__l3__trace-on,quda,c128,16x16x32x32,on,3,,Tesla V100-SXM2-32GB,0,12.3434341,89,1.151296089,1.732966264,0.61017656,0.340124835,8.497585026,0.011285328,
v100__16x16x32x32__c128__l3__trace-on,quda,c128,16x16x32x32,on,3,,Tesla V100-SXM2-32GB,1,5.471424267,445,1.374664622,2.317864627,0.092822659,0.067967768,1.607330988,0.010773603,
v100__16x16x32x32__c128__l3__trace-on,quda,c128,16x16x32x32,on,3,,Tesla V100-SXM2-32GB,2,0,445,0,0,0,0,0,0,
v100__16x32x32x48__c64__l2__trace-off,pyqcu,c64,16x32x32x48,off,2,,Tesla V100-SXM2-32GB,0,13.60588572,11,0,0,0,0,0,13.60588572,
v100__16x32x32x48__c64__l2__trace-off,pyqcu,c64,16x32x32x48,off,2,,Tesla V100-SXM2-32GB,1,0,55,0,0,0,0,0,0,
v100__16x32x32x48__c64__l2__trace-off,quda,c64,16x32x32x48,off,2,,Tesla V100-SXM2-32GB,0,18.89020399,37,0,0,0,0,0,18.89020399,
v100__16x32x32x48__c64__l2__trace-off,quda,c64,16x32x32x48,off,2,,Tesla V100-SXM2-32GB,1,0,185,0,0,0,0,0,0,
v100__16x32x32x48__c64__l2__trace-on,pyqcu,c64,16x32x32x48,on,2,,Tesla V100-SXM2-32GB,0,14.61416709,11,0.197903206,0.190280257,0.243101882,0.184116489,0,13.79876526,
v100__16x32x32x48__c64__l2__trace-on,pyqcu,c64,16x32x32x48,on,2,,Tesla V100-SXM2-32GB,1,21.95289591,55,0,0,0,0,21.49520544,0.457690471,
v100__16x32x32x48__c64__l2__trace-on,quda,c64,16x32x32x48,on,2,,Tesla V100-SXM2-32GB,0,12.80318504,37,0.632181203,0.924268682,0.449075161,0.223423821,10.56935058,0.004885594,
v100__16x32x32x48__c64__l2__trace-on,quda,c64,16x32x32x48,on,2,,Tesla V100-SXM2-32GB,1,0,185,0,0,0,0,0,0,
v100__16x32x32x48__c64__l3__trace-off,pyqcu,c64,16x32x32x48,off,3,,Tesla V100-SXM2-32GB,0,5.719610991,14,0,0,0,0,0,5.719610991,
v100__16x32x32x48__c64__l3__trace-off,pyqcu,c64,16x32x32x48,off,3,,Tesla V100-SXM2-32GB,1,0,70,0,0,0,0,0,0,
v100__16x32x32x48__c64__l3__trace-off,pyqcu,c64,16x32x32x48,off,3,,Tesla V100-SXM2-32GB,2,0,70,0,0,0,0,0,0,
v100__16x32x32x48__c64__l3__trace-off,quda,c64,16x32x32x48,off,3,,Tesla V100-SXM2-32GB,0,11.41711933,39,0,0,0,0,0,11.41711933,
v100__16x32x32x48__c64__l3__trace-off,quda,c64,16x32x32x48,off,3,,Tesla V100-SXM2-32GB,1,0,195,0,0,0,0,0,0,
v100__16x32x32x48__c64__l3__trace-off,quda,c64,16x32x32x48,off,3,,Tesla V100-SXM2-32GB,2,0,195,0,0,0,0,0,0,
v100__16x32x32x48__c64__l3__trace-on,pyqcu,c64,16x32x32x48,on,3,,Tesla V100-SXM2-32GB,0,8.83861687,14,0.282236443,0.254837622,0.2866573,0.239307398,0,7.775578107,
v100__16x32x32x48__c64__l3__trace-on,pyqcu,c64,16x32x32x48,on,3,,Tesla V100-SXM2-32GB,1,6.471948094,70,0.460537412,0.484666452,0.030194091,0.030955943,4.449753745,1.015840451,
v100__16x32x32x48__c64__l3__trace-on,pyqcu,c64,16x32x32x48,on,3,,Tesla V100-SXM2-32GB,2,1.055582309,70,0,0,0,0,1.009201863,0.046380446,
v100__16x32x32x48__c64__l3__trace-on,quda,c64,16x32x32x48,on,3,,Tesla V100-SXM2-32GB,0,7.817663366,39,0.66566811,1.037941,0.473046515,0.258283166,5.377304656,0.005419919,
v100__16x32x32x48__c64__l3__trace-on,quda,c64,16x32x32x48,on,3,,Tesla V100-SXM2-32GB,1,3.543262656,195,0.844860684,1.469810572,0.055574826,0.043774636,1.123466107,0.005775831,
v100__16x32x32x48__c64__l3__trace-on,quda,c64,16x32x32x48,on,3,,Tesla V100-SXM2-32GB,2,0,195,0,0,0,0,0,0,
v100__8x8x8x16__c128__l2__trace-off,pyqcu,c128,8x8x8x16,off,2,,Tesla V100-SXM2-32GB,0,1.101180433,13,0,0,0,0,0,1.101180433,
v100__8x8x8x16__c128__l2__trace-off,pyqcu,c128,8x8x8x16,off,2,,Tesla V100-SXM2-32GB,1,0,65,0,0,0,0,0,0,
v100__8x8x8x16__c128__l2__trace-off,quda,c128,8x8x8x16,off,2,,Tesla V100-SXM2-32GB,0,9.089920769,45,0,0,0,0,0,9.089920769,
v100__8x8x8x16__c128__l2__trace-off,quda,c128,8x8x8x16,off,2,,Tesla V100-SXM2-32GB,1,0,225,0,0,0,0,0,0,
v100__8x8x8x16__c128__l2__trace-on,pyqcu,c128,8x8x8x16,on,2,,Tesla V100-SXM2-32GB,0,1.369221237,13,0.024065368,0.019148696,0.012717725,0.011120936,0,1.302168512,
v100__8x8x8x16__c128__l2__trace-on,pyqcu,c128,8x8x8x16,on,2,,Tesla V100-SXM2-32GB,1,1.425374145,65,0,0,0,0,1.391436306,0.033937839,
v100__8x8x8x16__c128__l2__trace-on,quda,c128,8x8x8x16,on,2,,Tesla V100-SXM2-32GB,0,4.909427557,45,0.30025348,0.400443525,0.038734215,0.027478875,4.137389769,0.005127693,
v100__8x8x8x16__c128__l2__trace-on,quda,c128,8x8x8x16,on,2,,Tesla V100-SXM2-32GB,1,0,225,0,0,0,0,0,0,
v100__8x8x8x16__c128__l3__trace-off,pyqcu,c128,8x8x8x16,off,3,,Tesla V100-SXM2-32GB,0,0.748386277,14,0,0,0,0,0,0.748386277,
v100__8x8x8x16__c128__l3__trace-off,pyqcu,c128,8x8x8x16,off,3,,Tesla V100-SXM2-32GB,1,0,70,0,0,0,0,0,0,
v100__8x8x8x16__c128__l3__trace-off,pyqcu,c128,8x8x8x16,off,3,,Tesla V100-SXM2-32GB,2,0,70,0,0,0,0,0,0,
v100__8x8x8x16__c128__l3__trace-off,quda,c128,8x8x8x16,off,3,,Tesla V100-SXM2-32GB,0,9.427354314,45,0,0,0,0,0,9.427354314,
v100__8x8x8x16__c128__l3__trace-off,quda,c128,8x8x8x16,off,3,,Tesla V100-SXM2-32GB,1,0,225,0,0,0,0,0,0,
v100__8x8x8x16__c128__l3__trace-off,quda,c128,8x8x8x16,off,3,,Tesla V100-SXM2-32GB,2,0,225,0,0,0,0,0,0,
v100__8x8x8x16__c128__l3__trace-on,pyqcu,c128,8x8x8x16,on,3,,Tesla V100-SXM2-32GB,0,1.715111942,14,0.034508394,0.02549208,0.014421165,0.014337962,0,1.626352341,
v100__8x8x8x16__c128__l3__trace-on,pyqcu,c128,8x8x8x16,on,3,,Tesla V100-SXM2-32GB,1,1.157745297,70,0.027928795,0.02469634,0.01577143,0.010742001,1.017719019,0.060887712,
v100__8x8x8x16__c128__l3__trace-on,pyqcu,c128,8x8x8x16,on,3,,Tesla V100-SXM2-32GB,2,0.806171744,70,0,0,0,0,0.775740239,0.030431505,
v100__8x8x8x16__c128__l3__trace-on,quda,c128,8x8x8x16,on,3,,Tesla V100-SXM2-32GB,0,5.293774509,45,0.296918459,0.379454074,0.036330925,0.032261696,4.54364747,0.005161885,
v100__8x8x8x16__c128__l3__trace-on,quda,c128,8x8x8x16,on,3,,Tesla V100-SXM2-32GB,1,3.922140894,225,0.268798298,0.378500423,0.027036219,0.029251232,3.213585653,0.004969069,
v100__8x8x8x16__c128__l3__trace-on,quda,c128,8x8x8x16,on,3,,Tesla V100-SXM2-32GB,2,0,225,0,0,0,0,0,0,
v100__8x8x8x16__c64__l2__trace-off,pyqcu,c64,8x8x8x16,off,2,,Tesla V100-SXM2-32GB,0,0.329132322,9,0,0,0,0,0,0.329132322,
v100__8x8x8x16__c64__l2__trace-off,pyqcu,c64,8x8x8x16,off,2,,Tesla V100-SXM2-32GB,1,0,45,0,0,0,0,0,0,
v100__8x8x8x16__c64__l2__trace-off,quda,c64,8x8x8x16,off,2,,Tesla V100-SXM2-32GB,0,6.716545352,32,0,0,0,0,0,6.716545352,
v100__8x8x8x16__c64__l2__trace-off,quda,c64,8x8x8x16,off,2,,Tesla V100-SXM2-32GB,1,0,160,0,0,0,0,0,0,
v100__8x8x8x16__c64__l2__trace-on,pyqcu,c64,8x8x8x16,on,2,,Tesla V100-SXM2-32GB,0,0.643795846,9,0.015548782,0.013327704,0.005732117,0.005342501,0,0.603844742,
v100__8x8x8x16__c64__l2__trace-on,pyqcu,c64,8x8x8x16,on,2,,Tesla V100-SXM2-32GB,1,0.446748024,45,0,0,0,0,0.431777054,0.01497097,
v100__8x8x8x16__c64__l2__trace-on,quda,c64,8x8x8x16,on,2,,Tesla V100-SXM2-32GB,0,1.423315691,32,0.174688397,0.235485082,0.015700524,0.015008684,0.9789109,0.003522104,
v100__8x8x8x16__c64__l2__trace-on,quda,c64,8x8x8x16,on,2,,Tesla V100-SXM2-32GB,1,0,160,0,0,0,0,0,0,
v100__8x8x8x16__c64__l3__trace-off,pyqcu,c64,8x8x8x16,off,3,,Tesla V100-SXM2-32GB,0,0.417058934,10,0,0,0,0,0,0.417058934,
v100__8x8x8x16__c64__l3__trace-off,pyqcu,c64,8x8x8x16,off,3,,Tesla V100-SXM2-32GB,1,0,50,0,0,0,0,0,0,
v100__8x8x8x16__c64__l3__trace-off,pyqcu,c64,8x8x8x16,off,3,,Tesla V100-SXM2-32GB,2,0,50,0,0,0,0,0,0,
v100__8x8x8x16__c64__l3__trace-off,quda,c64,8x8x8x16,off,3,,Tesla V100-SXM2-32GB,0,7.229860314,32,0,0,0,0,0,7.229860314,
v100__8x8x8x16__c64__l3__trace-off,quda,c64,8x8x8x16,off,3,,Tesla V100-SXM2-32GB,1,0,160,0,0,0,0,0,0,
v100__8x8x8x16__c64__l3__trace-off,quda,c64,8x8x8x16,off,3,,Tesla V100-SXM2-32GB,2,0,160,0,0,0,0,0,0,
v100__8x8x8x16__c64__l3__trace-on,pyqcu,c64,8x8x8x16,on,3,,Tesla V100-SXM2-32GB,0,0.758569023,10,0.009756397,0.008428914,0.004785693,0.003807032,0,0.731790987,
v100__8x8x8x16__c64__l3__trace-on,pyqcu,c64,8x8x8x16,on,3,,Tesla V100-SXM2-32GB,1,0.507918723,50,0.01154201,0.010139119,0.004795992,0.003182399,0.455291706,0.022967497,
v100__8x8x8x16__c64__l3__trace-on,pyqcu,c64,8x8x8x16,on,3,,Tesla V100-SXM2-32GB,2,0.31942549,50,0,0,0,0,0.307450866,0.011974624,
v100__8x8x8x16__c64__l3__trace-on,quda,c64,8x8x8x16,on,3,,Tesla V100-SXM2-32GB,0,2.239796947,32,0.171407668,0.225056561,0.015617938,0.014008032,1.810114034,0.003592714,
v100__8x8x8x16__c64__l3__trace-on,quda,c64,8x8x8x16,on,3,,Tesla V100-SXM2-32GB,1,1.42219922,160,0.171865199,0.24141043,0.013588609,0.014760069,0.976850383,0.00372453,
v100__8x8x8x16__c64__l3__trace-on,quda,c64,8x8x8x16,on,3,,Tesla V100-SXM2-32GB,2,0,160,0,0,0,0,0,0,
