side,precision,lattice,trace,levels,solver,device,phase,total_seconds,finest_iterations,finest_residual,missing_fields,samples,case_id,allocator_peak_bytes,reserved_peak_bytes,setup_sampler_peak_bytes,first_solve_sampler_peak_bytes,steady_sampler_peak_bytes,asset_resident_bytes,fused_workspace_bytes
pyqcu,c128,16x16x16x16,off,1,bicgstab,Tesla P100-PCIE-16GB,cold,3.686460924,129,1.678218957e-08,,1,p100__16x16x16x16__c128__l1__trace-off,625082880,1272971264,2691563520,2716729344,3303931904,339738624,117964800
pyqcu,c128,16x16x16x16,off,1,bicgstab,Tesla P100-PCIE-16GB,warmup,3.845423884,129,1.678218957e-08,,2,p100__16x16x16x16__c128__l1__trace-off,625082880,1272971264,2691563520,2716729344,3303931904,339738624,117964800
pyqcu,c128,16x16x16x16,off,1,bicgstab,Tesla P100-PCIE-16GB,steady,3.895632894,129,1.678218957e-08,,5,p100__16x16x16x16__c128__l1__trace-off,625082880,1272971264,2691563520,2716729344,3303931904,339738624,117964800
quda,c128,16x16x16x16,off,1,bicgstab,Tesla P100-PCIE-16GB,cold,0.93571018,81,1.833476134e-08,,1,p100__16x16x16x16__c128__l1__trace-off,159514624,822083584,1456340992,3530424320,3985506304,,
quda,c128,16x16x16x16,off,1,bicgstab,Tesla P100-PCIE-16GB,warmup,0.8809556135,81,1.833476134e-08,,2,p100__16x16x16x16__c128__l1__trace-off,159514624,822083584,1456340992,3530424320,3985506304,,
quda,c128,16x16x16x16,off,1,bicgstab,Tesla P100-PCIE-16GB,steady,0.874114924,81,1.833476134e-08,,5,p100__16x16x16x16__c128__l1__trace-off,159514624,822083584,1456340992,3530424320,3985506304,,
pyqcu,c128,16x16x16x16,on,1,bicgstab,Tesla P100-PCIE-16GB,cold,3.710975368,129,1.678218957e-08,,1,p100__16x16x16x16__c128__l1__trace-on,625082880,1272971264,2697854976,2716729344,3303931904,339738624,117964800
pyqcu,c128,16x16x16x16,on,1,bicgstab,Tesla P100-PCIE-16GB,warmup,3.721470226,129,1.678218957e-08,,2,p100__16x16x16x16__c128__l1__trace-on,625082880,1272971264,2697854976,2716729344,3303931904,339738624,117964800
pyqcu,c128,16x16x16x16,on,1,bicgstab,Tesla P100-PCIE-16GB,steady,3.766847836,129,1.678218957e-08,,5,p100__16x16x16x16__c128__l1__trace-on,625082880,1272971264,2697854976,2716729344,3303931904,339738624,117964800
quda,c128,16x16x16x16,on,1,bicgstab,Tesla P100-PCIE-16GB,cold,0.866007242,81,1.833476134e-08,,1,p100__16x16x16x16__c128__l1__trace-on,159514624,822083584,3031302144,3530424320,3985506304,,
quda,c128,16x16x16x16,on,1,bicgstab,Tesla P100-PCIE-16GB,warmup,0.887846017,81,1.833476134e-08,,2,p100__16x16x16x16__c128__l1__trace-on,159514624,822083584,3031302144,3530424320,3985506304,,
quda,c128,16x16x16x16,on,1,bicgstab,Tesla P100-PCIE-16GB,steady,0.898827901,81,1.833476134e-08,,5,p100__16x16x16x16__c128__l1__trace-on,159514624,822083584,3031302144,3530424320,3985506304,,
pyqcu,c128,16x16x16x16,off,2,mg-2,Tesla P100-PCIE-16GB,cold,6.560497335,40,1.846963334e-08,,1,p100__16x16x16x16__c128__l2__trace-off,625082880,1272971264,2691563520,2716729344,3303931904,339738624,117964800
pyqcu,c128,16x16x16x16,off,2,mg-2,Tesla P100-PCIE-16GB,warmup,6.650404026,40,1.818664418e-08,,2,p100__16x16x16x16__c128__l2__trace-off,625082880,1272971264,2691563520,2716729344,3303931904,339738624,117964800
pyqcu,c128,16x16x16x16,off,2,mg-2,Tesla P100-PCIE-16GB,steady,6.410288467,40,1.846963334e-08,,5,p100__16x16x16x16__c128__l2__trace-off,625082880,1272971264,2691563520,2716729344,3303931904,339738624,117964800
quda,c128,16x16x16x16,off,2,mg-2,Tesla P100-PCIE-16GB,cold,7.328779133,85,1.817773379e-08,,1,p100__16x16x16x16__c128__l2__trace-off,159514624,822083584,1456340992,3530424320,3985506304,,
quda,c128,16x16x16x16,off,2,mg-2,Tesla P100-PCIE-16GB,warmup,6.764816436,85,1.817773379e-08,,2,p100__16x16x16x16__c128__l2__trace-off,159514624,822083584,1456340992,3530424320,3985506304,,
quda,c128,16x16x16x16,off,2,mg-2,Tesla P100-PCIE-16GB,steady,6.634040686,85,1.817773379e-08,,5,p100__16x16x16x16__c128__l2__trace-off,159514624,822083584,1456340992,3530424320,3985506304,,
pyqcu,c128,16x16x16x16,on,2,mg-2,Tesla P100-PCIE-16GB,cold,9.539377551,40,1.830677736e-08,,1,p100__16x16x16x16__c128__l2__trace-on,625082880,1272971264,2697854976,2716729344,3303931904,339738624,117964800
pyqcu,c128,16x16x16x16,on,2,mg-2,Tesla P100-PCIE-16GB,warmup,8.622103906,39,1.835782954e-08,,2,p100__16x16x16x16__c128__l2__trace-on,625082880,1272971264,2697854976,2716729344,3303931904,339738624,117964800
pyqcu,c128,16x16x16x16,on,2,mg-2,Tesla P100-PCIE-16GB,steady,8.685506621,40,1.830677736e-08,,5,p100__16x16x16x16__c128__l2__trace-on,625082880,1272971264,2697854976,2716729344,3303931904,339738624,117964800
quda,c128,16x16x16x16,on,2,mg-2,Tesla P100-PCIE-16GB,cold,7.220881166,85,1.817773379e-08,,1,p100__16x16x16x16__c128__l2__trace-on,159514624,822083584,3031302144,3530424320,3985506304,,
quda,c128,16x16x16x16,on,2,mg-2,Tesla P100-PCIE-16GB,warmup,7.084398488,85,1.817773379e-08,,2,p100__16x16x16x16__c128__l2__trace-on,159514624,822083584,3031302144,3530424320,3985506304,,
quda,c128,16x16x16x16,on,2,mg-2,Tesla P100-PCIE-16GB,steady,7.052352561,85,1.817773379e-08,,5,p100__16x16x16x16__c128__l2__trace-on,159514624,822083584,3031302144,3530424320,3985506304,,
pyqcu,c128,16x16x16x16,off,3,mg-3,Tesla P100-PCIE-16GB,cold,4.884703198,45,1.793556215e-08,,1,p100__16x16x16x16__c128__l3__trace-off,656409088,1293942784,2697854976,2741895168,3329097728,370409472,117964800
pyqcu,c128,16x16x16x16,off,3,mg-3,Tesla P100-PCIE-16GB,warmup,5.07934454,45,1.807848492e-08,,2,p100__16x16x16x16__c128__l3__trace-off,656409088,1293942784,2697854976,2741895168,3329097728,370409472,117964800
pyqcu,c128,16x16x16x16,off,3,mg-3,Tesla P100-PCIE-16GB,steady,4.687589163,45,1.793556215e-08,,5,p100__16x16x16x16__c128__l3__trace-off,656409088,1293942784,2697854976,2741895168,3329097728,370409472,117964800
quda,c128,16x16x16x16,off,3,mg-3,Tesla P100-PCIE-16GB,cold,5.474877954,87,1.830353926e-08,,1,p100__16x16x16x16__c128__l3__trace-off,159514624,822083584,1456340992,2869821440,3515744256,,
quda,c128,16x16x16x16,off,3,mg-3,Tesla P100-PCIE-16GB,warmup,5.350244751,87,1.830353926e-08,,2,p100__16x16x16x16__c128__l3__trace-off,159514624,822083584,1456340992,2869821440,3515744256,,
quda,c128,16x16x16x16,off,3,mg-3,Tesla P100-PCIE-16GB,steady,5.184887532,87,1.830353926e-08,,5,p100__16x16x16x16__c128__l3__trace-off,159514624,822083584,1456340992,2869821440,3515744256,,
pyqcu,c128,16x16x16x16,on,3,mg-3,Tesla P100-PCIE-16GB,cold,9.506861672,45,1.852278802e-08,,1,p100__16x16x16x16__c128__l3__trace-on,656409088,1293942784,2710437888,2741895168,3329097728,370409472,117964800
pyqcu,c128,16x16x16x16,on,3,mg-3,Tesla P100-PCIE-16GB,warmup,8.805448313,46,1.81835198e-08,,2,p100__16x16x16x16__c128__l3__trace-on,656409088,1293942784,2710437888,2741895168,3329097728,370409472,117964800
pyqcu,c128,16x16x16x16,on,3,mg-3,Tesla P100-PCIE-16GB,steady,8.364123613,45,1.852278802e-08,,5,p100__16x16x16x16__c128__l3__trace-on,656409088,1293942784,2710437888,2741895168,3329097728,370409472,117964800
quda,c128,16x16x16x16,on,3,mg-3,Tesla P100-PCIE-16GB,cold,6.119288703,87,1.830353926e-08,,1,p100__16x16x16x16__c128__l3__trace-on,159514624,822083584,1456340992,2869821440,3515744256,,
quda,c128,16x16x16x16,on,3,mg-3,Tesla P100-PCIE-16GB,warmup,5.9855308,87,1.830353926e-08,,2,p100__16x16x16x16__c128__l3__trace-on,159514624,822083584,1456340992,2869821440,3515744256,,
quda,c128,16x16x16x16,on,3,mg-3,Tesla P100-PCIE-16GB,steady,5.713481619,87,1.830353926e-08,,5,p100__16x16x16x16__c128__l3__trace-on,159514624,822083584,1456340992,2869821440,3515744256,,
pyqcu,c64,16x16x16x16,off,1,bicgstab,Tesla P100-PCIE-16GB,cold,1.251928553,89,3.345283813e-07,,1,p100__16x16x16x16__c64__l1__trace-off,316801536,654311424,1940783104,1951268864,2238578688,169869312,58982400
pyqcu,c64,16x16x16x16,off,1,bicgstab,Tesla P100-PCIE-16GB,warmup,1.212551628,89,3.345283813e-07,,2,p100__16x16x16x16__c64__l1__trace-off,316801536,654311424,1940783104,1951268864,2238578688,169869312,58982400
pyqcu,c64,16x16x16x16,off,1,bicgstab,Tesla P100-PCIE-16GB,steady,1.201894335,89,3.345283813e-07,,5,p100__16x16x16x16__c64__l1__trace-off,316801536,654311424,1940783104,1951268864,2238578688,169869312,58982400
quda,c64,16x16x16x16,off,1,bicgstab,Tesla P100-PCIE-16GB,cold,0.634152849,63,6.974590244e-07,,1,p100__16x16x16x16__c64__l1__trace-off,99745792,442499072,1447952384,2435710976,2756575232,,
quda,c64,16x16x16x16,off,1,bicgstab,Tesla P100-PCIE-16GB,warmup,0.8401070385,63,6.974590244e-07,,2,p100__16x16x16x16__c64__l1__trace-off,99745792,442499072,1447952384,2435710976,2756575232,,
quda,c64,16x16x16x16,off,1,bicgstab,Tesla P100-PCIE-16GB,steady,0.532275867,63,6.974590244e-07,,5,p100__16x16x16x16__c64__l1__trace-off,99745792,442499072,1447952384,2435710976,2756575232,,
pyqcu,c64,16x16x16x16,on,1,bicgstab,Tesla P100-PCIE-16GB,cold,2.241036964,89,3.345283813e-07,,1,p100__16x16x16x16__c64__l1__trace-on,316801536,654311424,1940783104,1951268864,2238578688,169869312,58982400
pyqcu,c64,16x16x16x16,on,1,bicgstab,Tesla P100-PCIE-16GB,warmup,2.216377756,89,3.345283813e-07,,2,p100__16x16x16x16__c64__l1__trace-on,316801536,654311424,1940783104,1951268864,2238578688,169869312,58982400
pyqcu,c64,16x16x16x16,on,1,bicgstab,Tesla P100-PCIE-16GB,steady,2.211705006,89,3.345283813e-07,,5,p100__16x16x16x16__c64__l1__trace-on,316801536,654311424,1940783104,1951268864,2238578688,169869312,58982400
quda,c64,16x16x16x16,on,1,bicgstab,Tesla P100-PCIE-16GB,cold,1.128883804,63,6.974590244e-07,,1,p100__16x16x16x16__c64__l1__trace-on,99745792,442499072,1447952384,2435710976,2756575232,,
quda,c64,16x16x16x16,on,1,bicgstab,Tesla P100-PCIE-16GB,warmup,0.8381290315,63,6.974590244e-07,,2,p100__16x16x16x16__c64__l1__trace-on,99745792,442499072,1447952384,2435710976,2756575232,,
quda,c64,16x16x16x16,on,1,bicgstab,Tesla P100-PCIE-16GB,steady,0.531712406,63,6.974590244e-07,,5,p100__16x16x16x16__c64__l1__trace-on,99745792,442499072,1447952384,2435710976,2756575232,,
pyqcu,c64,16x16x16x16,off,2,mg-2,Tesla P100-PCIE-16GB,cold,1.537809252,30,4.766066837e-07,,1,p100__16x16x16x16__c64__l2__trace-off,316801536,654311424,1940783104,1951268864,2238578688,169869312,58982400
pyqcu,c64,16x16x16x16,off,2,mg-2,Tesla P100-PCIE-16GB,warmup,1.538663324,30,4.703153379e-07,,2,p100__16x16x16x16__c64__l2__trace-off,316801536,654311424,1940783104,1951268864,2238578688,169869312,58982400
pyqcu,c64,16x16x16x16,off,2,mg-2,Tesla P100-PCIE-16GB,steady,1.401529791,30,4.766066837e-07,,5,p100__16x16x16x16__c64__l2__trace-off,316801536,654311424,1940783104,1951268864,2238578688,169869312,58982400
quda,c64,16x16x16x16,off,2,mg-2,Tesla P100-PCIE-16GB,cold,15.59437381,58,6.907023334e-07,,1,p100__16x16x16x16__c64__l2__trace-off,99745792,442499072,1447952384,2435710976,2756575232,,
quda,c64,16x16x16x16,off,2,mg-2,Tesla P100-PCIE-16GB,warmup,13.55483731,58,6.907023334e-07,,2,p100__16x16x16x16__c64__l2__trace-off,99745792,442499072,1447952384,2435710976,2756575232,,
quda,c64,16x16x16x16,off,2,mg-2,Tesla P100-PCIE-16GB,steady,2.977000411,58,6.907023334e-07,,5,p100__16x16x16x16__c64__l2__trace-off,99745792,442499072,1447952384,2435710976,2756575232,,
pyqcu,c64,16x16x16x16,on,2,mg-2,Tesla P100-PCIE-16GB,cold,4.355184053,30,4.755404974e-07,,1,p100__16x16x16x16__c64__l2__trace-on,316801536,654311424,1940783104,1951268864,2238578688,169869312,58982400
pyqcu,c64,16x16x16x16,on,2,mg-2,Tesla P100-PCIE-16GB,warmup,4.148374426,30,4.682144607e-07,,2,p100__16x16x16x16__c64__l2__trace-on,316801536,654311424,1940783104,1951268864,2238578688,169869312,58982400
pyqcu,c64,16x16x16x16,on,2,mg-2,Tesla P100-PCIE-16GB,steady,3.956232353,30,4.755404974e-07,,5,p100__16x16x16x16__c64__l2__trace-on,316801536,654311424,1940783104,1951268864,2238578688,169869312,58982400
quda,c64,16x16x16x16,on,2,mg-2,Tesla P100-PCIE-16GB,cold,30.10421038,58,6.908491809e-07,,1,p100__16x16x16x16__c64__l2__trace-on,99745792,442499072,1447952384,2435710976,2756575232,,
quda,c64,16x16x16x16,on,2,mg-2,Tesla P100-PCIE-16GB,warmup,16.81300807,58,6.908491809e-07,,2,p100__16x16x16x16__c64__l2__trace-on,99745792,442499072,1447952384,2435710976,2756575232,,
quda,c64,16x16x16x16,on,2,mg-2,Tesla P100-PCIE-16GB,steady,3.375061455,58,6.908491809e-07,,5,p100__16x16x16x16__c64__l2__trace-on,99745792,442499072,1447952384,2435710976,2756575232,,
pyqcu,c64,16x16x16x16,off,3,mg-3,Tesla P100-PCIE-16GB,cold,1.546560155,32,7.146340796e-07,,1,p100__16x16x16x16__c64__l3__trace-off,333578752,654311424,1944977408,1951268864,2238578688,185204736,58982400
pyqcu,c64,16x16x16x16,off,3,mg-3,Tesla P100-PCIE-16GB,warmup,1.38329811,31,6.939066337e-07,,2,p100__16x16x16x16__c64__l3__trace-off,333578752,654311424,1944977408,1951268864,2238578688,185204736,58982400
pyqcu,c64,16x16x16x16,off,3,mg-3,Tesla P100-PCIE-16GB,steady,1.326634577,32,7.146340796e-07,,5,p100__16x16x16x16__c64__l3__trace-off,333578752,654311424,1944977408,1951268864,2238578688,185204736,58982400
quda,c64,16x16x16x16,off,3,mg-3,Tesla P100-PCIE-16GB,cold,27.36754218,59,7.033660602e-07,,1,p100__16x16x16x16__c64__l3__trace-off,99745792,442499072,1447952384,2282618880,2511208448,,
quda,c64,16x16x16x16,off,3,mg-3,Tesla P100-PCIE-16GB,warmup,15.16953336,59,7.033660602e-07,,2,p100__16x16x16x16__c64__l3__trace-off,99745792,442499072,1447952384,2282618880,2511208448,,
quda,c64,16x16x16x16,off,3,mg-3,Tesla P100-PCIE-16GB,steady,3.068561459,59,7.033660602e-07,,5,p100__16x16x16x16__c64__l3__trace-off,99745792,442499072,1447952384,2282618880,2511208448,,
pyqcu,c64,16x16x16x16,on,3,mg-3,Tesla P100-PCIE-16GB,cold,4.764926699,32,5.680241735e-07,,1,p100__16x16x16x16__c64__l3__trace-on,333578752,654311424,1949171712,1951268864,2238578688,185204736,58982400
pyqcu,c64,16x16x16x16,on,3,mg-3,Tesla P100-PCIE-16GB,warmup,4.652701128,32,4.817080432e-07,,2,p100__16x16x16x16__c64__l3__trace-on,333578752,654311424,1949171712,1951268864,2238578688,185204736,58982400
pyqcu,c64,16x16x16x16,on,3,mg-3,Tesla P100-PCIE-16GB,steady,4.505935105,32,5.680241735e-07,,5,p100__16x16x16x16__c64__l3__trace-on,333578752,654311424,1949171712,1951268864,2238578688,185204736,58982400
quda,c64,16x16x16x16,on,3,mg-3,Tesla P100-PCIE-16GB,cold,26.68401653,59,7.034753756e-07,,1,p100__16x16x16x16__c64__l3__trace-on,99745792,442499072,1447952384,2282618880,2511208448,,
quda,c64,16x16x16x16,on,3,mg-3,Tesla P100-PCIE-16GB,warmup,15.14602319,59,7.034753756e-07,,2,p100__16x16x16x16__c64__l3__trace-on,99745792,442499072,1447952384,2282618880,2511208448,,
quda,c64,16x16x16x16,on,3,mg-3,Tesla P100-PCIE-16GB,steady,3.359617151,59,7.034753756e-07,,5,p100__16x16x16x16__c64__l3__trace-on,99745792,442499072,1447952384,2282618880,2511208448,,
pyqcu,c128,16x16x32x32,off,1,bicgstab,Tesla P100-PCIE-16GB,cold,7.656052957,143,1.676727437e-08,,1,p100__16x16x32x32__c128__l1__trace-off,2474770944,4982833152,5088608256,5141037056,7508721664,1358954496,471859200
pyqcu,c128,16x16x32x32,off,1,bicgstab,Tesla P100-PCIE-16GB,warmup,7.606352061,143,1.676727437e-08,,2,p100__16x16x32x32__c128__l1__trace-off,2474770944,4982833152,5088608256,5141037056,7508721664,1358954496,471859200
pyqcu,c128,16x16x32x32,off,1,bicgstab,Tesla P100-PCIE-16GB,steady,7.605618834,143,1.676727437e-08,,5,p100__16x16x32x32__c128__l1__trace-off,2474770944,4982833152,5088608256,5141037056,7508721664,1358954496,471859200
quda,c128,16x16x32x32,off,1,bicgstab,Tesla P100-PCIE-16GB,cold,3.303264146,102,1.779427959e-08,,1,p100__16x16x32x32__c128__l1__trace-off,612499456,3315597312,7905083392,9127723008,11621236736,,
quda,c128,16x16x32x32,off,1,bicgstab,Tesla P100-PCIE-16GB,warmup,3.361736171,102,1.779427959e-08,,2,p100__16x16x32x32__c128__l1__trace-off,612499456,3315597312,7905083392,9127723008,11621236736,,
quda,c128,16x16x32x32,off,1,bicgstab,Tesla P100-PCIE-16GB,steady,3.29651582,102,1.779427959e-08,,5,p100__16x16x32x32__c128__l1__trace-off,612499456,3315597312,7905083392,9127723008,11621236736,,
pyqcu,c128,16x16x32x32,on,1,bicgstab,Tesla P100-PCIE-16GB,cold,7.547460567,143,1.676727437e-08,,1,p100__16x16x32x32__c128__l1__trace-on,2474770944,4982833152,5088608256,5141037056,7508721664,1358954496,471859200
pyqcu,c128,16x16x32x32,on,1,bicgstab,Tesla P100-PCIE-16GB,warmup,7.570499067,143,1.676727437e-08,,2,p100__16x16x32x32__c128__l1__trace-on,2474770944,4982833152,5088608256,5141037056,7508721664,1358954496,471859200
pyqcu,c128,16x16x32x32,on,1,bicgstab,Tesla P100-PCIE-16GB,steady,7.606094003,143,1.676727437e-08,,5,p100__16x16x32x32__c128__l1__trace-on,2474770944,4982833152,5088608256,5141037056,7508721664,1358954496,471859200
quda,c128,16x16x32x32,on,1,bicgstab,Tesla P100-PCIE-16GB,cold,3.445489579,102,1.779427959e-08,,1,p100__16x16x32x32__c128__l1__trace-on,612499456,3315597312,1934491648,9127723008,11621236736,,
quda,c128,16x16x32x32,on,1,bicgstab,Tesla P100-PCIE-16GB,warmup,3.339365285,102,1.779427959e-08,,2,p100__16x16x32x32__c128__l1__trace-on,612499456,3315597312,1934491648,9127723008,11621236736,,
quda,c128,16x16x32x32,on,1,bicgstab,Tesla P100-PCIE-16GB,steady,3.333847047,102,1.779427959e-08,,5,p100__16x16x32x32__c128__l1__trace-on,612499456,3315597312,1934491648,9127723008,11621236736,,
pyqcu,c128,16x16x32x32,off,2,mg-2,Tesla P100-PCIE-16GB,cold,20.67638876,41,1.853171691e-08,,1,p100__16x16x32x32__c128__l2__trace-off,2474770944,4982833152,5088608256,5141037056,7508721664,1358954496,471859200
pyqcu,c128,16x16x32x32,off,2,mg-2,Tesla P100-PCIE-16GB,warmup,19.99740894,42,1.785554638e-08,,2,p100__16x16x32x32__c128__l2__trace-off,2474770944,4982833152,5088608256,5141037056,7508721664,1358954496,471859200
pyqcu,c128,16x16x32x32,off,2,mg-2,Tesla P100-PCIE-16GB,steady,18.00723694,41,1.853171691e-08,,5,p100__16x16x32x32__c128__l2__trace-off,2474770944,4982833152,5088608256,5141037056,7508721664,1358954496,471859200
quda,c128,16x16x32x32,off,2,mg-2,Tesla P100-PCIE-16GB,cold,23.39439899,85,1.828224261e-08,,1,p100__16x16x32x32__c128__l2__trace-off,612499456,3315597312,7905083392,9127723008,11621236736,,
quda,c128,16x16x32x32,off,2,mg-2,Tesla P100-PCIE-16GB,warmup,23.19885413,85,1.828224261e-08,,2,p100__16x16x32x32__c128__l2__trace-off,612499456,3315597312,7905083392,9127723008,11621236736,,
quda,c128,16x16x32x32,off,2,mg-2,Tesla P100-PCIE-16GB,steady,22.91457969,85,1.828224261e-08,,5,p100__16x16x32x32__c128__l2__trace-off,612499456,3315597312,7905083392,9127723008,11621236736,,
pyqcu,c128,16x16x32x32,on,2,mg-2,Tesla P100-PCIE-16GB,cold,25.15024837,41,1.849177828e-08,,1,p100__16x16x32x32__c128__l2__trace-on,2474770944,4982833152,5088608256,5141037056,7508721664,1358954496,471859200
pyqcu,c128,16x16x32x32,on,2,mg-2,Tesla P100-PCIE-16GB,warmup,24.03832449,42,1.796847671e-08,,2,p100__16x16x32x32__c128__l2__trace-on,2474770944,4982833152,5088608256,5141037056,7508721664,1358954496,471859200
pyqcu,c128,16x16x32x32,on,2,mg-2,Tesla P100-PCIE-16GB,steady,22.31179518,41,1.849177828e-08,,5,p100__16x16x32x32__c128__l2__trace-on,2474770944,4982833152,5088608256,5141037056,7508721664,1358954496,471859200
quda,c128,16x16x32x32,on,2,mg-2,Tesla P100-PCIE-16GB,cold,23.69944187,85,1.828224261e-08,,1,p100__16x16x32x32__c128__l2__trace-on,612499456,3315597312,1934491648,9127723008,11621236736,,
quda,c128,16x16x32x32,on,2,mg-2,Tesla P100-PCIE-16GB,warmup,23.27023184,85,1.828224261e-08,,2,p100__16x16x32x32__c128__l2__trace-on,612499456,3315597312,1934491648,9127723008,11621236736,,
quda,c128,16x16x32x32,on,2,mg-2,Tesla P100-PCIE-16GB,steady,23.24934337,85,1.828224261e-08,,5,p100__16x16x32x32__c128__l2__trace-on,612499456,3315597312,1934491648,9127723008,11621236736,,
pyqcu,c128,16x16x32x32,off,3,mg-3,Tesla P100-PCIE-16GB,cold,13.16983884,46,1.833408214e-08,,1,p100__16x16x32x32__c128__l3__trace-off,2597454336,5108662272,5136842752,5170397184,7663910912,1481637888,471859200
pyqcu,c128,16x16x32x32,off,3,mg-3,Tesla P100-PCIE-16GB,warmup,11.7369592,46,1.830703849e-08,,2,p100__16x16x32x32__c128__l3__trace-off,2597454336,5108662272,5136842752,5170397184,7663910912,1481637888,471859200
pyqcu,c128,16x16x32x32,off,3,mg-3,Tesla P100-PCIE-16GB,steady,10.32635738,46,1.833408214e-08,,5,p100__16x16x32x32__c128__l3__trace-off,2597454336,5108662272,5136842752,5170397184,7663910912,1481637888,471859200
quda,c128,16x16x32x32,off,3,mg-3,Tesla P100-PCIE-16GB,cold,15.29916823,89,1.830996989e-08,,1,p100__16x16x32x32__c128__l3__trace-off,612499456,3315597312,1934491648,7953317888,9891086336,,
quda,c128,16x16x32x32,off,3,mg-3,Tesla P100-PCIE-16GB,warmup,14.96634323,89,1.830996989e-08,,2,p100__16x16x32x32__c128__l3__trace-off,612499456,3315597312,1934491648,7953317888,9891086336,,
quda,c128,16x16x32x32,off,3,mg-3,Tesla P100-PCIE-16GB,steady,14.90714448,89,1.830996989e-08,,5,p100__16x16x32x32__c128__l3__trace-off,612499456,3315597312,1934491648,7953317888,9891086336,,
pyqcu,c128,16x16x32x32,on,3,mg-3,Tesla P100-PCIE-16GB,cold,20.53009027,46,1.82744377e-08,,1,p100__16x16x32x32__c128__l3__trace-on,2597454336,5108662272,5132648448,5170397184,7663910912,1481637888,471859200
pyqcu,c128,16x16x32x32,on,3,mg-3,Tesla P100-PCIE-16GB,warmup,19.19581005,47,1.791821246e-08,,2,p100__16x16x32x32__c128__l3__trace-on,2597454336,5108662272,5132648448,5170397184,7663910912,1481637888,471859200
pyqcu,c128,16x16x32x32,on,3,mg-3,Tesla P100-PCIE-16GB,steady,17.50246237,46,1.82744377e-08,,5,p100__16x16x32x32__c128__l3__trace-on,2597454336,5108662272,5132648448,5170397184,7663910912,1481637888,471859200
quda,c128,16x16x32x32,on,3,mg-3,Tesla P100-PCIE-16GB,cold,15.73008238,89,1.830996989e-08,,1,p100__16x16x32x32__c128__l3__trace-on,612499456,3315597312,1934491648,7953317888,9891086336,,
quda,c128,16x16x32x32,on,3,mg-3,Tesla P100-PCIE-16GB,warmup,15.49827596,89,1.830996989e-08,,2,p100__16x16x32x32__c128__l3__trace-on,612499456,3315597312,1934491648,7953317888,9891086336,,
quda,c128,16x16x32x32,on,3,mg-3,Tesla P100-PCIE-16GB,steady,15.47715627,89,1.830996989e-08,,5,p100__16x16x32x32__c128__l3__trace-on,612499456,3315597312,1934491648,7953317888,9891086336,,
pyqcu,c128,8x8x8x16,off,1,bicgstab,Tesla P100-PCIE-16GB,cold,2.865386885,123,1.727475711e-08,,1,p100__8x8x8x16__c128__l1__trace-off,85590528,165675008,1993211904,2001600512,2062417920,42467328,14745600
pyqcu,c128,8x8x8x16,off,1,bicgstab,Tesla P100-PCIE-16GB,warmup,3.008881976,123,1.727475711e-08,,2,p100__8x8x8x16__c128__l1__trace-off,85590528,165675008,1993211904,2001600512,2062417920,42467328,14745600
pyqcu,c128,8x8x8x16,off,1,bicgstab,Tesla P100-PCIE-16GB,steady,2.919802485,123,1.727475711e-08,,5,p100__8x8x8x16__c128__l1__trace-off,85590528,165675008,1993211904,2001600512,2062417920,42467328,14745600
quda,c128,8x8x8x16,off,1,bicgstab,Tesla P100-PCIE-16GB,cold,0.665078297,93,1.803731795e-08,,1,p100__8x8x8x16__c128__l1__trace-off,27394048,111149056,1603141632,1678639104,1718484992,,
quda,c128,8x8x8x16,off,1,bicgstab,Tesla P100-PCIE-16GB,warmup,0.66920861,93,1.803731795e-08,,2,p100__8x8x8x16__c128__l1__trace-off,27394048,111149056,1603141632,1678639104,1718484992,,
quda,c128,8x8x8x16,off,1,bicgstab,Tesla P100-PCIE-16GB,steady,0.666855373,93,1.803731795e-08,,5,p100__8x8x8x16__c128__l1__trace-off,27394048,111149056,1603141632,1678639104,1718484992,,
pyqcu,c128,8x8x8x16,on,1,bicgstab,Tesla P100-PCIE-16GB,cold,2.900954981,123,1.727475711e-08,,1,p100__8x8x8x16__c128__l1__trace-on,85590528,165675008,2001600512,2001600512,2062417920,42467328,14745600
pyqcu,c128,8x8x8x16,on,1,bicgstab,Tesla P100-PCIE-16GB,warmup,2.852333494,123,1.727475711e-08,,2,p100__8x8x8x16__c128__l1__trace-on,85590528,165675008,2001600512,2001600512,2062417920,42467328,14745600
pyqcu,c128,8x8x8x16,on,1,bicgstab,Tesla P100-PCIE-16GB,steady,2.919931532,123,1.727475711e-08,,5,p100__8x8x8x16__c128__l1__trace-on,85590528,165675008,2001600512,2001600512,2062417920,42467328,14745600
quda,c128,8x8x8x16,on,1,bicgstab,Tesla P100-PCIE-16GB,cold,0.68184216,93,1.803731795e-08,,1,p100__8x8x8x16__c128__l1__trace-on,27394048,111149056,1603141632,1678639104,1718484992,,
quda,c128,8x8x8x16,on,1,bicgstab,Tesla P100-PCIE-16GB,warmup,0.6827272835,93,1.803731795e-08,,2,p100__8x8x8x16__c128__l1__trace-on,27394048,111149056,1603141632,1678639104,1718484992,,
quda,c128,8x8x8x16,on,1,bicgstab,Tesla P100-PCIE-16GB,steady,0.700682547,93,1.803731795e-08,,5,p100__8x8x8x16__c128__l1__trace-on,27394048,111149056,1603141632,1678639104,1718484992,,
pyqcu,c128,8x8x8x16,off,2,mg-2,Tesla P100-PCIE-16GB,cold,5.275157936,14,1.881924808e-08,,1,p100__8x8x8x16__c128__l2__trace-off,85590528,165675008,1993211904,2001600512,2062417920,42467328,14745600
pyqcu,c128,8x8x8x16,off,2,mg-2,Tesla P100-PCIE-16GB,warmup,3.991622603,13,1.75035609e-08,,2,p100__8x8x8x16__c128__l2__trace-off,85590528,165675008,1993211904,2001600512,2062417920,42467328,14745600
pyqcu,c128,8x8x8x16,off,2,mg-2,Tesla P100-PCIE-16GB,steady,4.502645059,14,1.881924808e-08,,5,p100__8x8x8x16__c128__l2__trace-off,85590528,165675008,1993211904,2001600512,2062417920,42467328,14745600
quda,c128,8x8x8x16,off,2,mg-2,Tesla P100-PCIE-16GB,cold,5.655740737,45,1.893048501e-08,,1,p100__8x8x8x16__c128__l2__trace-off,27394048,111149056,1603141632,1678639104,1718484992,,
quda,c128,8x8x8x16,off,2,mg-2,Tesla P100-PCIE-16GB,warmup,5.647871136,45,1.893048501e-08,,2,p100__8x8x8x16__c128__l2__trace-off,27394048,111149056,1603141632,1678639104,1718484992,,
quda,c128,8x8x8x16,off,2,mg-2,Tesla P100-PCIE-16GB,steady,5.629175002,45,1.893048501e-08,,5,p100__8x8x8x16__c128__l2__trace-off,27394048,111149056,1603141632,1678639104,1718484992,,
pyqcu,c128,8x8x8x16,on,2,mg-2,Tesla P100-PCIE-16GB,cold,4.922437365,13,1.813675915e-08,,1,p100__8x8x8x16__c128__l2__trace-on,85590528,165675008,2001600512,2001600512,2062417920,42467328,14745600
pyqcu,c128,8x8x8x16,on,2,mg-2,Tesla P100-PCIE-16GB,warmup,4.5739763,13,1.763254504e-08,,2,p100__8x8x8x16__c128__l2__trace-on,85590528,165675008,2001600512,2001600512,2062417920,42467328,14745600
pyqcu,c128,8x8x8x16,on,2,mg-2,Tesla P100-PCIE-16GB,steady,4.915377984,13,1.813675915e-08,,5,p100__8x8x8x16__c128__l2__trace-on,85590528,165675008,2001600512,2001600512,2062417920,42467328,14745600
quda,c128,8x8x8x16,on,2,mg-2,Tesla P100-PCIE-16GB,cold,5.857603638,45,1.893048501e-08,,1,p100__8x8x8x16__c128__l2__trace-on,27394048,111149056,1603141632,1678639104,1718484992,,
quda,c128,8x8x8x16,on,2,mg-2,Tesla P100-PCIE-16GB,warmup,5.732617838,45,1.893048501e-08,,2,p100__8x8x8x16__c128__l2__trace-on,27394048,111149056,1603141632,1678639104,1718484992,,
quda,c128,8x8x8x16,on,2,mg-2,Tesla P100-PCIE-16GB,steady,5.758641511,45,1.893048501e-08,,5,p100__8x8x8x16__c128__l2__trace-on,27394048,111149056,1603141632,1678639104,1718484992,,
pyqcu,c128,8x8x8x16,off,3,mg-3,Tesla P100-PCIE-16GB,cold,3.763212978,15,1.848576694e-08,,1,p100__8x8x8x16__c128__l3__trace-off,90898944,186646528,1993211904,2003697664,2083389440,47775744,14745600
pyqcu,c128,8x8x8x16,off,3,mg-3,Tesla P100-PCIE-16GB,warmup,2.98883562,14,1.764437377e-08,,2,p100__8x8x8x16__c128__l3__trace-off,90898944,186646528,1993211904,2003697664,2083389440,47775744,14745600
pyqcu,c128,8x8x8x16,off,3,mg-3,Tesla P100-PCIE-16GB,steady,3.599976787,15,1.848576694e-08,,5,p100__8x8x8x16__c128__l3__trace-off,90898944,186646528,1993211904,2003697664,2083389440,47775744,14745600
quda,c128,8x8x8x16,off,3,mg-3,Tesla P100-PCIE-16GB,cold,3.919328854,45,1.890054108e-08,,1,p100__8x8x8x16__c128__l3__trace-off,27394048,111149056,1540227072,1617821696,1659764736,,
quda,c128,8x8x8x16,off,3,mg-3,Tesla P100-PCIE-16GB,warmup,3.969863356,45,1.890054108e-08,,2,p100__8x8x8x16__c128__l3__trace-off,27394048,111149056,1540227072,1617821696,1659764736,,
quda,c128,8x8x8x16,off,3,mg-3,Tesla P100-PCIE-16GB,steady,4.146049656,45,1.890054108e-08,,5,p100__8x8x8x16__c128__l3__trace-off,27394048,111149056,1540227072,1617821696,1659764736,,
pyqcu,c128,8x8x8x16,on,3,mg-3,Tesla P100-PCIE-16GB,cold,3.919831679,16,1.855983952e-08,,1,p100__8x8x8x16__c128__l3__trace-on,90898944,186646528,1993211904,2003697664,2083389440,47775744,14745600
pyqcu,c128,8x8x8x16,on,3,mg-3,Tesla P100-PCIE-16GB,warmup,3.812000011,14,1.773493051e-08,,2,p100__8x8x8x16__c128__l3__trace-on,90898944,186646528,1993211904,2003697664,2083389440,47775744,14745600
pyqcu,c128,8x8x8x16,on,3,mg-3,Tesla P100-PCIE-16GB,steady,4.847516488,16,1.855983952e-08,,5,p100__8x8x8x16__c128__l3__trace-on,90898944,186646528,1993211904,2003697664,2083389440,47775744,14745600
quda,c128,8x8x8x16,on,3,mg-3,Tesla P100-PCIE-16GB,cold,4.307443123,45,1.890054108e-08,,1,p100__8x8x8x16__c128__l3__trace-on,27394048,111149056,1540227072,1617821696,1659764736,,
quda,c128,8x8x8x16,on,3,mg-3,Tesla P100-PCIE-16GB,warmup,4.368419001,45,1.890054108e-08,,2,p100__8x8x8x16__c128__l3__trace-on,27394048,111149056,1540227072,1617821696,1659764736,,
quda,c128,8x8x8x16,on,3,mg-3,Tesla P100-PCIE-16GB,steady,4.450671094,45,1.890054108e-08,,5,p100__8x8x8x16__c128__l3__trace-on,27394048,111149056,1540227072,1617821696,1659764736,,
pyqcu,c64,8x8x8x16,off,1,bicgstab,Tesla P100-PCIE-16GB,cold,1.132828887,90,3.77751819e-07,,1,p100__8x8x8x16__c64__l1__trace-off,47710720,100663296,1588461568,1590558720,1626210304,21233664,7372800
pyqcu,c64,8x8x8x16,off,1,bicgstab,Tesla P100-PCIE-16GB,warmup,1.125198761,90,3.77751819e-07,,2,p100__8x8x8x16__c64__l1__trace-off,47710720,100663296,1588461568,1590558720,1626210304,21233664,7372800
pyqcu,c64,8x8x8x16,off,1,bicgstab,Tesla P100-PCIE-16GB,steady,1.153902995,90,3.77751819e-07,,5,p100__8x8x8x16__c64__l1__trace-off,47710720,100663296,1588461568,1590558720,1626210304,21233664,7372800
quda,c64,8x8x8x16,off,1,bicgstab,Tesla P100-PCIE-16GB,cold,0.514711594,68,4.673745746e-07,,1,p100__8x8x8x16__c64__l1__trace-off,19922944,81788928,1471021056,1504575488,1546518528,,
quda,c64,8x8x8x16,off,1,bicgstab,Tesla P100-PCIE-16GB,warmup,0.4280642675,68,4.673745746e-07,,2,p100__8x8x8x16__c64__l1__trace-off,19922944,81788928,1471021056,1504575488,1546518528,,
quda,c64,8x8x8x16,off,1,bicgstab,Tesla P100-PCIE-16GB,steady,0.277248469,68,4.673745746e-07,,5,p100__8x8x8x16__c64__l1__trace-off,19922944,81788928,1471021056,1504575488,1546518528,,
pyqcu,c64,8x8x8x16,on,1,bicgstab,Tesla P100-PCIE-16GB,cold,1.209213524,90,3.77751819e-07,,1,p100__8x8x8x16__c64__l1__trace-on,47710720,100663296,1586364416,1590558720,1626210304,21233664,7372800
pyqcu,c64,8x8x8x16,on,1,bicgstab,Tesla P100-PCIE-16GB,warmup,1.172636714,90,3.77751819e-07,,2,p100__8x8x8x16__c64__l1__trace-on,47710720,100663296,1586364416,1590558720,1626210304,21233664,7372800
pyqcu,c64,8x8x8x16,on,1,bicgstab,Tesla P100-PCIE-16GB,steady,1.176417311,90,3.77751819e-07,,5,p100__8x8x8x16__c64__l1__trace-on,47710720,100663296,1586364416,1590558720,1626210304,21233664,7372800
quda,c64,8x8x8x16,on,1,bicgstab,Tesla P100-PCIE-16GB,cold,0.534124753,68,4.673745746e-07,,1,p100__8x8x8x16__c64__l1__trace-on,19922944,81788928,1471021056,1504575488,1546518528,,
quda,c64,8x8x8x16,on,1,bicgstab,Tesla P100-PCIE-16GB,warmup,0.3955562975,68,4.673745746e-07,,2,p100__8x8x8x16__c64__l1__trace-on,19922944,81788928,1471021056,1504575488,1546518528,,
quda,c64,8x8x8x16,on,1,bicgstab,Tesla P100-PCIE-16GB,steady,0.274422588,68,4.673745746e-07,,5,p100__8x8x8x16__c64__l1__trace-on,19922944,81788928,1471021056,1504575488,1546518528,,
pyqcu,c64,8x8x8x16,off,2,mg-2,Tesla P100-PCIE-16GB,cold,0.91758696,9,7.302620089e-07,,1,p100__8x8x8x16__c64__l2__trace-off,47710720,100663296,1588461568,1590558720,1626210304,21233664,7372800
pyqcu,c64,8x8x8x16,off,2,mg-2,Tesla P100-PCIE-16GB,warmup,0.923444742,9,7.295223618e-07,,2,p100__8x8x8x16__c64__l2__trace-off,47710720,100663296,1588461568,1590558720,1626210304,21233664,7372800
pyqcu,c64,8x8x8x16,off,2,mg-2,Tesla P100-PCIE-16GB,steady,0.70810767,9,7.302620089e-07,,5,p100__8x8x8x16__c64__l2__trace-off,47710720,100663296,1588461568,1590558720,1626210304,21233664,7372800
quda,c64,8x8x8x16,off,2,mg-2,Tesla P100-PCIE-16GB,cold,8.966394125,32,7.966061556e-07,,1,p100__8x8x8x16__c64__l2__trace-off,19922944,81788928,1471021056,1504575488,1546518528,,
quda,c64,8x8x8x16,off,2,mg-2,Tesla P100-PCIE-16GB,warmup,5.329742631,32,7.966061556e-07,,2,p100__8x8x8x16__c64__l2__trace-off,19922944,81788928,1471021056,1504575488,1546518528,,
quda,c64,8x8x8x16,off,2,mg-2,Tesla P100-PCIE-16GB,steady,1.012924258,32,7.966061556e-07,,5,p100__8x8x8x16__c64__l2__trace-off,19922944,81788928,1471021056,1504575488,1546518528,,
pyqcu,c64,8x8x8x16,on,2,mg-2,Tesla P100-PCIE-16GB,cold,1.00747381,9,7.401597882e-07,,1,p100__8x8x8x16__c64__l2__trace-on,47710720,100663296,1586364416,1590558720,1626210304,21233664,7372800
pyqcu,c64,8x8x8x16,on,2,mg-2,Tesla P100-PCIE-16GB,warmup,1.02554423,9,7.301852697e-07,,2,p100__8x8x8x16__c64__l2__trace-on,47710720,100663296,1586364416,1590558720,1626210304,21233664,7372800
pyqcu,c64,8x8x8x16,on,2,mg-2,Tesla P100-PCIE-16GB,steady,0.943589675,9,7.401597882e-07,,5,p100__8x8x8x16__c64__l2__trace-on,47710720,100663296,1586364416,1590558720,1626210304,21233664,7372800
quda,c64,8x8x8x16,on,2,mg-2,Tesla P100-PCIE-16GB,cold,9.582753037,32,7.967820897e-07,,1,p100__8x8x8x16__c64__l2__trace-on,19922944,81788928,1471021056,1504575488,1546518528,,
quda,c64,8x8x8x16,on,2,mg-2,Tesla P100-PCIE-16GB,warmup,5.082500894,32,7.967820897e-07,,2,p100__8x8x8x16__c64__l2__trace-on,19922944,81788928,1471021056,1504575488,1546518528,,
quda,c64,8x8x8x16,on,2,mg-2,Tesla P100-PCIE-16GB,steady,0.957787989,32,7.967820897e-07,,5,p100__8x8x8x16__c64__l2__trace-on,19922944,81788928,1471021056,1504575488,1546518528,,
pyqcu,c64,8x8x8x16,off,3,mg-3,Tesla P100-PCIE-16GB,cold,1.069576438,10,7.316268903e-07,,1,p100__8x8x8x16__c64__l3__trace-off,50364928,121634816,1586364416,1590558720,1647181824,23887872,7372800
pyqcu,c64,8x8x8x16,off,3,mg-3,Tesla P100-PCIE-16GB,warmup,0.8959129645,10,6.694907103e-07,,2,p100__8x8x8x16__c64__l3__trace-off,50364928,121634816,1586364416,1590558720,1647181824,23887872,7372800
pyqcu,c64,8x8x8x16,off,3,mg-3,Tesla P100-PCIE-16GB,steady,0.819449055,10,7.316268903e-07,,5,p100__8x8x8x16__c64__l3__trace-off,50364928,121634816,1586364416,1590558720,1647181824,23887872,7372800
quda,c64,8x8x8x16,off,3,mg-3,Tesla P100-PCIE-16GB,cold,10.55284512,32,7.870801949e-07,,1,p100__8x8x8x16__c64__l3__trace-off,19922944,81788928,1445855232,1479409664,1523449856,,
quda,c64,8x8x8x16,off,3,mg-3,Tesla P100-PCIE-16GB,warmup,5.634872267,32,7.870801949e-07,,2,p100__8x8x8x16__c64__l3__trace-off,19922944,81788928,1445855232,1479409664,1523449856,,
quda,c64,8x8x8x16,off,3,mg-3,Tesla P100-PCIE-16GB,steady,1.045472565,32,7.870801949e-07,,5,p100__8x8x8x16__c64__l3__trace-off,19922944,81788928,1445855232,1479409664,1523449856,,
pyqcu,c64,8x8x8x16,on,3,mg-3,Tesla P100-PCIE-16GB,cold,1.247429758,10,7.221992894e-07,,1,p100__8x8x8x16__c64__l3__trace-on,50364928,121634816,1586364416,1590558720,1647181824,23887872,7372800
pyqcu,c64,8x8x8x16,on,3,mg-3,Tesla P100-PCIE-16GB,warmup,1.239658056,10,6.246513092e-07,,2,p100__8x8x8x16__c64__l3__trace-on,50364928,121634816,1586364416,1590558720,1647181824,23887872,7372800
pyqcu,c64,8x8x8x16,on,3,mg-3,Tesla P100-PCIE-16GB,steady,1.281186323,10,7.221992894e-07,,5,p100__8x8x8x16__c64__l3__trace-on,50364928,121634816,1586364416,1590558720,1647181824,23887872,7372800
quda,c64,8x8x8x16,on,3,mg-3,Tesla P100-PCIE-16GB,cold,10.9825734,32,7.869855468e-07,,1,p100__8x8x8x16__c64__l3__trace-on,19922944,81788928,1445855232,1479409664,1523449856,,
quda,c64,8x8x8x16,on,3,mg-3,Tesla P100-PCIE-16GB,warmup,6.034722072,32,7.869855468e-07,,2,p100__8x8x8x16__c64__l3__trace-on,19922944,81788928,1445855232,1479409664,1523449856,,
quda,c64,8x8x8x16,on,3,mg-3,Tesla P100-PCIE-16GB,steady,1.16683679,32,7.869855468e-07,,5,p100__8x8x8x16__c64__l3__trace-on,19922944,81788928,1445855232,1479409664,1523449856,,
pyqcu,c128,16x16x16x16,off,1,bicgstab,Tesla V100-SXM2-32GB,cold,0.54451984,129,1.678217953e-08,,1,v100__16x16x16x16__c128__l1__trace-off,1241645568,1581252608,3939831808,3937734656,4199878656,679477248,235929600
pyqcu,c128,16x16x16x16,off,1,bicgstab,Tesla V100-SXM2-32GB,warmup,0.539626831,129,1.678217953e-08,,2,v100__16x16x16x16__c128__l1__trace-off,1241645568,1581252608,3939831808,3937734656,4199878656,679477248,235929600
pyqcu,c128,16x16x16x16,off,1,bicgstab,Tesla V100-SXM2-32GB,steady,0.55208184,129,1.678217953e-08,,5,v100__16x16x16x16__c128__l1__trace-off,1241645568,1581252608,3939831808,3937734656,4199878656,679477248,235929600
quda,c128,16x16x16x16,off,1,bicgstab,Tesla V100-SXM2-32GB,cold,0.149694518,81,1.833476134e-08,,1,v100__16x16x16x16__c128__l1__trace-off,310509568,704643072,4573171712,5474947072,5481238528,,
quda,c128,16x16x16x16,off,1,bicgstab,Tesla V100-SXM2-32GB,warmup,0.142395831,81,1.833476134e-08,,2,v100__16x16x16x16__c128__l1__trace-off,310509568,704643072,4573171712,5474947072,5481238528,,
quda,c128,16x16x16x16,off,1,bicgstab,Tesla V100-SXM2-32GB,steady,0.142427483,81,1.833476134e-08,,5,v100__16x16x16x16__c128__l1__trace-off,310509568,704643072,4573171712,5474947072,5481238528,,
pyqcu,c128,16x16x16x16,on,1,bicgstab,Tesla V100-SXM2-32GB,cold,0.56635314,129,1.678217953e-08,,1,v100__16x16x16x16__c128__l1__trace-on,1241645568,1581252608,3872722944,3937734656,4199878656,679477248,235929600
pyqcu,c128,16x16x16x16,on,1,bicgstab,Tesla V100-SXM2-32GB,warmup,0.593317939,129,1.678217953e-08,,2,v100__16x16x16x16__c128__l1__trace-on,1241645568,1581252608,3872722944,3937734656,4199878656,679477248,235929600
pyqcu,c128,16x16x16x16,on,1,bicgstab,Tesla V100-SXM2-32GB,steady,0.650030081,129,1.678217953e-08,,5,v100__16x16x16x16__c128__l1__trace-on,1241645568,1581252608,3872722944,3937734656,4199878656,679477248,235929600
quda,c128,16x16x16x16,on,1,bicgstab,Tesla V100-SXM2-32GB,cold,0.145767576,81,1.833476134e-08,,1,v100__16x16x16x16__c128__l1__trace-on,310509568,704643072,4573171712,5474947072,5481238528,,
quda,c128,16x16x16x16,on,1,bicgstab,Tesla V100-SXM2-32GB,warmup,0.1627772275,81,1.833476134e-08,,2,v100__16x16x16x16__c128__l1__trace-on,310509568,704643072,4573171712,5474947072,5481238528,,
quda,c128,16x16x16x16,on,1,bicgstab,Tesla V100-SXM2-32GB,steady,0.145757219,81,1.833476134e-08,,5,v100__16x16x16x16__c128__l1__trace-on,310509568,704643072,4573171712,5474947072,5481238528,,
pyqcu,c128,16x16x16x16,off,2,mg-2,Tesla V100-SXM2-32GB,cold,0.726167727,40,1.787849433e-08,,1,v100__16x16x16x16__c128__l2__trace-off,1241645568,1581252608,3939831808,3937734656,4199878656,679477248,235929600
pyqcu,c128,16x16x16x16,off,2,mg-2,Tesla V100-SXM2-32GB,warmup,0.766240153,40,1.787849433e-08,,2,v100__16x16x16x16__c128__l2__trace-off,1241645568,1581252608,3939831808,3937734656,4199878656,679477248,235929600
pyqcu,c128,16x16x16x16,off,2,mg-2,Tesla V100-SXM2-32GB,steady,0.720943943,40,1.787849433e-08,,5,v100__16x16x16x16__c128__l2__trace-off,1241645568,1581252608,3939831808,3937734656,4199878656,679477248,235929600
quda,c128,16x16x16x16,off,2,mg-2,Tesla V100-SXM2-32GB,cold,1.577524917,85,1.817773379e-08,,1,v100__16x16x16x16__c128__l2__trace-off,310509568,704643072,4573171712,5474947072,5481238528,,
quda,c128,16x16x16x16,off,2,mg-2,Tesla V100-SXM2-32GB,warmup,1.571200017,85,1.817773379e-08,,2,v100__16x16x16x16__c128__l2__trace-off,310509568,704643072,4573171712,5474947072,5481238528,,
quda,c128,16x16x16x16,off,2,mg-2,Tesla V100-SXM2-32GB,steady,1.4612542,85,1.817773379e-08,,5,v100__16x16x16x16__c128__l2__trace-off,310509568,704643072,4573171712,5474947072,5481238528,,
pyqcu,c128,16x16x16x16,on,2,mg-2,Tesla V100-SXM2-32GB,cold,1.090403075,40,1.787849433e-08,,1,v100__16x16x16x16__c128__l2__trace-on,1241645568,1581252608,3872722944,3937734656,4199878656,679477248,235929600
pyqcu,c128,16x16x16x16,on,2,mg-2,Tesla V100-SXM2-32GB,warmup,1.107207363,40,1.787849433e-08,,2,v100__16x16x16x16__c128__l2__trace-on,1241645568,1581252608,3872722944,3937734656,4199878656,679477248,235929600
pyqcu,c128,16x16x16x16,on,2,mg-2,Tesla V100-SXM2-32GB,steady,1.085351756,40,1.787849433e-08,,5,v100__16x16x16x16__c128__l2__trace-on,1241645568,1581252608,3872722944,3937734656,4199878656,679477248,235929600
quda,c128,16x16x16x16,on,2,mg-2,Tesla V100-SXM2-32GB,cold,1.660712241,85,1.817773379e-08,,1,v100__16x16x16x16__c128__l2__trace-on,310509568,704643072,4573171712,5474947072,5481238528,,
quda,c128,16x16x16x16,on,2,mg-2,Tesla V100-SXM2-32GB,warmup,1.711151724,85,1.817773379e-08,,2,v100__16x16x16x16__c128__l2__trace-on,310509568,704643072,4573171712,5474947072,5481238528,,
quda,c128,16x16x16x16,on,2,mg-2,Tesla V100-SXM2-32GB,steady,1.575352285,85,1.817773379e-08,,5,v100__16x16x16x16__c128__l2__trace-on,310509568,704643072,4573171712,5474947072,5481238528,,
pyqcu,c128,16x16x16x16,off,3,mg-3,Tesla V100-SXM2-32GB,cold,0.46798384,44,1.832420759e-08,,1,v100__16x16x16x16__c128__l3__trace-off,1302987264,1669332992,3939831808,3958706176,4287959040,740818944,235929600
pyqcu,c128,16x16x16x16,off,3,mg-3,Tesla V100-SXM2-32GB,warmup,0.4443497325,44,1.832420759e-08,,2,v100__16x16x16x16__c128__l3__trace-off,1302987264,1669332992,3939831808,3958706176,4287959040,740818944,235929600
pyqcu,c128,16x16x16x16,off,3,mg-3,Tesla V100-SXM2-32GB,steady,0.436388557,44,1.832420759e-08,,5,v100__16x16x16x16__c128__l3__trace-off,1302987264,1669332992,3939831808,3958706176,4287959040,740818944,235929600
quda,c128,16x16x16x16,off,3,mg-3,Tesla V100-SXM2-32GB,cold,1.494571073,87,1.830353926e-08,,1,v100__16x16x16x16__c128__l3__trace-off,310509568,704643072,3790934016,4717875200,4724166656,,
quda,c128,16x16x16x16,off,3,mg-3,Tesla V100-SXM2-32GB,warmup,1.440348588,87,1.830353926e-08,,2,v100__16x16x16x16__c128__l3__trace-off,310509568,704643072,3790934016,4717875200,4724166656,,
quda,c128,16x16x16x16,off,3,mg-3,Tesla V100-SXM2-32GB,steady,1.404036121,87,1.830353926e-08,,5,v100__16x16x16x16__c128__l3__trace-off,310509568,704643072,3790934016,4717875200,4724166656,,
pyqcu,c128,16x16x16x16,on,3,mg-3,Tesla V100-SXM2-32GB,cold,1.293158054,44,1.832420759e-08,,1,v100__16x16x16x16__c128__l3__trace-on,1302987264,1669332992,3872722944,3958706176,4287959040,740818944,235929600
pyqcu,c128,16x16x16x16,on,3,mg-3,Tesla V100-SXM2-32GB,warmup,1.172311271,44,1.832420759e-08,,2,v100__16x16x16x16__c128__l3__trace-on,1302987264,1669332992,3872722944,3958706176,4287959040,740818944,235929600
pyqcu,c128,16x16x16x16,on,3,mg-3,Tesla V100-SXM2-32GB,steady,1.172682992,44,1.832420759e-08,,5,v100__16x16x16x16__c128__l3__trace-on,1302987264,1669332992,3872722944,3958706176,4287959040,740818944,235929600
quda,c128,16x16x16x16,on,3,mg-3,Tesla V100-SXM2-32GB,cold,1.906517031,87,1.830353926e-08,,1,v100__16x16x16x16__c128__l3__trace-on,310509568,704643072,3790934016,4717875200,4724166656,,
quda,c128,16x16x16x16,on,3,mg-3,Tesla V100-SXM2-32GB,warmup,1.664833439,87,1.830353926e-08,,2,v100__16x16x16x16__c128__l3__trace-on,310509568,704643072,3790934016,4717875200,4724166656,,
quda,c128,16x16x16x16,on,3,mg-3,Tesla V100-SXM2-32GB,steady,1.620863941,87,1.830353926e-08,,5,v100__16x16x16x16__c128__l3__trace-on,310509568,704643072,3790934016,4717875200,4724166656,,
pyqcu,c64,16x16x16x16,off,1,bicgstab,Tesla V100-SXM2-32GB,cold,0.260982922,90,3.393502023e-07,,1,v100__16x16x16x16__c64__l1__trace-off,625082880,805306368,2652180480,2687832064,2807369728,339738624,117964800
pyqcu,c64,16x16x16x16,off,1,bicgstab,Tesla V100-SXM2-32GB,warmup,0.2418178605,90,3.393502023e-07,,2,v100__16x16x16x16__c64__l1__trace-off,625082880,805306368,2652180480,2687832064,2807369728,339738624,117964800
pyqcu,c64,16x16x16x16,off,1,bicgstab,Tesla V100-SXM2-32GB,steady,0.241614948,90,3.393502023e-07,,5,v100__16x16x16x16__c64__l1__trace-off,625082880,805306368,2652180480,2687832064,2807369728,339738624,117964800
quda,c64,16x16x16x16,off,1,bicgstab,Tesla V100-SXM2-32GB,cold,0.345226115,63,6.907945888e-07,,1,v100__16x16x16x16__c64__l1__trace-off,190971904,400556032,3258257408,3759476736,3761573888,,
quda,c64,16x16x16x16,off,1,bicgstab,Tesla V100-SXM2-32GB,warmup,0.187298761,63,6.907945888e-07,,2,v100__16x16x16x16__c64__l1__trace-off,190971904,400556032,3258257408,3759476736,3761573888,,
quda,c64,16x16x16x16,off,1,bicgstab,Tesla V100-SXM2-32GB,steady,0.06808479301,63,6.907945888e-07,,5,v100__16x16x16x16__c64__l1__trace-off,190971904,400556032,3258257408,3759476736,3761573888,,
pyqcu,c64,16x16x16x16,on,1,bicgstab,Tesla V100-SXM2-32GB,cold,0.253668833,90,3.393502023e-07,,1,v100__16x16x16x16__c64__l1__trace-on,625082880,805306368,2610237440,2687832064,2807369728,339738624,117964800
pyqcu,c64,16x16x16x16,on,1,bicgstab,Tesla V100-SXM2-32GB,warmup,0.2608060615,90,3.393502023e-07,,2,v100__16x16x16x16__c64__l1__trace-on,625082880,805306368,2610237440,2687832064,2807369728,339738624,117964800
pyqcu,c64,16x16x16x16,on,1,bicgstab,Tesla V100-SXM2-32GB,steady,0.250004032,90,3.393502023e-07,,5,v100__16x16x16x16__c64__l1__trace-on,625082880,805306368,2610237440,2687832064,2807369728,339738624,117964800
quda,c64,16x16x16x16,on,1,bicgstab,Tesla V100-SXM2-32GB,cold,0.325996283,63,6.907945888e-07,,1,v100__16x16x16x16__c64__l1__trace-on,190971904,400556032,3258257408,3759476736,3761573888,,
quda,c64,16x16x16x16,on,1,bicgstab,Tesla V100-SXM2-32GB,warmup,0.202784129,63,6.907945888e-07,,2,v100__16x16x16x16__c64__l1__trace-on,190971904,400556032,3258257408,3759476736,3761573888,,
quda,c64,16x16x16x16,on,1,bicgstab,Tesla V100-SXM2-32GB,steady,0.080332803,63,6.907945888e-07,,5,v100__16x16x16x16__c64__l1__trace-on,190971904,400556032,3258257408,3759476736,3761573888,,
pyqcu,c64,16x16x16x16,off,2,mg-2,Tesla V100-SXM2-32GB,cold,0.204305186,30,4.62446825e-07,,1,v100__16x16x16x16__c64__l2__trace-off,625082880,805306368,2652180480,2687832064,2807369728,339738624,117964800
pyqcu,c64,16x16x16x16,off,2,mg-2,Tesla V100-SXM2-32GB,warmup,0.2107183795,30,4.62446825e-07,,2,v100__16x16x16x16__c64__l2__trace-off,625082880,805306368,2652180480,2687832064,2807369728,339738624,117964800
pyqcu,c64,16x16x16x16,off,2,mg-2,Tesla V100-SXM2-32GB,steady,0.203833308,30,4.62446825e-07,,5,v100__16x16x16x16__c64__l2__trace-off,625082880,805306368,2652180480,2687832064,2807369728,339738624,117964800
quda,c64,16x16x16x16,off,2,mg-2,Tesla V100-SXM2-32GB,cold,9.270799259,58,6.906357993e-07,,1,v100__16x16x16x16__c64__l2__trace-off,190971904,400556032,3258257408,3759476736,3761573888,,
quda,c64,16x16x16x16,off,2,mg-2,Tesla V100-SXM2-32GB,warmup,5.042985662,58,6.906357993e-07,,2,v100__16x16x16x16__c64__l2__trace-off,190971904,400556032,3258257408,3759476736,3761573888,,
quda,c64,16x16x16x16,off,2,mg-2,Tesla V100-SXM2-32GB,steady,0.524204428,58,6.906357993e-07,,5,v100__16x16x16x16__c64__l2__trace-off,190971904,400556032,3258257408,3759476736,3761573888,,
pyqcu,c64,16x16x16x16,on,2,mg-2,Tesla V100-SXM2-32GB,cold,0.459040151,30,4.62446825e-07,,1,v100__16x16x16x16__c64__l2__trace-on,625082880,805306368,2610237440,2687832064,2807369728,339738624,117964800
pyqcu,c64,16x16x16x16,on,2,mg-2,Tesla V100-SXM2-32GB,warmup,0.3722883575,30,4.62446825e-07,,2,v100__16x16x16x16__c64__l2__trace-on,625082880,805306368,2610237440,2687832064,2807369728,339738624,117964800
pyqcu,c64,16x16x16x16,on,2,mg-2,Tesla V100-SXM2-32GB,steady,0.383474814,30,4.62446825e-07,,5,v100__16x16x16x16__c64__l2__trace-on,625082880,805306368,2610237440,2687832064,2807369728,339738624,117964800
quda,c64,16x16x16x16,on,2,mg-2,Tesla V100-SXM2-32GB,cold,9.225204332,58,6.907255613e-07,,1,v100__16x16x16x16__c64__l2__trace-on,190971904,400556032,3258257408,3759476736,3761573888,,
quda,c64,16x16x16x16,on,2,mg-2,Tesla V100-SXM2-32GB,warmup,5.069232348,58,6.907255613e-07,,2,v100__16x16x16x16__c64__l2__trace-on,190971904,400556032,3258257408,3759476736,3761573888,,
quda,c64,16x16x16x16,on,2,mg-2,Tesla V100-SXM2-32GB,steady,0.643675787,58,6.907255613e-07,,5,v100__16x16x16x16__c64__l2__trace-on,190971904,400556032,3258257408,3759476736,3761573888,,
pyqcu,c64,16x16x16x16,off,3,mg-3,Tesla V100-SXM2-32GB,cold,0.159810172,31,5.797549791e-07,,1,v100__16x16x16x16__c64__l3__trace-off,656409088,847249408,2610237440,2708803584,2849312768,370409472,117964800
pyqcu,c64,16x16x16x16,off,3,mg-3,Tesla V100-SXM2-32GB,warmup,0.1606562195,31,5.797549791e-07,,2,v100__16x16x16x16__c64__l3__trace-off,656409088,847249408,2610237440,2708803584,2849312768,370409472,117964800
pyqcu,c64,16x16x16x16,off,3,mg-3,Tesla V100-SXM2-32GB,steady,0.150947673,31,5.797549791e-07,,5,v100__16x16x16x16__c64__l3__trace-off,656409088,847249408,2610237440,2708803584,2849312768,370409472,117964800
quda,c64,16x16x16x16,off,3,mg-3,Tesla V100-SXM2-32GB,cold,6.69456394,59,7.033264284e-07,,1,v100__16x16x16x16__c64__l3__trace-off,190971904,400556032,2840924160,3354726400,3356823552,,
quda,c64,16x16x16x16,off,3,mg-3,Tesla V100-SXM2-32GB,warmup,3.662285467,59,7.033264284e-07,,2,v100__16x16x16x16__c64__l3__trace-off,190971904,400556032,2840924160,3354726400,3356823552,,
quda,c64,16x16x16x16,off,3,mg-3,Tesla V100-SXM2-32GB,steady,0.714977704,59,7.033264284e-07,,5,v100__16x16x16x16__c64__l3__trace-off,190971904,400556032,2840924160,3354726400,3356823552,,
pyqcu,c64,16x16x16x16,on,3,mg-3,Tesla V100-SXM2-32GB,cold,0.494350488,31,5.797549791e-07,,1,v100__16x16x16x16__c64__l3__trace-on,656409088,847249408,2610237440,2708803584,2849312768,370409472,117964800
pyqcu,c64,16x16x16x16,on,3,mg-3,Tesla V100-SXM2-32GB,warmup,0.614289143,31,5.797549791e-07,,2,v100__16x16x16x16__c64__l3__trace-on,656409088,847249408,2610237440,2708803584,2849312768,370409472,117964800
pyqcu,c64,16x16x16x16,on,3,mg-3,Tesla V100-SXM2-32GB,steady,0.528114211,31,5.797549791e-07,,5,v100__16x16x16x16__c64__l3__trace-on,656409088,847249408,2610237440,2708803584,2849312768,370409472,117964800
quda,c64,16x16x16x16,on,3,mg-3,Tesla V100-SXM2-32GB,cold,7.064289966,59,7.034579219e-07,,1,v100__16x16x16x16__c64__l3__trace-on,190971904,400556032,2840924160,3354726400,3356823552,,
quda,c64,16x16x16x16,on,3,mg-3,Tesla V100-SXM2-32GB,warmup,4.370648398,59,7.034579219e-07,,2,v100__16x16x16x16__c64__l3__trace-on,190971904,400556032,2840924160,3354726400,3356823552,,
quda,c64,16x16x16x16,on,3,mg-3,Tesla V100-SXM2-32GB,steady,0.921261616,59,7.034579219e-07,,5,v100__16x16x16x16__c64__l3__trace-on,190971904,400556032,2840924160,3354726400,3356823552,,
pyqcu,c128,16x16x32x32,off,1,bicgstab,Tesla V100-SXM2-32GB,cold,2.582754451,143,1.676726507e-08,,1,v100__16x16x32x32__c128__l1__trace-off,4941021696,6327107584,8597606400,8631160832,9751040000,2717908992,943718400
pyqcu,c128,16x16x32x32,off,1,bicgstab,Tesla V100-SXM2-32GB,warmup,1.419804266,143,1.676726507e-08,,2,v100__16x16x32x32__c128__l1__trace-off,4941021696,6327107584,8597606400,8631160832,9751040000,2717908992,943718400
pyqcu,c128,16x16x32x32,off,1,bicgstab,Tesla V100-SXM2-32GB,steady,1.421209365,143,1.676726507e-08,,5,v100__16x16x32x32__c128__l1__trace-off,4941021696,6327107584,8597606400,8631160832,9751040000,2717908992,943718400
quda,c128,16x16x32x32,off,1,bicgstab,Tesla V100-SXM2-32GB,cold,0.358711604,102,1.779427957e-08,,1,v100__16x16x32x32__c128__l1__trace-off,1216479232,2732589056,12982751232,16478703616,16503869440,,
quda,c128,16x16x32x32,off,1,bicgstab,Tesla V100-SXM2-32GB,warmup,0.3575839995,102,1.779427957e-08,,2,v100__16x16x32x32__c128__l1__trace-off,1216479232,2732589056,12982751232,16478703616,16503869440,,
quda,c128,16x16x32x32,off,1,bicgstab,Tesla V100-SXM2-32GB,steady,0.350109745,102,1.779427957e-08,,5,v100__16x16x32x32__c128__l1__trace-off,1216479232,2732589056,12982751232,16478703616,16503869440,,
pyqcu,c128,16x16x32x32,on,1,bicgstab,Tesla V100-SXM2-32GB,cold,1.644474388,143,1.676726507e-08,,1,v100__16x16x32x32__c128__l1__trace-on,4941021696,6327107584,8564051968,8631160832,9751040000,2717908992,943718400
pyqcu,c128,16x16x32x32,on,1,bicgstab,Tesla V100-SXM2-32GB,warmup,1.479588886,143,1.676726507e-08,,2,v100__16x16x32x32__c128__l1__trace-on,4941021696,6327107584,8564051968,8631160832,9751040000,2717908992,943718400
pyqcu,c128,16x16x32x32,on,1,bicgstab,Tesla V100-SXM2-32GB,steady,1.473002152,143,1.676726507e-08,,5,v100__16x16x32x32__c128__l1__trace-on,4941021696,6327107584,8564051968,8631160832,9751040000,2717908992,943718400
quda,c128,16x16x32x32,on,1,bicgstab,Tesla V100-SXM2-32GB,cold,0.363404217,102,1.779427957e-08,,1,v100__16x16x32x32__c128__l1__trace-on,1216479232,2732589056,12982751232,16478703616,16503869440,,
quda,c128,16x16x32x32,on,1,bicgstab,Tesla V100-SXM2-32GB,warmup,0.3612394575,102,1.779427957e-08,,2,v100__16x16x32x32__c128__l1__trace-on,1216479232,2732589056,12982751232,16478703616,16503869440,,
quda,c128,16x16x32x32,on,1,bicgstab,Tesla V100-SXM2-32GB,steady,0.353008864,102,1.779427957e-08,,5,v100__16x16x32x32__c128__l1__trace-on,1216479232,2732589056,12982751232,16478703616,16503869440,,
pyqcu,c128,16x16x32x32,off,2,mg-2,Tesla V100-SXM2-32GB,cold,6.993427887,41,1.848284567e-08,,1,v100__16x16x32x32__c128__l2__trace-off,4941021696,6327107584,8597606400,8631160832,9751040000,2717908992,943718400
pyqcu,c128,16x16x32x32,off,2,mg-2,Tesla V100-SXM2-32GB,warmup,7.744193489,41,1.848284567e-08,,2,v100__16x16x32x32__c128__l2__trace-off,4941021696,6327107584,8597606400,8631160832,9751040000,2717908992,943718400
pyqcu,c128,16x16x32x32,off,2,mg-2,Tesla V100-SXM2-32GB,steady,7.482400973,41,1.848284567e-08,,5,v100__16x16x32x32__c128__l2__trace-off,4941021696,6327107584,8597606400,8631160832,9751040000,2717908992,943718400
quda,c128,16x16x32x32,off,2,mg-2,Tesla V100-SXM2-32GB,cold,4.212503508,85,1.828224261e-08,,1,v100__16x16x32x32__c128__l2__trace-off,1216479232,2732589056,12982751232,16478703616,16503869440,,
quda,c128,16x16x32x32,off,2,mg-2,Tesla V100-SXM2-32GB,warmup,4.210949115,85,1.828224261e-08,,2,v100__16x16x32x32__c128__l2__trace-off,1216479232,2732589056,12982751232,16478703616,16503869440,,
quda,c128,16x16x32x32,off,2,mg-2,Tesla V100-SXM2-32GB,steady,4.041431845,85,1.828224261e-08,,5,v100__16x16x32x32__c128__l2__trace-off,1216479232,2732589056,12982751232,16478703616,16503869440,,
pyqcu,c128,16x16x32x32,on,2,mg-2,Tesla V100-SXM2-32GB,cold,4.187548878,41,1.848284567e-08,,1,v100__16x16x32x32__c128__l2__trace-on,4941021696,6327107584,8564051968,8631160832,9751040000,2717908992,943718400
pyqcu,c128,16x16x32x32,on,2,mg-2,Tesla V100-SXM2-32GB,warmup,4.165275557,41,1.848284567e-08,,2,v100__16x16x32x32__c128__l2__trace-on,4941021696,6327107584,8564051968,8631160832,9751040000,2717908992,943718400
pyqcu,c128,16x16x32x32,on,2,mg-2,Tesla V100-SXM2-32GB,steady,4.112094885,41,1.848284567e-08,,5,v100__16x16x32x32__c128__l2__trace-on,4941021696,6327107584,8564051968,8631160832,9751040000,2717908992,943718400
quda,c128,16x16x32x32,on,2,mg-2,Tesla V100-SXM2-32GB,cold,4.340570619,85,1.828224261e-08,,1,v100__16x16x32x32__c128__l2__trace-on,1216479232,2732589056,12982751232,16478703616,16503869440,,
quda,c128,16x16x32x32,on,2,mg-2,Tesla V100-SXM2-32GB,warmup,4.1953577,85,1.828224261e-08,,2,v100__16x16x32x32__c128__l2__trace-on,1216479232,2732589056,12982751232,16478703616,16503869440,,
quda,c128,16x16x32x32,on,2,mg-2,Tesla V100-SXM2-32GB,steady,4.162918694,85,1.828224261e-08,,5,v100__16x16x32x32__c128__l2__trace-on,1216479232,2732589056,12982751232,16478703616,16503869440,,
pyqcu,c128,16x16x32x32,off,3,mg-3,Tesla V100-SXM2-32GB,cold,1.679524356,46,1.819593256e-08,,1,v100__16x16x32x32__c128__l3__trace-off,5186388480,6616514560,8597606400,8668909568,10040446976,2963275776,943718400
pyqcu,c128,16x16x32x32,off,3,mg-3,Tesla V100-SXM2-32GB,warmup,1.654536107,46,1.819593256e-08,,2,v100__16x16x32x32__c128__l3__trace-off,5186388480,6616514560,8597606400,8668909568,10040446976,2963275776,943718400
pyqcu,c128,16x16x32x32,off,3,mg-3,Tesla V100-SXM2-32GB,steady,1.642416698,46,1.819593256e-08,,5,v100__16x16x32x32__c128__l3__trace-off,5186388480,6616514560,8597606400,8668909568,10040446976,2963275776,943718400
quda,c128,16x16x32x32,off,3,mg-3,Tesla V100-SXM2-32GB,cold,3.242232155,89,1.830996989e-08,,1,v100__16x16x32x32__c128__l3__trace-off,1216479232,2732589056,10013184000,13616091136,13641256960,,
quda,c128,16x16x32x32,off,3,mg-3,Tesla V100-SXM2-32GB,warmup,2.901512652,89,1.830996989e-08,,2,v100__16x16x32x32__c128__l3__trace-off,1216479232,2732589056,10013184000,13616091136,13641256960,,
quda,c128,16x16x32x32,off,3,mg-3,Tesla V100-SXM2-32GB,steady,3.029770348,89,1.830996989e-08,,5,v100__16x16x32x32__c128__l3__trace-off,1216479232,2732589056,10013184000,13616091136,13641256960,,
pyqcu,c128,16x16x32x32,on,3,mg-3,Tesla V100-SXM2-32GB,cold,3.282152058,46,1.819593256e-08,,1,v100__16x16x32x32__c128__l3__trace-on,5186388480,6616514560,8597606400,8668909568,10040446976,2963275776,943718400
pyqcu,c128,16x16x32x32,on,3,mg-3,Tesla V100-SXM2-32GB,warmup,3.124230441,46,1.819593256e-08,,2,v100__16x16x32x32__c128__l3__trace-on,5186388480,6616514560,8597606400,8668909568,10040446976,2963275776,943718400
pyqcu,c128,16x16x32x32,on,3,mg-3,Tesla V100-SXM2-32GB,steady,3.09479521,46,1.819593256e-08,,5,v100__16x16x32x32__c128__l3__trace-on,5186388480,6616514560,8597606400,8668909568,10040446976,2963275776,943718400
quda,c128,16x16x32x32,on,3,mg-3,Tesla V100-SXM2-32GB,cold,3.449767178,89,1.830996989e-08,,1,v100__16x16x32x32__c128__l3__trace-on,1216479232,2732589056,10013184000,13616091136,13641256960,,
quda,c128,16x16x32x32,on,3,mg-3,Tesla V100-SXM2-32GB,warmup,3.149956136,89,1.830996989e-08,,2,v100__16x16x32x32__c128__l3__trace-on,1216479232,2732589056,10013184000,13616091136,13641256960,,
quda,c128,16x16x32x32,on,3,mg-3,Tesla V100-SXM2-32GB,steady,3.084280804,89,1.830996989e-08,,5,v100__16x16x32x32__c128__l3__trace-on,1216479232,2732589056,10013184000,13616091136,13641256960,,
pyqcu,c64,16x32x32x48,off,1,bicgstab,Tesla V100-SXM2-32GB,cold,1.690829306,137,3.792390329e-07,,1,v100__16x32x32x48__c64__l1__trace-off,7407272448,9479127040,11227435008,10371796992,12051615744,4076863488,509607936
pyqcu,c64,16x32x32x48,off,1,bicgstab,Tesla V100-SXM2-32GB,warmup,1.696608855,137,3.792390329e-07,,2,v100__16x32x32x48__c64__l1__trace-off,7407272448,9479127040,11227435008,10371796992,12051615744,4076863488,509607936
pyqcu,c64,16x32x32x48,off,1,bicgstab,Tesla V100-SXM2-32GB,steady,1.684636137,137,3.792390329e-07,,5,v100__16x32x32x48__c64__l1__trace-off,7407272448,9479127040,11227435008,10371796992,12051615744,4076863488,509607936
quda,c64,16x32x32x48,off,1,bicgstab,Tesla V100-SXM2-32GB,cold,0.385466977,88,6.147449926e-07,,1,v100__16x32x32x48__c64__l1__trace-off,2197946368,4477419520,19966267392,24145891328,24183640064,,
quda,c64,16x32x32x48,off,1,bicgstab,Tesla V100-SXM2-32GB,warmup,0.4332757095,88,6.147449926e-07,,2,v100__16x32x32x48__c64__l1__trace-off,2197946368,4477419520,19966267392,24145891328,24183640064,,
quda,c64,16x32x32x48,off,1,bicgstab,Tesla V100-SXM2-32GB,steady,0.396647942,88,6.147449926e-07,,5,v100__16x32x32x48__c64__l1__trace-off,2197946368,4477419520,19966267392,24145891328,24183640064,,
pyqcu,c64,16x32x32x48,on,1,bicgstab,Tesla V100-SXM2-32GB,cold,2.021838636,137,3.792390329e-07,,1,v100__16x32x32x48__c64__l1__trace-on,7407272448,9479127040,11227435008,10371796992,12051615744,4076863488,509607936
pyqcu,c64,16x32x32x48,on,1,bicgstab,Tesla V100-SXM2-32GB,warmup,2.058750525,137,3.792390329e-07,,2,v100__16x32x32x48__c64__l1__trace-on,7407272448,9479127040,11227435008,10371796992,12051615744,4076863488,509607936
pyqcu,c64,16x32x32x48,on,1,bicgstab,Tesla V100-SXM2-32GB,steady,2.206876443,137,3.792390329e-07,,5,v100__16x32x32x48__c64__l1__trace-on,7407272448,9479127040,11227435008,10371796992,12051615744,4076863488,509607936
quda,c64,16x32x32x48,on,1,bicgstab,Tesla V100-SXM2-32GB,cold,0.420021733,88,6.147449926e-07,,1,v100__16x32x32x48__c64__l1__trace-on,2197946368,4477419520,19966267392,24145891328,24183640064,,
quda,c64,16x32x32x48,on,1,bicgstab,Tesla V100-SXM2-32GB,warmup,0.3917881895,88,6.147449926e-07,,2,v100__16x32x32x48__c64__l1__trace-on,2197946368,4477419520,19966267392,24145891328,24183640064,,
quda,c64,16x32x32x48,on,1,bicgstab,Tesla V100-SXM2-32GB,steady,0.389674488,88,6.147449926e-07,,5,v100__16x32x32x48__c64__l1__trace-on,2197946368,4477419520,19966267392,24145891328,24183640064,,
pyqcu,c64,16x32x32x48,off,2,mg-2,Tesla V100-SXM2-32GB,cold,1.961632557,11,3.601538445e-07,,1,v100__16x32x32x48__c64__l2__trace-off,7407272448,9479127040,11227435008,10371796992,12051615744,4076863488,509607936
pyqcu,c64,16x32x32x48,off,2,mg-2,Tesla V100-SXM2-32GB,warmup,1.952247237,11,3.601538445e-07,,2,v100__16x32x32x48__c64__l2__trace-off,7407272448,9479127040,11227435008,10371796992,12051615744,4076863488,509607936
pyqcu,c64,16x32x32x48,off,2,mg-2,Tesla V100-SXM2-32GB,steady,1.940163319,11,3.601538445e-07,,5,v100__16x32x32x48__c64__l2__trace-off,7407272448,9479127040,11227435008,10371796992,12051615744,4076863488,509607936
quda,c64,16x32x32x48,off,2,mg-2,Tesla V100-SXM2-32GB,cold,2.744853498,37,7.30285758e-07,,1,v100__16x32x32x48__c64__l2__trace-off,2197946368,4477419520,19966267392,24145891328,24183640064,,
quda,c64,16x32x32x48,off,2,mg-2,Tesla V100-SXM2-32GB,warmup,2.689076238,37,7.30285758e-07,,2,v100__16x32x32x48__c64__l2__trace-off,2197946368,4477419520,19966267392,24145891328,24183640064,,
quda,c64,16x32x32x48,off,2,mg-2,Tesla V100-SXM2-32GB,steady,2.716042929,37,7.30285758e-07,,5,v100__16x32x32x48__c64__l2__trace-off,2197946368,4477419520,19966267392,24145891328,24183640064,,
pyqcu,c64,16x32x32x48,on,2,mg-2,Tesla V100-SXM2-32GB,cold,2.731842141,11,3.601538445e-07,,1,v100__16x32x32x48__c64__l2__trace-on,7407272448,9479127040,11227435008,10371796992,12051615744,4076863488,509607936
pyqcu,c64,16x32x32x48,on,2,mg-2,Tesla V100-SXM2-32GB,warmup,2.685094732,11,3.601538445e-07,,2,v100__16x32x32x48__c64__l2__trace-on,7407272448,9479127040,11227435008,10371796992,12051615744,4076863488,509607936
pyqcu,c64,16x32x32x48,on,2,mg-2,Tesla V100-SXM2-32GB,steady,2.679416899,11,3.601538445e-07,,5,v100__16x32x32x48__c64__l2__trace-on,7407272448,9479127040,11227435008,10371796992,12051615744,4076863488,509607936
quda,c64,16x32x32x48,on,2,mg-2,Tesla V100-SXM2-32GB,cold,2.872735511,37,7.30285758e-07,,1,v100__16x32x32x48__c64__l2__trace-on,2197946368,4477419520,19966267392,24145891328,24183640064,,
quda,c64,16x32x32x48,on,2,mg-2,Tesla V100-SXM2-32GB,warmup,2.866549113,37,7.30285758e-07,,2,v100__16x32x32x48__c64__l2__trace-on,2197946368,4477419520,19966267392,24145891328,24183640064,,
quda,c64,16x32x32x48,on,2,mg-2,Tesla V100-SXM2-32GB,steady,2.783124585,37,7.30285758e-07,,5,v100__16x32x32x48__c64__l2__trace-on,2197946368,4477419520,19966267392,24145891328,24183640064,,
pyqcu,c64,16x32x32x48,off,3,mg-3,Tesla V100-SXM2-32GB,cold,0.823581947,14,4.9011575e-07,,1,v100__16x32x32x48__c64__l3__trace-off,7775322624,9913237504,11193880576,10394865664,12452171776,4444913664,509607936
pyqcu,c64,16x32x32x48,off,3,mg-3,Tesla V100-SXM2-32GB,warmup,0.8397234005,14,4.9011575e-07,,2,v100__16x32x32x48__c64__l3__trace-off,7775322624,9913237504,11193880576,10394865664,12452171776,4444913664,509607936
pyqcu,c64,16x32x32x48,off,3,mg-3,Tesla V100-SXM2-32GB,steady,0.808892885,14,4.9011575e-07,,5,v100__16x32x32x48__c64__l3__trace-off,7775322624,9913237504,11193880576,10394865664,12452171776,4444913664,509607936
quda,c64,16x32x32x48,off,3,mg-3,Tesla V100-SXM2-32GB,cold,1.674565083,39,7.328100192e-07,,1,v100__16x32x32x48__c64__l3__trace-off,2197946368,4477419520,15503527936,19848826880,19886575616,,
quda,c64,16x32x32x48,off,3,mg-3,Tesla V100-SXM2-32GB,warmup,1.634228208,39,7.328100192e-07,,2,v100__16x32x32x48__c64__l3__trace-off,2197946368,4477419520,15503527936,19848826880,19886575616,,
quda,c64,16x32x32x48,off,3,mg-3,Tesla V100-SXM2-32GB,steady,1.640769174,39,7.328100192e-07,,5,v100__16x32x32x48__c64__l3__trace-off,2197946368,4477419520,15503527936,19848826880,19886575616,,
pyqcu,c64,16x32x32x48,on,3,mg-3,Tesla V100-SXM2-32GB,cold,1.482543375,14,4.9011575e-07,,1,v100__16x32x32x48__c64__l3__trace-on,7775322624,9913237504,11193880576,10428420096,12485726208,4444913664,509607936
pyqcu,c64,16x32x32x48,on,3,mg-3,Tesla V100-SXM2-32GB,warmup,1.421885853,14,4.9011575e-07,,2,v100__16x32x32x48__c64__l3__trace-on,7775322624,9913237504,11193880576,10428420096,12485726208,4444913664,509607936
pyqcu,c64,16x32x32x48,on,3,mg-3,Tesla V100-SXM2-32GB,steady,1.442251417,14,4.9011575e-07,,5,v100__16x32x32x48__c64__l3__trace-on,7775322624,9913237504,11193880576,10428420096,12485726208,4444913664,509607936
quda,c64,16x32x32x48,on,3,mg-3,Tesla V100-SXM2-32GB,cold,1.887489287,39,7.328100192e-07,,1,v100__16x32x32x48__c64__l3__trace-on,2197946368,4477419520,15503527936,19848826880,19886575616,,
quda,c64,16x32x32x48,on,3,mg-3,Tesla V100-SXM2-32GB,warmup,1.858539874,39,7.328100192e-07,,2,v100__16x32x32x48__c64__l3__trace-on,2197946368,4477419520,15503527936,19848826880,19886575616,,
quda,c64,16x32x32x48,on,3,mg-3,Tesla V100-SXM2-32GB,steady,1.817490276,39,7.328100192e-07,,5,v100__16x32x32x48__c64__l3__trace-on,2197946368,4477419520,15503527936,19848826880,19886575616,,
pyqcu,c128,8x8x8x16,off,1,bicgstab,Tesla V100-SXM2-32GB,cold,0.418069149,123,1.727475018e-08,,1,v100__8x8x8x16__c128__l1__trace-off,163709440,201326592,2526351360,2564100096,2585071616,84934656,29491200
pyqcu,c128,8x8x8x16,off,1,bicgstab,Tesla V100-SXM2-32GB,warmup,0.371838617,123,1.727475018e-08,,2,v100__8x8x8x16__c128__l1__trace-off,163709440,201326592,2526351360,2564100096,2585071616,84934656,29491200
pyqcu,c128,8x8x8x16,off,1,bicgstab,Tesla V100-SXM2-32GB,steady,0.409442581,123,1.727475018e-08,,5,v100__8x8x8x16__c128__l1__trace-off,163709440,201326592,2526351360,2564100096,2585071616,84934656,29491200
quda,c128,8x8x8x16,off,1,bicgstab,Tesla V100-SXM2-32GB,cold,0.125255093,93,1.803731795e-08,,1,v100__8x8x8x16__c128__l1__trace-off,46268416,100663296,2075463680,2197098496,2199195648,,
quda,c128,8x8x8x16,off,1,bicgstab,Tesla V100-SXM2-32GB,warmup,0.1644564835,93,1.803731795e-08,,2,v100__8x8x8x16__c128__l1__trace-off,46268416,100663296,2075463680,2197098496,2199195648,,
quda,c128,8x8x8x16,off,1,bicgstab,Tesla V100-SXM2-32GB,steady,0.146273668,93,1.803731795e-08,,5,v100__8x8x8x16__c128__l1__trace-off,46268416,100663296,2075463680,2197098496,2199195648,,
pyqcu,c128,8x8x8x16,on,1,bicgstab,Tesla V100-SXM2-32GB,cold,0.357388604,123,1.727475018e-08,,1,v100__8x8x8x16__c128__l1__trace-on,163709440,201326592,2526351360,2597654528,2618626048,84934656,29491200
pyqcu,c128,8x8x8x16,on,1,bicgstab,Tesla V100-SXM2-32GB,warmup,0.451108149,123,1.727475018e-08,,2,v100__8x8x8x16__c128__l1__trace-on,163709440,201326592,2526351360,2597654528,2618626048,84934656,29491200
pyqcu,c128,8x8x8x16,on,1,bicgstab,Tesla V100-SXM2-32GB,steady,0.409236722,123,1.727475018e-08,,5,v100__8x8x8x16__c128__l1__trace-on,163709440,201326592,2526351360,2597654528,2618626048,84934656,29491200
quda,c128,8x8x8x16,on,1,bicgstab,Tesla V100-SXM2-32GB,cold,0.1287829,93,1.803731795e-08,,1,v100__8x8x8x16__c128__l1__trace-on,46268416,100663296,2075463680,2197098496,2199195648,,
quda,c128,8x8x8x16,on,1,bicgstab,Tesla V100-SXM2-32GB,warmup,0.1298429825,93,1.803731795e-08,,2,v100__8x8x8x16__c128__l1__trace-on,46268416,100663296,2075463680,2197098496,2199195648,,
quda,c128,8x8x8x16,on,1,bicgstab,Tesla V100-SXM2-32GB,steady,0.122680676,93,1.803731795e-08,,5,v100__8x8x8x16__c128__l1__trace-on,46268416,100663296,2075463680,2197098496,2199195648,,
pyqcu,c128,8x8x8x16,off,2,mg-2,Tesla V100-SXM2-32GB,cold,0.154835203,13,1.750136069e-08,,1,v100__8x8x8x16__c128__l2__trace-off,163709440,201326592,2526351360,2564100096,2585071616,84934656,29491200
pyqcu,c128,8x8x8x16,off,2,mg-2,Tesla V100-SXM2-32GB,warmup,0.155778177,13,1.750136069e-08,,2,v100__8x8x8x16__c128__l2__trace-off,163709440,201326592,2526351360,2564100096,2585071616,84934656,29491200
pyqcu,c128,8x8x8x16,off,2,mg-2,Tesla V100-SXM2-32GB,steady,0.15905112,13,1.750136069e-08,,5,v100__8x8x8x16__c128__l2__trace-off,163709440,201326592,2526351360,2564100096,2585071616,84934656,29491200
quda,c128,8x8x8x16,off,2,mg-2,Tesla V100-SXM2-32GB,cold,1.684024704,45,1.893048501e-08,,1,v100__8x8x8x16__c128__l2__trace-off,46268416,100663296,2075463680,2197098496,2199195648,,
quda,c128,8x8x8x16,off,2,mg-2,Tesla V100-SXM2-32GB,warmup,1.40499392,45,1.893048501e-08,,2,v100__8x8x8x16__c128__l2__trace-off,46268416,100663296,2075463680,2197098496,2199195648,,
quda,c128,8x8x8x16,off,2,mg-2,Tesla V100-SXM2-32GB,steady,1.202205788,45,1.893048501e-08,,5,v100__8x8x8x16__c128__l2__trace-off,46268416,100663296,2075463680,2197098496,2199195648,,
pyqcu,c128,8x8x8x16,on,2,mg-2,Tesla V100-SXM2-32GB,cold,0.251816082,13,1.750136069e-08,,1,v100__8x8x8x16__c128__l2__trace-on,163709440,201326592,2526351360,2597654528,2618626048,84934656,29491200
pyqcu,c128,8x8x8x16,on,2,mg-2,Tesla V100-SXM2-32GB,warmup,0.2490727455,13,1.750136069e-08,,2,v100__8x8x8x16__c128__l2__trace-on,163709440,201326592,2526351360,2597654528,2618626048,84934656,29491200
pyqcu,c128,8x8x8x16,on,2,mg-2,Tesla V100-SXM2-32GB,steady,0.240054681,13,1.750136069e-08,,5,v100__8x8x8x16__c128__l2__trace-on,163709440,201326592,2526351360,2597654528,2618626048,84934656,29491200
quda,c128,8x8x8x16,on,2,mg-2,Tesla V100-SXM2-32GB,cold,1.310096026,45,1.893048501e-08,,1,v100__8x8x8x16__c128__l2__trace-on,46268416,100663296,2075463680,2197098496,2199195648,,
quda,c128,8x8x8x16,on,2,mg-2,Tesla V100-SXM2-32GB,warmup,1.282366974,45,1.893048501e-08,,2,v100__8x8x8x16__c128__l2__trace-on,46268416,100663296,2075463680,2197098496,2199195648,,
quda,c128,8x8x8x16,on,2,mg-2,Tesla V100-SXM2-32GB,steady,1.19353607,45,1.893048501e-08,,5,v100__8x8x8x16__c128__l2__trace-on,46268416,100663296,2075463680,2197098496,2199195648,,
pyqcu,c128,8x8x8x16,off,3,mg-3,Tesla V100-SXM2-32GB,cold,0.123866031,14,1.74218877e-08,,1,v100__8x8x8x16__c128__l3__trace-off,175243776,220200960,2534739968,2564100096,2603945984,95551488,29491200
pyqcu,c128,8x8x8x16,off,3,mg-3,Tesla V100-SXM2-32GB,warmup,0.108561076,14,1.74218877e-08,,2,v100__8x8x8x16__c128__l3__trace-off,175243776,220200960,2534739968,2564100096,2603945984,95551488,29491200
pyqcu,c128,8x8x8x16,off,3,mg-3,Tesla V100-SXM2-32GB,steady,0.104221963,14,1.74218877e-08,,5,v100__8x8x8x16__c128__l3__trace-off,175243776,220200960,2534739968,2564100096,2603945984,95551488,29491200
quda,c128,8x8x8x16,off,3,mg-3,Tesla V100-SXM2-32GB,cold,1.744784605,45,1.890054108e-08,,1,v100__8x8x8x16__c128__l3__trace-off,46268416,100663296,1974800384,2113212416,2115309568,,
quda,c128,8x8x8x16,off,3,mg-3,Tesla V100-SXM2-32GB,warmup,1.169492824,45,1.890054108e-08,,2,v100__8x8x8x16__c128__l3__trace-off,46268416,100663296,1974800384,2113212416,2115309568,,
quda,c128,8x8x8x16,off,3,mg-3,Tesla V100-SXM2-32GB,steady,1.525187884,45,1.890054108e-08,,5,v100__8x8x8x16__c128__l3__trace-off,46268416,100663296,1974800384,2113212416,2115309568,,
pyqcu,c128,8x8x8x16,on,3,mg-3,Tesla V100-SXM2-32GB,cold,0.29596446,14,1.74218877e-08,,1,v100__8x8x8x16__c128__l3__trace-on,175243776,220200960,2576683008,2564100096,2603945984,95551488,29491200
pyqcu,c128,8x8x8x16,on,3,mg-3,Tesla V100-SXM2-32GB,warmup,0.3114203375,14,1.74218877e-08,,2,v100__8x8x8x16__c128__l3__trace-on,175243776,220200960,2576683008,2564100096,2603945984,95551488,29491200
pyqcu,c128,8x8x8x16,on,3,mg-3,Tesla V100-SXM2-32GB,steady,0.295327845,14,1.74218877e-08,,5,v100__8x8x8x16__c128__l3__trace-on,175243776,220200960,2576683008,2564100096,2603945984,95551488,29491200
quda,c128,8x8x8x16,on,3,mg-3,Tesla V100-SXM2-32GB,cold,1.565946532,45,1.890054108e-08,,1,v100__8x8x8x16__c128__l3__trace-on,46268416,100663296,1974800384,2113212416,2115309568,,
quda,c128,8x8x8x16,on,3,mg-3,Tesla V100-SXM2-32GB,warmup,1.436881873,45,1.890054108e-08,,2,v100__8x8x8x16__c128__l3__trace-on,46268416,100663296,1974800384,2113212416,2115309568,,
quda,c128,8x8x8x16,on,3,mg-3,Tesla V100-SXM2-32GB,steady,1.269657775,45,1.890054108e-08,,5,v100__8x8x8x16__c128__l3__trace-on,46268416,100663296,1974800384,2113212416,2115309568,,
pyqcu,c64,8x8x8x16,off,1,bicgstab,Tesla V100-SXM2-32GB,cold,0.217256667,91,6.880936331e-07,,1,v100__8x8x8x16__c64__l1__trace-off,85590528,119537664,1985286144,2006257664,2020937728,42467328,14745600
pyqcu,c64,8x8x8x16,off,1,bicgstab,Tesla V100-SXM2-32GB,warmup,0.200926875,91,6.880936331e-07,,2,v100__8x8x8x16__c64__l1__trace-off,85590528,119537664,1985286144,2006257664,2020937728,42467328,14745600
pyqcu,c64,8x8x8x16,off,1,bicgstab,Tesla V100-SXM2-32GB,steady,0.204748084,91,6.880936331e-07,,5,v100__8x8x8x16__c64__l1__trace-off,85590528,119537664,1985286144,2006257664,2020937728,42467328,14745600
quda,c64,8x8x8x16,off,1,bicgstab,Tesla V100-SXM2-32GB,cold,0.280184608,68,2.954210505e-07,,1,v100__8x8x8x16__c64__l1__trace-off,31326208,81788928,1874137088,1951731712,1964314624,,
quda,c64,8x8x8x16,off,1,bicgstab,Tesla V100-SXM2-32GB,warmup,0.1693424355,68,2.954210505e-07,,2,v100__8x8x8x16__c64__l1__trace-off,31326208,81788928,1874137088,1951731712,1964314624,,
quda,c64,8x8x8x16,off,1,bicgstab,Tesla V100-SXM2-32GB,steady,0.06732985,68,2.954210505e-07,,5,v100__8x8x8x16__c64__l1__trace-off,31326208,81788928,1874137088,1951731712,1964314624,,
pyqcu,c64,8x8x8x16,on,1,bicgstab,Tesla V100-SXM2-32GB,cold,0.224937115,91,6.880936331e-07,,1,v100__8x8x8x16__c64__l1__trace-on,85590528,119537664,1976897536,2006257664,2020937728,42467328,14745600
pyqcu,c64,8x8x8x16,on,1,bicgstab,Tesla V100-SXM2-32GB,warmup,0.211051044,91,6.880936331e-07,,2,v100__8x8x8x16__c64__l1__trace-on,85590528,119537664,1976897536,2006257664,2020937728,42467328,14745600
pyqcu,c64,8x8x8x16,on,1,bicgstab,Tesla V100-SXM2-32GB,steady,0.203805171,91,6.880936331e-07,,5,v100__8x8x8x16__c64__l1__trace-on,85590528,119537664,1976897536,2006257664,2020937728,42467328,14745600
quda,c64,8x8x8x16,on,1,bicgstab,Tesla V100-SXM2-32GB,cold,0.325698583,68,2.954210505e-07,,1,v100__8x8x8x16__c64__l1__trace-on,31326208,81788928,1874137088,1951731712,1964314624,,
quda,c64,8x8x8x16,on,1,bicgstab,Tesla V100-SXM2-32GB,warmup,0.1984901985,68,2.954210505e-07,,2,v100__8x8x8x16__c64__l1__trace-on,31326208,81788928,1874137088,1951731712,1964314624,,
quda,c64,8x8x8x16,on,1,bicgstab,Tesla V100-SXM2-32GB,steady,0.08359112701,68,2.954210505e-07,,5,v100__8x8x8x16__c64__l1__trace-on,31326208,81788928,1874137088,1951731712,1964314624,,
pyqcu,c64,8x8x8x16,off,2,mg-2,Tesla V100-SXM2-32GB,cold,0.051966402,9,7.249293305e-07,,1,v100__8x8x8x16__c64__l2__trace-off,85590528,119537664,1985286144,2006257664,2020937728,42467328,14745600
pyqcu,c64,8x8x8x16,off,2,mg-2,Tesla V100-SXM2-32GB,warmup,0.04890381849,9,7.249293305e-07,,2,v100__8x8x8x16__c64__l2__trace-off,85590528,119537664,1985286144,2006257664,2020937728,42467328,14745600
pyqcu,c64,8x8x8x16,off,2,mg-2,Tesla V100-SXM2-32GB,steady,0.046208414,9,7.249293305e-07,,5,v100__8x8x8x16__c64__l2__trace-off,85590528,119537664,1985286144,2006257664,2020937728,42467328,14745600
quda,c64,8x8x8x16,off,2,mg-2,Tesla V100-SXM2-32GB,cold,4.463893878,32,7.968316408e-07,,1,v100__8x8x8x16__c64__l2__trace-off,31326208,81788928,1874137088,1951731712,1964314624,,
quda,c64,8x8x8x16,off,2,mg-2,Tesla V100-SXM2-32GB,warmup,2.494303286,32,7.968316408e-07,,2,v100__8x8x8x16__c64__l2__trace-off,31326208,81788928,1874137088,1951731712,1964314624,,
quda,c64,8x8x8x16,off,2,mg-2,Tesla V100-SXM2-32GB,steady,0.328821792,32,7.968316408e-07,,5,v100__8x8x8x16__c64__l2__trace-off,31326208,81788928,1874137088,1951731712,1964314624,,
pyqcu,c64,8x8x8x16,on,2,mg-2,Tesla V100-SXM2-32GB,cold,0.10845232,9,7.249293305e-07,,1,v100__8x8x8x16__c64__l2__trace-on,85590528,119537664,1976897536,2006257664,2020937728,42467328,14745600
pyqcu,c64,8x8x8x16,on,2,mg-2,Tesla V100-SXM2-32GB,warmup,0.126274353,9,7.249293305e-07,,2,v100__8x8x8x16__c64__l2__trace-on,85590528,119537664,1976897536,2006257664,2020937728,42467328,14745600
pyqcu,c64,8x8x8x16,on,2,mg-2,Tesla V100-SXM2-32GB,steady,0.113535273,9,7.249293305e-07,,5,v100__8x8x8x16__c64__l2__trace-on,85590528,119537664,1976897536,2006257664,2020937728,42467328,14745600
quda,c64,8x8x8x16,on,2,mg-2,Tesla V100-SXM2-32GB,cold,4.494594784,32,7.972144089e-07,,1,v100__8x8x8x16__c64__l2__trace-on,31326208,81788928,1874137088,1951731712,1964314624,,
quda,c64,8x8x8x16,on,2,mg-2,Tesla V100-SXM2-32GB,warmup,2.496262907,32,7.972144089e-07,,2,v100__8x8x8x16__c64__l2__trace-on,31326208,81788928,1874137088,1951731712,1964314624,,
quda,c64,8x8x8x16,on,2,mg-2,Tesla V100-SXM2-32GB,steady,0.413301159,32,7.972144089e-07,,5,v100__8x8x8x16__c64__l2__trace-on,31326208,81788928,1874137088,1951731712,1964314624,,
pyqcu,c64,8x8x8x16,off,3,mg-3,Tesla V100-SXM2-32GB,cold,0.053002742,10,6.204458944e-07,,1,v100__8x8x8x16__c64__l3__trace-off,90898944,142606336,1943343104,2008354816,2044006400,47775744,14745600
pyqcu,c64,8x8x8x16,off,3,mg-3,Tesla V100-SXM2-32GB,warmup,0.06432120499,10,6.204458944e-07,,2,v100__8x8x8x16__c64__l3__trace-off,90898944,142606336,1943343104,2008354816,2044006400,47775744,14745600
pyqcu,c64,8x8x8x16,off,3,mg-3,Tesla V100-SXM2-32GB,steady,0.06007885499,10,6.204458944e-07,,5,v100__8x8x8x16__c64__l3__trace-off,90898944,142606336,1943343104,2008354816,2044006400,47775744,14745600
quda,c64,8x8x8x16,off,3,mg-3,Tesla V100-SXM2-32GB,cold,4.622513992,32,7.869951044e-07,,1,v100__8x8x8x16__c64__l3__trace-off,31326208,81788928,1832194048,1909788672,1922371584,,
quda,c64,8x8x8x16,off,3,mg-3,Tesla V100-SXM2-32GB,warmup,2.415458638,32,7.869951044e-07,,2,v100__8x8x8x16__c64__l3__trace-off,31326208,81788928,1832194048,1909788672,1922371584,,
quda,c64,8x8x8x16,off,3,mg-3,Tesla V100-SXM2-32GB,steady,0.488988707,32,7.869951044e-07,,5,v100__8x8x8x16__c64__l3__trace-off,31326208,81788928,1832194048,1909788672,1922371584,,
pyqcu,c64,8x8x8x16,on,3,mg-3,Tesla V100-SXM2-32GB,cold,0.148817731,10,6.204458944e-07,,1,v100__8x8x8x16__c64__l3__trace-on,90898944,142606336,1934954496,2008354816,2044006400,47775744,14745600
pyqcu,c64,8x8x8x16,on,3,mg-3,Tesla V100-SXM2-32GB,warmup,0.1568592275,10,6.204458944e-07,,2,v100__8x8x8x16__c64__l3__trace-on,90898944,142606336,1934954496,2008354816,2044006400,47775744,14745600
pyqcu,c64,8x8x8x16,on,3,mg-3,Tesla V100-SXM2-32GB,steady,0.137310184,10,6.204458944e-07,,5,v100__8x8x8x16__c64__l3__trace-on,90898944,142606336,1934954496,2008354816,2044006400,47775744,14745600
quda,c64,8x8x8x16,on,3,mg-3,Tesla V100-SXM2-32GB,cold,4.678908979,32,7.870345411e-07,,1,v100__8x8x8x16__c64__l3__trace-on,31326208,81788928,1832194048,1909788672,1922371584,,
quda,c64,8x8x8x16,on,3,mg-3,Tesla V100-SXM2-32GB,warmup,2.727571923,32,7.870345411e-07,,2,v100__8x8x8x16__c64__l3__trace-on,31326208,81788928,1832194048,1909788672,1922371584,,
quda,c64,8x8x8x16,on,3,mg-3,Tesla V100-SXM2-32GB,steady,0.575026328,32,7.870345411e-07,,5,v100__8x8x8x16__c64__l3__trace-on,31326208,81788928,1832194048,1909788672,1922371584,,
