case_id,side,device,precision,lattice,levels,trace,solver,allocator_peak_bytes,reserved_peak_bytes,setup_sampler_peak_bytes,first_solve_sampler_peak_bytes,steady_sampler_peak_bytes,asset_resident_bytes,fused_workspace_bytes
p100__16x16x16x16__c128__l1__trace-off,pyqcu,Tesla P100-PCIE-16GB,c128,16x16x16x16,1,off,bicgstab,625082880,1272971264,2691563520,2716729344,3303931904,339738624,117964800
p100__16x16x16x16__c128__l1__trace-off,quda,Tesla P100-PCIE-16GB,c128,16x16x16x16,1,off,bicgstab,159514624,822083584,1456340992,3530424320,3985506304,,
p100__16x16x16x16__c128__l1__trace-on,pyqcu,Tesla P100-PCIE-16GB,c128,16x16x16x16,1,on,bicgstab,625082880,1272971264,2697854976,2716729344,3303931904,339738624,117964800
p100__16x16x16x16__c128__l1__trace-on,quda,Tesla P100-PCIE-16GB,c128,16x16x16x16,1,on,bicgstab,159514624,822083584,3031302144,3530424320,3985506304,,
p100__16x16x16x16__c128__l2__trace-off,pyqcu,Tesla P100-PCIE-16GB,c128,16x16x16x16,2,off,mg-2,625082880,1272971264,2691563520,2716729344,3303931904,339738624,117964800
p100__16x16x16x16__c128__l2__trace-off,quda,Tesla P100-PCIE-16GB,c128,16x16x16x16,2,off,mg-2,159514624,822083584,1456340992,3530424320,3985506304,,
p100__16x16x16x16__c128__l2__trace-on,pyqcu,Tesla P100-PCIE-16GB,c128,16x16x16x16,2,on,mg-2,625082880,1272971264,2697854976,2716729344,3303931904,339738624,117964800
p100__16x16x16x16__c128__l2__trace-on,quda,Tesla P100-PCIE-16GB,c128,16x16x16x16,2,on,mg-2,159514624,822083584,3031302144,3530424320,3985506304,,
p100__16x16x16x16__c128__l3__trace-off,pyqcu,Tesla P100-PCIE-16GB,c128,16x16x16x16,3,off,mg-3,656409088,1293942784,2697854976,2741895168,3329097728,370409472,117964800
p100__16x16x16x16__c128__l3__trace-off,quda,Tesla P100-PCIE-16GB,c128,16x16x16x16,3,off,mg-3,159514624,822083584,1456340992,2869821440,3515744256,,
p100__16x16x16x16__c128__l3__trace-on,pyqcu,Tesla P100-PCIE-16GB,c128,16x16x16x16,3,on,mg-3,656409088,1293942784,2710437888,2741895168,3329097728,370409472,117964800
p100__16x16x16x16__c128__l3__trace-on,quda,Tesla P100-PCIE-16GB,c128,16x16x16x16,3,on,mg-3,159514624,822083584,1456340992,2869821440,3515744256,,
p100__16x16x16x16__c64__l1__trace-off,pyqcu,Tesla P100-PCIE-16GB,c64,16x16x16x16,1,off,bicgstab,316801536,654311424,1940783104,1951268864,2238578688,169869312,58982400
p100__16x16x16x16__c64__l1__trace-off,quda,Tesla P100-PCIE-16GB,c64,16x16x16x16,1,off,bicgstab,99745792,442499072,1447952384,2435710976,2756575232,,
p100__16x16x16x16__c64__l1__trace-on,pyqcu,Tesla P100-PCIE-16GB,c64,16x16x16x16,1,on,bicgstab,316801536,654311424,1940783104,1951268864,2238578688,169869312,58982400
p100__16x16x16x16__c64__l1__trace-on,quda,Tesla P100-PCIE-16GB,c64,16x16x16x16,1,on,bicgstab,99745792,442499072,1447952384,2435710976,2756575232,,
p100__16x16x16x16__c64__l2__trace-off,pyqcu,Tesla P100-PCIE-16GB,c64,16x16x16x16,2,off,mg-2,316801536,654311424,1940783104,1951268864,2238578688,169869312,58982400
p100__16x16x16x16__c64__l2__trace-off,quda,Tesla P100-PCIE-16GB,c64,16x16x16x16,2,off,mg-2,99745792,442499072,1447952384,2435710976,2756575232,,
p100__16x16x16x16__c64__l2__trace-on,pyqcu,Tesla P100-PCIE-16GB,c64,16x16x16x16,2,on,mg-2,316801536,654311424,1940783104,1951268864,2238578688,169869312,58982400
p100__16x16x16x16__c64__l2__trace-on,quda,Tesla P100-PCIE-16GB,c64,16x16x16x16,2,on,mg-2,99745792,442499072,1447952384,2435710976,2756575232,,
p100__16x16x16x16__c64__l3__trace-off,pyqcu,Tesla P100-PCIE-16GB,c64,16x16x16x16,3,off,mg-3,333578752,654311424,1944977408,1951268864,2238578688,185204736,58982400
p100__16x16x16x16__c64__l3__trace-off,quda,Tesla P100-PCIE-16GB,c64,16x16x16x16,3,off,mg-3,99745792,442499072,1447952384,2282618880,2511208448,,
p100__16x16x16x16__c64__l3__trace-on,pyqcu,Tesla P100-PCIE-16GB,c64,16x16x16x16,3,on,mg-3,333578752,654311424,1949171712,1951268864,2238578688,185204736,58982400
p100__16x16x16x16__c64__l3__trace-on,quda,Tesla P100-PCIE-16GB,c64,16x16x16x16,3,on,mg-3,99745792,442499072,1447952384,2282618880,2511208448,,
p100__16x16x32x32__c128__l1__trace-off,pyqcu,Tesla P100-PCIE-16GB,c128,16x16x32x32,1,off,bicgstab,2474770944,4982833152,5088608256,5141037056,7508721664,1358954496,471859200
p100__16x16x32x32__c128__l1__trace-off,quda,Tesla P100-PCIE-16GB,c128,16x16x32x32,1,off,bicgstab,612499456,3315597312,7905083392,9127723008,11621236736,,
p100__16x16x32x32__c128__l1__trace-on,pyqcu,Tesla P100-PCIE-16GB,c128,16x16x32x32,1,on,bicgstab,2474770944,4982833152,5088608256,5141037056,7508721664,1358954496,471859200
p100__16x16x32x32__c128__l1__trace-on,quda,Tesla P100-PCIE-16GB,c128,16x16x32x32,1,on,bicgstab,612499456,3315597312,1934491648,9127723008,11621236736,,
p100__16x16x32x32__c128__l2__trace-off,pyqcu,Tesla P100-PCIE-16GB,c128,16x16x32x32,2,off,mg-2,2474770944,4982833152,5088608256,5141037056,7508721664,1358954496,471859200
p100__16x16x32x32__c128__l2__trace-off,quda,Tesla P100-PCIE-16GB,c128,16x16x32x32,2,off,mg-2,612499456,3315597312,7905083392,9127723008,11621236736,,
p100__16x16x32x32__c128__l2__trace-on,pyqcu,Tesla P100-PCIE-16GB,c128,16x16x32x32,2,on,mg-2,2474770944,4982833152,5088608256,5141037056,7508721664,1358954496,471859200
p100__16x16x32x32__c128__l2__trace-on,quda,Tesla P100-PCIE-16GB,c128,16x16x32x32,2,on,mg-2,612499456,3315597312,1934491648,9127723008,11621236736,,
p100__16x16x32x32__c128__l3__trace-off,pyqcu,Tesla P100-PCIE-16GB,c128,16x16x32x32,3,off,mg-3,2597454336,5108662272,5136842752,5170397184,7663910912,1481637888,471859200
p100__16x16x32x32__c128__l3__trace-off,quda,Tesla P100-PCIE-16GB,c128,16x16x32x32,3,off,mg-3,612499456,3315597312,1934491648,7953317888,9891086336,,
p100__16x16x32x32__c128__l3__trace-on,pyqcu,Tesla P100-PCIE-16GB,c128,16x16x32x32,3,on,mg-3,2597454336,5108662272,5132648448,5170397184,7663910912,1481637888,471859200
p100__16x16x32x32__c128__l3__trace-on,quda,Tesla P100-PCIE-16GB,c128,16x16x32x32,3,on,mg-3,612499456,3315597312,1934491648,7953317888,9891086336,,
p100__8x8x8x16__c128__l1__trace-off,pyqcu,Tesla P100-PCIE-16GB,c128,8x8x8x16,1,off,bicgstab,85590528,165675008,1993211904,2001600512,2062417920,42467328,14745600
p100__8x8x8x16__c128__l1__trace-off,quda,Tesla P100-PCIE-16GB,c128,8x8x8x16,1,off,bicgstab,27394048,111149056,1603141632,1678639104,1718484992,,
p100__8x8x8x16__c128__l1__trace-on,pyqcu,Tesla P100-PCIE-16GB,c128,8x8x8x16,1,on,bicgstab,85590528,165675008,2001600512,2001600512,2062417920,42467328,14745600
p100__8x8x8x16__c128__l1__trace-on,quda,Tesla P100-PCIE-16GB,c128,8x8x8x16,1,on,bicgstab,27394048,111149056,1603141632,1678639104,1718484992,,
p100__8x8x8x16__c128__l2__trace-off,pyqcu,Tesla P100-PCIE-16GB,c128,8x8x8x16,2,off,mg-2,85590528,165675008,1993211904,2001600512,2062417920,42467328,14745600
p100__8x8x8x16__c128__l2__trace-off,quda,Tesla P100-PCIE-16GB,c128,8x8x8x16,2,off,mg-2,27394048,111149056,1603141632,1678639104,1718484992,,
p100__8x8x8x16__c128__l2__trace-on,pyqcu,Tesla P100-PCIE-16GB,c128,8x8x8x16,2,on,mg-2,85590528,165675008,2001600512,2001600512,2062417920,42467328,14745600
p100__8x8x8x16__c128__l2__trace-on,quda,Tesla P100-PCIE-16GB,c128,8x8x8x16,2,on,mg-2,27394048,111149056,1603141632,1678639104,1718484992,,
p100__8x8x8x16__c128__l3__trace-off,pyqcu,Tesla P100-PCIE-16GB,c128,8x8x8x16,3,off,mg-3,90898944,186646528,1993211904,2003697664,2083389440,47775744,14745600
p100__8x8x8x16__c128__l3__trace-off,quda,Tesla P100-PCIE-16GB,c128,8x8x8x16,3,off,mg-3,27394048,111149056,1540227072,1617821696,1659764736,,
p100__8x8x8x16__c128__l3__trace-on,pyqcu,Tesla P100-PCIE-16GB,c128,8x8x8x16,3,on,mg-3,90898944,186646528,1993211904,2003697664,2083389440,47775744,14745600
p100__8x8x8x16__c128__l3__trace-on,quda,Tesla P100-PCIE-16GB,c128,8x8x8x16,3,on,mg-3,27394048,111149056,1540227072,1617821696,1659764736,,
p100__8x8x8x16__c64__l1__trace-off,pyqcu,Tesla P100-PCIE-16GB,c64,8x8x8x16,1,off,bicgstab,47710720,100663296,1588461568,1590558720,1626210304,21233664,7372800
p100__8x8x8x16__c64__l1__trace-off,quda,Tesla P100-PCIE-16GB,c64,8x8x8x16,1,off,bicgstab,19922944,81788928,1471021056,1504575488,1546518528,,
p100__8x8x8x16__c64__l1__trace-on,pyqcu,Tesla P100-PCIE-16GB,c64,8x8x8x16,1,on,bicgstab,47710720,100663296,1586364416,1590558720,1626210304,21233664,7372800
p100__8x8x8x16__c64__l1__trace-on,quda,Tesla P100-PCIE-16GB,c64,8x8x8x16,1,on,bicgstab,19922944,81788928,1471021056,1504575488,1546518528,,
p100__8x8x8x16__c64__l2__trace-off,pyqcu,Tesla P100-PCIE-16GB,c64,8x8x8x16,2,off,mg-2,47710720,100663296,1588461568,1590558720,1626210304,21233664,7372800
p100__8x8x8x16__c64__l2__trace-off,quda,Tesla P100-PCIE-16GB,c64,8x8x8x16,2,off,mg-2,19922944,81788928,1471021056,1504575488,1546518528,,
p100__8x8x8x16__c64__l2__trace-on,pyqcu,Tesla P100-PCIE-16GB,c64,8x8x8x16,2,on,mg-2,47710720,100663296,1586364416,1590558720,1626210304,21233664,7372800
p100__8x8x8x16__c64__l2__trace-on,quda,Tesla P100-PCIE-16GB,c64,8x8x8x16,2,on,mg-2,19922944,81788928,1471021056,1504575488,1546518528,,
p100__8x8x8x16__c64__l3__trace-off,pyqcu,Tesla P100-PCIE-16GB,c64,8x8x8x16,3,off,mg-3,50364928,121634816,1586364416,1590558720,1647181824,23887872,7372800
p100__8x8x8x16__c64__l3__trace-off,quda,Tesla P100-PCIE-16GB,c64,8x8x8x16,3,off,mg-3,19922944,81788928,1445855232,1479409664,1523449856,,
p100__8x8x8x16__c64__l3__trace-on,pyqcu,Tesla P100-PCIE-16GB,c64,8x8x8x16,3,on,mg-3,50364928,121634816,1586364416,1590558720,1647181824,23887872,7372800
p100__8x8x8x16__c64__l3__trace-on,quda,Tesla P100-PCIE-16GB,c64,8x8x8x16,3,on,mg-3,19922944,81788928,1445855232,1479409664,1523449856,,
v100__16x16x16x16__c128__l1__trace-off,pyqcu,Tesla V100-SXM2-32GB,c128,16x16x16x16,1,off,bicgstab,1241645568,1581252608,3939831808,3937734656,4199878656,679477248,235929600
v100__16x16x16x16__c128__l1__trace-off,quda,Tesla V100-SXM2-32GB,c128,16x16x16x16,1,off,bicgstab,310509568,704643072,4573171712,5474947072,5481238528,,
v100__16x16x16x16__c128__l1__trace-on,pyqcu,Tesla V100-SXM2-32GB,c128,16x16x16x16,1,on,bicgstab,1241645568,1581252608,3872722944,3937734656,4199878656,679477248,235929600
v100__16x16x16x16__c128__l1__trace-on,quda,Tesla V100-SXM2-32GB,c128,16x16x16x16,1,on,bicgstab,310509568,704643072,4573171712,5474947072,5481238528,,
v100__16x16x16x16__c128__l2__trace-off,pyqcu,Tesla V100-SXM2-32GB,c128,16x16x16x16,2,off,mg-2,1241645568,1581252608,3939831808,3937734656,4199878656,679477248,235929600
v100__16x16x16x16__c128__l2__trace-off,quda,Tesla V100-SXM2-32GB,c128,16x16x16x16,2,off,mg-2,310509568,704643072,4573171712,5474947072,5481238528,,
v100__16x16x16x16__c128__l2__trace-on,pyqcu,Tesla V100-SXM2-32GB,c128,16x16x16x16,2,on,mg-2,1241645568,1581252608,3872722944,3937734656,4199878656,679477248,235929600
v100__16x16x16x16__c128__l2__trace-on,quda,Tesla V100-SXM2-32GB,c128,16x16x16x16,2,on,mg-2,310509568,704643072,4573171712,5474947072,5481238528,,
v100__16x16x16x16__c128__l3__trace-off,pyqcu,Tesla V100-SXM2-32GB,c128,16x16x16x16,3,off,mg-3,1302987264,1669332992,3939831808,3958706176,4287959040,740818944,235929600
v100__16x16x16x16__c128__l3__trace-off,quda,Tesla V100-SXM2-32GB,c128,16x16x16x16,3,off,mg-3,310509568,704643072,3790934016,4717875200,4724166656,,
v100__16x16x16x16__c128__l3__trace-on,pyqcu,Tesla V100-SXM2-32GB,c128,16x16x16x16,3,on,mg-3,1302987264,1669332992,3872722944,3958706176,4287959040,740818944,235929600
v100__16x16x16x16__c128__l3__trace-on,quda,Tesla V100-SXM2-32GB,c128,16x16x16x16,3,on,mg-3,310509568,704643072,3790934016,4717875200,4724166656,,
v100__16x16x16x16__c64__l1__trace-off,pyqcu,Tesla V100-SXM2-32GB,c64,16x16x16x16,1,off,bicgstab,625082880,805306368,2652180480,2687832064,2807369728,339738624,117964800
v100__16x16x16x16__c64__l1__trace-off,quda,Tesla V100-SXM2-32GB,c64,16x16x16x16,1,off,bicgstab,190971904,400556032,3258257408,3759476736,3761573888,,
v100__16x16x16x16__c64__l1__trace-on,pyqcu,Tesla V100-SXM2-32GB,c64,16x16x16x16,1,on,bicgstab,625082880,805306368,2610237440,2687832064,2807369728,339738624,117964800
v100__16x16x16x16__c64__l1__trace-on,quda,Tesla V100-SXM2-32GB,c64,16x16x16x16,1,on,bicgstab,190971904,400556032,3258257408,3759476736,3761573888,,
v100__16x16x16x16__c64__l2__trace-off,pyqcu,Tesla V100-SXM2-32GB,c64,16x16x16x16,2,off,mg-2,625082880,805306368,2652180480,2687832064,2807369728,339738624,117964800
v100__16x16x16x16__c64__l2__trace-off,quda,Tesla V100-SXM2-32GB,c64,16x16x16x16,2,off,mg-2,190971904,400556032,3258257408,3759476736,3761573888,,
v100__16x16x16x16__c64__l2__trace-on,pyqcu,Tesla V100-SXM2-32GB,c64,16x16x16x16,2,on,mg-2,625082880,805306368,2610237440,2687832064,2807369728,339738624,117964800
v100__16x16x16x16__c64__l2__trace-on,quda,Tesla V100-SXM2-32GB,c64,16x16x16x16,2,on,mg-2,190971904,400556032,3258257408,3759476736,3761573888,,
v100__16x16x16x16__c64__l3__trace-off,pyqcu,Tesla V100-SXM2-32GB,c64,16x16x16x16,3,off,mg-3,656409088,847249408,2610237440,2708803584,2849312768,370409472,117964800
v100__16x16x16x16__c64__l3__trace-off,quda,Tesla V100-SXM2-32GB,c64,16x16x16x16,3,off,mg-3,190971904,400556032,2840924160,3354726400,3356823552,,
v100__16x16x16x16__c64__l3__trace-on,pyqcu,Tesla V100-SXM2-32GB,c64,16x16x16x16,3,on,mg-3,656409088,847249408,2610237440,2708803584,2849312768,370409472,117964800
v100__16x16x16x16__c64__l3__trace-on,quda,Tesla V100-SXM2-32GB,c64,16x16x16x16,3,on,mg-3,190971904,400556032,2840924160,3354726400,3356823552,,
v100__16x16x32x32__c128__l1__trace-off,pyqcu,Tesla V100-SXM2-32GB,c128,16x16x32x32,1,off,bicgstab,4941021696,6327107584,8597606400,8631160832,9751040000,2717908992,943718400
v100__16x16x32x32__c128__l1__trace-off,quda,Tesla V100-SXM2-32GB,c128,16x16x32x32,1,off,bicgstab,1216479232,2732589056,12982751232,16478703616,16503869440,,
v100__16x16x32x32__c128__l1__trace-on,pyqcu,Tesla V100-SXM2-32GB,c128,16x16x32x32,1,on,bicgstab,4941021696,6327107584,8564051968,8631160832,9751040000,2717908992,943718400
v100__16x16x32x32__c128__l1__trace-on,quda,Tesla V100-SXM2-32GB,c128,16x16x32x32,1,on,bicgstab,1216479232,2732589056,12982751232,16478703616,16503869440,,
v100__16x16x32x32__c128__l2__trace-off,pyqcu,Tesla V100-SXM2-32GB,c128,16x16x32x32,2,off,mg-2,4941021696,6327107584,8597606400,8631160832,9751040000,2717908992,943718400
v100__16x16x32x32__c128__l2__trace-off,quda,Tesla V100-SXM2-32GB,c128,16x16x32x32,2,off,mg-2,1216479232,2732589056,12982751232,16478703616,16503869440,,
v100__16x16x32x32__c128__l2__trace-on,pyqcu,Tesla V100-SXM2-32GB,c128,16x16x32x32,2,on,mg-2,4941021696,6327107584,8564051968,8631160832,9751040000,2717908992,943718400
v100__16x16x32x32__c128__l2__trace-on,quda,Tesla V100-SXM2-32GB,c128,16x16x32x32,2,on,mg-2,1216479232,2732589056,12982751232,16478703616,16503869440,,
v100__16x16x32x32__c128__l3__trace-off,pyqcu,Tesla V100-SXM2-32GB,c128,16x16x32x32,3,off,mg-3,5186388480,6616514560,8597606400,8668909568,10040446976,2963275776,943718400
v100__16x16x32x32__c128__l3__trace-off,quda,Tesla V100-SXM2-32GB,c128,16x16x32x32,3,off,mg-3,1216479232,2732589056,10013184000,13616091136,13641256960,,
v100__16x16x32x32__c128__l3__trace-on,pyqcu,Tesla V100-SXM2-32GB,c128,16x16x32x32,3,on,mg-3,5186388480,6616514560,8597606400,8668909568,10040446976,2963275776,943718400
v100__16x16x32x32__c128__l3__trace-on,quda,Tesla V100-SXM2-32GB,c128,16x16x32x32,3,on,mg-3,1216479232,2732589056,10013184000,13616091136,13641256960,,
v100__16x32x32x48__c64__l1__trace-off,pyqcu,Tesla V100-SXM2-32GB,c64,16x32x32x48,1,off,bicgstab,7407272448,9479127040,11227435008,10371796992,12051615744,4076863488,509607936
v100__16x32x32x48__c64__l1__trace-off,quda,Tesla V100-SXM2-32GB,c64,16x32x32x48,1,off,bicgstab,2197946368,4477419520,19966267392,24145891328,24183640064,,
v100__16x32x32x48__c64__l1__trace-on,pyqcu,Tesla V100-SXM2-32GB,c64,16x32x32x48,1,on,bicgstab,7407272448,9479127040,11227435008,10371796992,12051615744,4076863488,509607936
v100__16x32x32x48__c64__l1__trace-on,quda,Tesla V100-SXM2-32GB,c64,16x32x32x48,1,on,bicgstab,2197946368,4477419520,19966267392,24145891328,24183640064,,
v100__16x32x32x48__c64__l2__trace-off,pyqcu,Tesla V100-SXM2-32GB,c64,16x32x32x48,2,off,mg-2,7407272448,9479127040,11227435008,10371796992,12051615744,4076863488,509607936
v100__16x32x32x48__c64__l2__trace-off,quda,Tesla V100-SXM2-32GB,c64,16x32x32x48,2,off,mg-2,2197946368,4477419520,19966267392,24145891328,24183640064,,
v100__16x32x32x48__c64__l2__trace-on,pyqcu,Tesla V100-SXM2-32GB,c64,16x32x32x48,2,on,mg-2,7407272448,9479127040,11227435008,10371796992,12051615744,4076863488,509607936
v100__16x32x32x48__c64__l2__trace-on,quda,Tesla V100-SXM2-32GB,c64,16x32x32x48,2,on,mg-2,2197946368,4477419520,19966267392,24145891328,24183640064,,
v100__16x32x32x48__c64__l3__trace-off,pyqcu,Tesla V100-SXM2-32GB,c64,16x32x32x48,3,off,mg-3,7775322624,9913237504,11193880576,10394865664,12452171776,4444913664,509607936
v100__16x32x32x48__c64__l3__trace-off,quda,Tesla V100-SXM2-32GB,c64,16x32x32x48,3,off,mg-3,2197946368,4477419520,15503527936,19848826880,19886575616,,
v100__16x32x32x48__c64__l3__trace-on,pyqcu,Tesla V100-SXM2-32GB,c64,16x32x32x48,3,on,mg-3,7775322624,9913237504,11193880576,10428420096,12485726208,4444913664,509607936
v100__16x32x32x48__c64__l3__trace-on,quda,Tesla V100-SXM2-32GB,c64,16x32x32x48,3,on,mg-3,2197946368,4477419520,15503527936,19848826880,19886575616,,
v100__8x8x8x16__c128__l1__trace-off,pyqcu,Tesla V100-SXM2-32GB,c128,8x8x8x16,1,off,bicgstab,163709440,201326592,2526351360,2564100096,2585071616,84934656,29491200
v100__8x8x8x16__c128__l1__trace-off,quda,Tesla V100-SXM2-32GB,c128,8x8x8x16,1,off,bicgstab,46268416,100663296,2075463680,2197098496,2199195648,,
v100__8x8x8x16__c128__l1__trace-on,pyqcu,Tesla V100-SXM2-32GB,c128,8x8x8x16,1,on,bicgstab,163709440,201326592,2526351360,2597654528,2618626048,84934656,29491200
v100__8x8x8x16__c128__l1__trace-on,quda,Tesla V100-SXM2-32GB,c128,8x8x8x16,1,on,bicgstab,46268416,100663296,2075463680,2197098496,2199195648,,
v100__8x8x8x16__c128__l2__trace-off,pyqcu,Tesla V100-SXM2-32GB,c128,8x8x8x16,2,off,mg-2,163709440,201326592,2526351360,2564100096,2585071616,84934656,29491200
v100__8x8x8x16__c128__l2__trace-off,quda,Tesla V100-SXM2-32GB,c128,8x8x8x16,2,off,mg-2,46268416,100663296,2075463680,2197098496,2199195648,,
v100__8x8x8x16__c128__l2__trace-on,pyqcu,Tesla V100-SXM2-32GB,c128,8x8x8x16,2,on,mg-2,163709440,201326592,2526351360,2597654528,2618626048,84934656,29491200
v100__8x8x8x16__c128__l2__trace-on,quda,Tesla V100-SXM2-32GB,c128,8x8x8x16,2,on,mg-2,46268416,100663296,2075463680,2197098496,2199195648,,
v100__8x8x8x16__c128__l3__trace-off,pyqcu,Tesla V100-SXM2-32GB,c128,8x8x8x16,3,off,mg-3,175243776,220200960,2534739968,2564100096,2603945984,95551488,29491200
v100__8x8x8x16__c128__l3__trace-off,quda,Tesla V100-SXM2-32GB,c128,8x8x8x16,3,off,mg-3,46268416,100663296,1974800384,2113212416,2115309568,,
v100__8x8x8x16__c128__l3__trace-on,pyqcu,Tesla V100-SXM2-32GB,c128,8x8x8x16,3,on,mg-3,175243776,220200960,2576683008,2564100096,2603945984,95551488,29491200
v100__8x8x8x16__c128__l3__trace-on,quda,Tesla V100-SXM2-32GB,c128,8x8x8x16,3,on,mg-3,46268416,100663296,1974800384,2113212416,2115309568,,
v100__8x8x8x16__c64__l1__trace-off,pyqcu,Tesla V100-SXM2-32GB,c64,8x8x8x16,1,off,bicgstab,85590528,119537664,1985286144,2006257664,2020937728,42467328,14745600
v100__8x8x8x16__c64__l1__trace-off,quda,Tesla V100-SXM2-32GB,c64,8x8x8x16,1,off,bicgstab,31326208,81788928,1874137088,1951731712,1964314624,,
v100__8x8x8x16__c64__l1__trace-on,pyqcu,Tesla V100-SXM2-32GB,c64,8x8x8x16,1,on,bicgstab,85590528,119537664,1976897536,2006257664,2020937728,42467328,14745600
v100__8x8x8x16__c64__l1__trace-on,quda,Tesla V100-SXM2-32GB,c64,8x8x8x16,1,on,bicgstab,31326208,81788928,1874137088,1951731712,1964314624,,
v100__8x8x8x16__c64__l2__trace-off,pyqcu,Tesla V100-SXM2-32GB,c64,8x8x8x16,2,off,mg-2,85590528,119537664,1985286144,2006257664,2020937728,42467328,14745600
v100__8x8x8x16__c64__l2__trace-off,quda,Tesla V100-SXM2-32GB,c64,8x8x8x16,2,off,mg-2,31326208,81788928,1874137088,1951731712,1964314624,,
v100__8x8x8x16__c64__l2__trace-on,pyqcu,Tesla V100-SXM2-32GB,c64,8x8x8x16,2,on,mg-2,85590528,119537664,1976897536,2006257664,2020937728,42467328,14745600
v100__8x8x8x16__c64__l2__trace-on,quda,Tesla V100-SXM2-32GB,c64,8x8x8x16,2,on,mg-2,31326208,81788928,1874137088,1951731712,1964314624,,
v100__8x8x8x16__c64__l3__trace-off,pyqcu,Tesla V100-SXM2-32GB,c64,8x8x8x16,3,off,mg-3,90898944,142606336,1943343104,2008354816,2044006400,47775744,14745600
v100__8x8x8x16__c64__l3__trace-off,quda,Tesla V100-SXM2-32GB,c64,8x8x8x16,3,off,mg-3,31326208,81788928,1832194048,1909788672,1922371584,,
v100__8x8x8x16__c64__l3__trace-on,pyqcu,Tesla V100-SXM2-32GB,c64,8x8x8x16,3,on,mg-3,90898944,142606336,1934954496,2008354816,2044006400,47775744,14745600
v100__8x8x8x16__c64__l3__trace-on,quda,Tesla V100-SXM2-32GB,c64,8x8x8x16,3,on,mg-3,31326208,81788928,1832194048,1909788672,1922371584,,
