side,solve_index,outer_iteration,level,name,seconds,trace_elapsed_seconds
pyqcu,0,1,0,fine_pre_smoother,0.003215976,0.006517756
pyqcu,0,1,0,fine_restriction,0.003324582,0.010099452
pyqcu,0,1,1,level_prepare,0.003252978,0.013593343
pyqcu,0,1,1,coarsest_bicgstab,0.149178555,0.162997711
pyqcu,0,1,1,level_reconstruct,0.002935561,0.166047078
pyqcu,0,1,1,coarse_vcycle,0.155898323,0.166231388
pyqcu,0,1,0,fine_prolongation,0.002722249,0.168961937
pyqcu,0,1,0,fine_correction_residual,0.002646745,0.171801692
pyqcu,0,1,0,fine_post_smoother,0.003082969,0.17505357
pyqcu,0,1,0,fine_matpc,0.002898358,0.17816584
pyqcu,0,1,0,arnoldi,0.001079459,0.179428809
pyqcu,0,1,0,outer_iteration,0.176388343,0.179572317
pyqcu,0,2,0,fine_pre_smoother,0.003311381,0.182898299
pyqcu,0,2,0,fine_restriction,0.003359784,0.186524997
pyqcu,0,2,1,level_prepare,0.00330098,0.190110693
pyqcu,0,2,1,coarsest_bicgstab,0.136065139,0.326390644
pyqcu,0,2,1,level_reconstruct,0.00291776,0.32942531
pyqcu,0,2,1,coarse_vcycle,0.142837209,0.329640122
pyqcu,0,2,0,fine_prolongation,0.002723749,0.332372771
pyqcu,0,2,0,fine_correction_residual,0.002636044,0.335235728
pyqcu,0,2,0,fine_post_smoother,0.003077169,0.338537608
pyqcu,0,2,0,fine_matpc,0.002472235,0.341250156
pyqcu,0,2,0,arnoldi,0.001132162,0.342587629
pyqcu,0,2,0,outer_iteration,0.163186521,0.342770639
pyqcu,0,3,0,fine_pre_smoother,0.003250478,0.346034818
pyqcu,0,3,0,fine_restriction,0.003310881,0.349558111
pyqcu,0,3,1,level_prepare,0.003242177,0.3530163
pyqcu,0,3,1,coarsest_bicgstab,0.138595977,0.491822888
pyqcu,0,3,1,level_reconstruct,0.002937861,0.494879055
pyqcu,0,3,1,coarse_vcycle,0.145379448,0.49514997
pyqcu,0,3,0,fine_prolongation,0.002727849,0.49788662
pyqcu,0,3,0,fine_correction_residual,0.002638044,0.500749276
pyqcu,0,3,0,fine_post_smoother,0.003181674,0.50410296
pyqcu,0,3,0,fine_matpc,0.002475236,0.506812308
pyqcu,0,3,0,arnoldi,0.001336773,0.508359792
pyqcu,0,3,0,outer_iteration,0.165688058,0.508470498
pyqcu,0,4,0,fine_pre_smoother,0.003244677,0.511727276
pyqcu,0,4,0,fine_restriction,0.00330148,0.515188366
pyqcu,0,4,1,level_prepare,0.003271579,0.518705758
pyqcu,0,4,1,coarsest_bicgstab,0.148042793,0.667029967
pyqcu,0,4,1,level_reconstruct,0.002941161,0.670164438
pyqcu,0,4,1,coarse_vcycle,0.154964172,0.670396451
pyqcu,0,4,0,fine_prolongation,0.002726349,0.673132801
pyqcu,0,4,0,fine_correction_residual,0.002636644,0.676005958
pyqcu,0,4,0,fine_post_smoother,0.003136572,0.679363841
pyqcu,0,4,0,fine_matpc,0.002478736,0.682065789
pyqcu,0,4,0,arnoldi,0.001487581,0.683755481
pyqcu,0,4,0,outer_iteration,0.175452392,0.683933391
pyqcu,0,4,0,fgmres_solution_update,0.000674737,0.684620029
pyqcu,0,4,0,true_residual_refresh,0.003140872,0.687976112
pyqcu,0,5,0,fine_pre_smoother,0.00329188,0.691694615
pyqcu,0,5,0,fine_restriction,0.003305081,0.695215408
pyqcu,0,5,1,level_prepare,0.003282279,0.698700398
pyqcu,0,5,1,coarsest_bicgstab,0.157980137,0.856892947
pyqcu,0,5,1,level_reconstruct,0.002937661,0.859955214
pyqcu,0,5,1,coarse_vcycle,0.164769008,0.860184127
pyqcu,0,5,0,fine_prolongation,0.002724449,0.862916976
pyqcu,0,5,0,fine_correction_residual,0.002661645,0.865755131
pyqcu,0,5,0,fine_post_smoother,0.003124271,0.869124416
pyqcu,0,5,0,fine_matpc,0.002468835,0.871724258
pyqcu,0,5,0,arnoldi,0.00311577,0.87505574
pyqcu,0,5,0,outer_iteration,0.18768206,0.875913487
pyqcu,0,6,0,fine_pre_smoother,0.003367884,0.879296372
pyqcu,0,6,0,fine_restriction,0.003331282,0.882801163
pyqcu,0,6,1,level_prepare,0.003250677,0.886264353
pyqcu,0,6,1,coarsest_bicgstab,0.164486892,1.050971757
pyqcu,0,6,1,level_reconstruct,0.002974862,1.054107829
pyqcu,0,6,1,coarse_vcycle,0.171295265,1.054301439
pyqcu,0,6,0,fine_prolongation,0.002723048,1.057033589
pyqcu,0,6,0,fine_correction_residual,0.002645944,1.059924747
pyqcu,0,6,0,fine_post_smoother,0.003142772,1.063320032
pyqcu,0,6,0,fine_matpc,0.002488936,1.06602518
pyqcu,0,6,0,arnoldi,0.001299371,1.067518062
pyqcu,0,6,0,outer_iteration,0.191753984,1.067679671
pyqcu,0,7,0,fine_pre_smoother,0.003274579,1.070967951
pyqcu,0,7,0,fine_restriction,0.003304581,1.074487143
pyqcu,0,7,1,level_prepare,0.003765106,1.078504963
pyqcu,0,7,1,coarsest_bicgstab,0.161199213,1.239917287
pyqcu,0,7,1,level_reconstruct,0.002910459,1.242950453
pyqcu,0,7,1,coarse_vcycle,0.168406107,1.243142463
pyqcu,0,7,0,fine_prolongation,0.002723249,1.245874213
pyqcu,0,7,0,fine_correction_residual,0.002633644,1.248689367
pyqcu,0,7,0,fine_post_smoother,0.003533693,1.252396169
pyqcu,0,7,0,fine_matpc,0.002477635,1.255129019
pyqcu,0,7,0,arnoldi,0.001348674,1.256707805
pyqcu,0,7,0,outer_iteration,0.189169542,1.256892315
pyqcu,0,8,0,fine_pre_smoother,0.003269878,1.260178295
pyqcu,0,8,0,fine_restriction,0.003305781,1.263714688
pyqcu,0,8,1,level_prepare,0.003241377,1.26723178
pyqcu,0,8,1,coarsest_bicgstab,0.153574796,1.421064991
pyqcu,0,8,1,level_reconstruct,0.00292806,1.424109757
pyqcu,0,8,1,coarse_vcycle,0.160318465,1.424299667
pyqcu,0,8,0,fine_prolongation,0.002722348,1.427030517
pyqcu,0,8,0,fine_correction_residual,0.002638244,1.429873672
pyqcu,0,8,0,fine_post_smoother,0.003089369,1.433171152
pyqcu,0,8,0,fine_matpc,0.002523938,1.435943504
pyqcu,0,8,0,arnoldi,0.001571686,1.437752003
pyqcu,0,8,0,outer_iteration,0.180993295,1.437898411
pyqcu,0,8,0,fgmres_solution_update,0.000631235,1.438540546
pyqcu,0,8,0,true_residual_refresh,0.003216976,1.441968333
pyqcu,0,9,0,fine_pre_smoother,0.003251478,1.445623633
pyqcu,0,9,0,fine_restriction,0.003304681,1.449136125
pyqcu,0,9,1,level_prepare,0.003248777,1.452546912
pyqcu,0,9,1,coarsest_bicgstab,0.189631167,1.64237989
pyqcu,0,9,1,level_reconstruct,0.00292696,1.645424557
pyqcu,0,9,1,coarse_vcycle,0.196346834,1.645640568
pyqcu,0,9,0,fine_prolongation,0.002730549,1.648379818
pyqcu,0,9,0,fine_correction_residual,0.002704748,1.651436385
pyqcu,0,9,0,fine_post_smoother,0.003132371,1.654786768
pyqcu,0,9,0,fine_matpc,0.002488836,1.657484216
pyqcu,0,9,0,arnoldi,0.000966853,1.658647979
pyqcu,0,9,0,outer_iteration,0.216542838,1.658774086
pyqcu,0,10,0,fine_pre_smoother,0.003711403,1.662543292
pyqcu,0,10,0,fine_restriction,0.00329758,1.666022383
pyqcu,0,10,1,level_prepare,0.003234077,1.66944187
pyqcu,0,10,1,coarsest_bicgstab,0.161666439,1.831284818
pyqcu,0,10,1,level_reconstruct,0.002911859,1.834357386
pyqcu,0,10,1,coarse_vcycle,0.168374005,1.834578598
pyqcu,0,10,0,fine_prolongation,0.002728649,1.837316047
pyqcu,0,10,0,fine_correction_residual,0.002634844,1.840166403
pyqcu,0,10,0,fine_post_smoother,0.003136772,1.843496485
pyqcu,0,10,0,fine_matpc,0.002479936,1.846239135
pyqcu,0,10,0,arnoldi,0.001329972,1.847824822
pyqcu,0,10,0,outer_iteration,0.189165542,1.847995731
pyqcu,0,11,0,fine_pre_smoother,0.003250777,1.85126031
pyqcu,0,11,0,fine_restriction,0.003306881,1.854769002
pyqcu,0,11,1,level_prepare,0.003259778,1.85822309
pyqcu,0,11,1,coarsest_bicgstab,0.159746433,2.018225338
pyqcu,0,11,1,level_reconstruct,0.002911459,2.021272704
pyqcu,0,11,1,coarse_vcycle,0.166558606,2.021517918
pyqcu,0,11,0,fine_prolongation,0.002730249,2.024256468
pyqcu,0,11,0,fine_correction_residual,0.003094669,2.027555248
pyqcu,0,11,0,fine_post_smoother,0.00310457,2.030875329
pyqcu,0,11,0,fine_matpc,0.002473335,2.033565876
pyqcu,0,11,0,arnoldi,0.001330672,2.035164064
pyqcu,0,11,0,outer_iteration,0.18730844,2.035315572
pyqcu,0,11,0,fgmres_solution_update,0.000486127,2.035813099
pyqcu,0,11,0,true_residual_refresh,0.003038666,2.039065377
pyqcu,1,1,0,fine_pre_smoother,0.003259178,0.006735068
pyqcu,1,1,0,fine_restriction,0.003325582,0.010288962
pyqcu,1,1,1,level_prepare,0.003234177,0.013745751
pyqcu,1,1,1,coarsest_bicgstab,0.148180001,0.162131264
pyqcu,1,1,1,level_reconstruct,0.00292286,0.16517633
pyqcu,1,1,1,coarse_vcycle,0.154883068,0.165388242
pyqcu,1,1,0,fine_prolongation,0.002718249,0.168114691
pyqcu,1,1,0,fine_correction_residual,0.002712148,0.171105154
pyqcu,1,1,0,fine_post_smoother,0.003130871,0.174465738
pyqcu,1,1,0,fine_matpc,0.002473935,0.177173786
pyqcu,1,1,0,arnoldi,0.00127727,0.181488822
pyqcu,1,1,0,outer_iteration,0.178323749,0.18163353
pyqcu,1,2,0,fine_pre_smoother,0.003249977,0.184899409
pyqcu,1,2,0,fine_restriction,0.00330468,0.1884099
pyqcu,1,2,1,level_prepare,0.003238877,0.196325833
pyqcu,1,2,1,coarsest_bicgstab,0.139104605,0.33564215
pyqcu,1,2,1,level_reconstruct,0.002901458,0.338700317
pyqcu,1,2,1,coarse_vcycle,0.145829872,0.338911329
pyqcu,1,2,0,fine_prolongation,0.00274255,0.341663979
pyqcu,1,2,0,fine_correction_residual,0.002715549,0.347597503
pyqcu,1,2,0,fine_post_smoother,0.003095169,0.350890583
pyqcu,1,2,0,fine_matpc,0.003242277,0.354323171
pyqcu,1,2,0,arnoldi,0.00128587,0.355783451
pyqcu,1,2,0,outer_iteration,0.174272528,0.355920858
pyqcu,1,3,0,fine_pre_smoother,0.003255578,0.359192837
pyqcu,1,3,0,fine_restriction,0.00330108,0.362634425
pyqcu,1,3,1,level_prepare,0.003261078,0.366103715
pyqcu,1,3,1,coarsest_bicgstab,0.137391811,0.503718139
pyqcu,1,3,1,level_reconstruct,0.002908959,0.50686121
pyqcu,1,3,1,coarse_vcycle,0.144190483,0.50703182
pyqcu,1,3,0,fine_prolongation,0.002726649,0.509768569
pyqcu,1,3,0,fine_correction_residual,0.002648744,0.512610525
pyqcu,1,3,0,fine_post_smoother,0.003229077,0.516114116
pyqcu,1,3,0,fine_matpc,0.002480935,0.518789563
pyqcu,1,3,0,arnoldi,0.001424078,0.52038895
pyqcu,1,3,0,outer_iteration,0.164573097,0.520507357
pyqcu,1,4,0,fine_pre_smoother,0.003247677,0.523768035
pyqcu,1,4,0,fine_restriction,0.003777606,0.527739052
pyqcu,1,4,1,level_prepare,0.003264679,0.531220342
pyqcu,1,4,1,coarsest_bicgstab,0.148191302,0.679652357
pyqcu,1,4,1,level_reconstruct,0.002902759,0.682671122
pyqcu,1,4,1,coarse_vcycle,0.154901969,0.682852032
pyqcu,1,4,0,fine_prolongation,0.003195075,0.686055907
pyqcu,1,4,0,fine_correction_residual,0.002642044,0.688892462
pyqcu,1,4,0,fine_post_smoother,0.003056667,0.692126839
pyqcu,1,4,0,fine_matpc,0.002475836,0.694794385
pyqcu,1,4,0,arnoldi,0.001425378,0.696421874
pyqcu,1,4,0,outer_iteration,0.176019523,0.69653768
pyqcu,1,4,0,fgmres_solution_update,0.000628134,0.697175315
pyqcu,1,4,0,true_residual_refresh,0.003174273,0.7005541
pyqcu,1,5,0,fine_pre_smoother,0.003334782,0.704333606
pyqcu,1,5,0,fine_restriction,0.003310281,0.707810196
pyqcu,1,5,1,level_prepare,0.003228876,0.711267385
pyqcu,1,5,1,coarsest_bicgstab,0.165301937,0.876817236
pyqcu,1,5,1,level_reconstruct,0.00292736,0.879761397
pyqcu,1,5,1,coarse_vcycle,0.171914498,0.879950208
pyqcu,1,5,0,fine_prolongation,0.002725749,0.882685757
pyqcu,1,5,0,fine_correction_residual,0.002657146,0.885505111
pyqcu,1,5,0,fine_post_smoother,0.003128771,0.888832293
pyqcu,1,5,0,fine_matpc,0.002486936,0.891494039
pyqcu,1,5,0,arnoldi,0.001415578,0.893062824
pyqcu,1,5,0,outer_iteration,0.192393119,0.893219333
pyqcu,1,6,0,fine_pre_smoother,0.003227977,0.89646331
pyqcu,1,6,0,fine_restriction,0.003307181,0.899901898
pyqcu,1,6,1,level_prepare,0.003230077,0.903323985
pyqcu,1,6,1,coarsest_bicgstab,0.159382213,1.06291381
pyqcu,1,6,1,level_reconstruct,0.002920759,1.065958077
pyqcu,1,6,1,coarse_vcycle,0.166049078,1.066129186
pyqcu,1,6,0,fine_prolongation,0.002716049,1.068853135
pyqcu,1,6,0,fine_correction_residual,0.002658946,1.071740493
pyqcu,1,6,0,fine_post_smoother,0.00310387,1.075038073
pyqcu,1,6,0,fine_matpc,0.002515838,1.077692118
pyqcu,1,6,0,arnoldi,0.001220566,1.079148098
pyqcu,1,6,0,outer_iteration,0.186043571,1.079274505
pyqcu,1,7,0,fine_pre_smoother,0.003374085,1.08266649
pyqcu,1,7,0,fine_restriction,0.003317381,1.086224385
pyqcu,1,7,1,level_prepare,0.003226676,1.089696274
pyqcu,1,7,1,coarsest_bicgstab,0.158727478,1.248624163
pyqcu,1,7,1,level_reconstruct,0.002902959,1.251654329
pyqcu,1,7,1,coarse_vcycle,0.165355641,1.251819438
pyqcu,1,7,0,fine_prolongation,0.003205175,1.255033014
pyqcu,1,7,0,fine_correction_residual,0.002644645,1.257880769
pyqcu,1,7,0,fine_post_smoother,0.003031065,1.261107846
pyqcu,1,7,0,fine_matpc,0.002477035,1.263779892
pyqcu,1,7,0,arnoldi,0.001374775,1.265332677
pyqcu,1,7,0,outer_iteration,0.186194379,1.265479785
pyqcu,1,8,0,fine_pre_smoother,0.003242377,1.268734863
pyqcu,1,8,0,fine_restriction,0.003321082,1.272330159
pyqcu,1,8,1,level_prepare,0.003190375,1.275765147
pyqcu,1,8,1,coarsest_bicgstab,0.159916043,1.435951505
pyqcu,1,8,1,level_reconstruct,0.002950362,1.439124278
pyqcu,1,8,1,coarse_vcycle,0.166916925,1.439489198
pyqcu,1,8,0,fine_prolongation,0.00274585,1.442246449
pyqcu,1,8,0,fine_correction_residual,0.002689347,1.445163908
pyqcu,1,8,0,fine_post_smoother,0.00310037,1.448479489
pyqcu,1,8,0,fine_matpc,0.002504637,1.451152136
pyqcu,1,8,0,arnoldi,0.001745295,1.453104842
pyqcu,1,8,0,outer_iteration,0.187776266,1.453269351
pyqcu,1,8,0,fgmres_solution_update,0.000655336,1.453939088
pyqcu,1,8,0,true_residual_refresh,0.003189774,1.457322373
pyqcu,1,9,0,fine_pre_smoother,0.003443288,1.461237287
pyqcu,1,9,0,fine_restriction,0.003340583,1.464814782
pyqcu,1,9,1,level_prepare,0.003314581,1.46843318
pyqcu,1,9,1,coarsest_bicgstab,0.189815277,1.658454869
pyqcu,1,9,1,level_reconstruct,0.002912659,1.661490135
pyqcu,1,9,1,coarse_vcycle,0.196583647,1.661685346
pyqcu,1,9,0,fine_prolongation,0.002715348,1.664409094
pyqcu,1,9,0,fine_correction_residual,0.002677246,1.667275451
pyqcu,1,9,0,fine_post_smoother,0.003903413,1.671553285
pyqcu,1,9,0,fine_matpc,0.002529139,1.674108725
pyqcu,1,9,0,arnoldi,0.003633299,1.678094143
pyqcu,1,9,0,outer_iteration,0.220507855,1.678106243
pyqcu,1,10,0,fine_pre_smoother,0.004193329,1.682361676
pyqcu,1,10,0,fine_restriction,0.003521392,1.686559005
pyqcu,1,10,1,level_prepare,0.003554994,1.690968946
pyqcu,1,10,1,coarsest_bicgstab,0.170686331,1.862541326
pyqcu,1,10,1,level_reconstruct,0.003497391,1.866177625
pyqcu,1,10,1,coarse_vcycle,0.179007887,1.866334434
pyqcu,1,10,0,fine_prolongation,0.002720249,1.869063483
pyqcu,1,10,0,fine_correction_residual,0.002677246,1.87194094
pyqcu,1,10,0,fine_post_smoother,0.003061667,1.875161616
pyqcu,1,10,0,fine_matpc,0.00256504,1.877856264
pyqcu,1,10,0,arnoldi,0.001128762,1.879136734
pyqcu,1,10,0,outer_iteration,0.201156397,1.879274741
pyqcu,1,11,0,fine_pre_smoother,0.003189474,1.882479617
pyqcu,1,11,0,fine_restriction,0.003330782,1.885975108
pyqcu,1,11,1,level_prepare,0.003253878,1.889464598
pyqcu,1,11,1,coarsest_bicgstab,0.164745707,2.054422617
pyqcu,1,11,1,level_reconstruct,0.002946362,2.057498085
pyqcu,1,11,1,coarse_vcycle,0.171551979,2.057751599
pyqcu,1,11,0,fine_prolongation,0.002713648,2.060473348
pyqcu,1,11,0,fine_correction_residual,0.002632844,2.063360405
pyqcu,1,11,0,fine_post_smoother,0.00309657,2.066683287
pyqcu,1,11,0,fine_matpc,0.002473535,2.069372434
pyqcu,1,11,0,arnoldi,0.001271869,2.070878616
pyqcu,1,11,0,outer_iteration,0.191728582,2.071015924
pyqcu,1,11,0,fgmres_solution_update,0.000507128,2.071534252
pyqcu,1,11,0,true_residual_refresh,0.003068268,2.074754628
pyqcu,2,1,0,fine_pre_smoother,0.003206174,0.006570658
pyqcu,2,1,0,fine_restriction,0.003340382,0.01009845
pyqcu,2,1,1,level_prepare,0.003777006,0.014072367
pyqcu,2,1,1,coarsest_bicgstab,0.152996442,0.16727862
pyqcu,2,1,1,level_reconstruct,0.00293376,0.170337387
pyqcu,2,1,1,coarse_vcycle,0.160236637,0.170526397
pyqcu,2,1,0,fine_prolongation,0.002719748,0.173254846
pyqcu,2,1,0,fine_correction_residual,0.002631844,0.176116202
pyqcu,2,1,0,fine_post_smoother,0.003052966,0.179405682
pyqcu,2,1,0,fine_matpc,0.002470235,0.182081527
pyqcu,2,1,0,arnoldi,0.000990254,0.183280193
pyqcu,2,1,0,outer_iteration,0.180191225,0.1834165
pyqcu,2,2,0,fine_pre_smoother,0.003640698,0.187070499
pyqcu,2,2,0,fine_restriction,0.00330518,0.190591291
pyqcu,2,2,1,level_prepare,0.003246777,0.194126484
pyqcu,2,2,1,coarsest_bicgstab,0.13645864,0.330815437
pyqcu,2,2,1,level_reconstruct,0.002916459,0.333882504
pyqcu,2,2,1,coarse_vcycle,0.14324271,0.334115917
pyqcu,2,2,0,fine_prolongation,0.002723149,0.336847466
pyqcu,2,2,0,fine_correction_residual,0.002632444,0.33967202
pyqcu,2,2,0,fine_post_smoother,0.003063567,0.342931798
pyqcu,2,2,0,fine_matpc,0.002477735,0.345597943
pyqcu,2,2,0,arnoldi,0.001241468,0.347049122
pyqcu,2,2,0,outer_iteration,0.16378493,0.347213031
pyqcu,2,3,0,fine_pre_smoother,0.003278178,0.350505511
pyqcu,2,3,0,fine_restriction,0.003317981,0.354019302
pyqcu,2,3,1,level_prepare,0.003291279,0.357510993
pyqcu,2,3,1,coarsest_bicgstab,0.136599548,0.494357454
pyqcu,2,3,1,level_reconstruct,0.002909459,0.497384319
pyqcu,2,3,1,coarse_vcycle,0.143365316,0.49757793
pyqcu,2,3,0,fine_prolongation,0.002718548,0.500304978
pyqcu,2,3,0,fine_correction_residual,0.002633344,0.503127532
pyqcu,2,3,0,fine_post_smoother,0.003089469,0.506402811
pyqcu,2,3,0,fine_matpc,0.002472535,0.509066456
pyqcu,2,3,0,arnoldi,0.001383175,0.510672244
pyqcu,2,3,0,outer_iteration,0.163577619,0.510802551
pyqcu,2,4,0,fine_pre_smoother,0.003353583,0.514169134
pyqcu,2,4,0,fine_restriction,0.00330208,0.517674125
pyqcu,2,4,1,level_prepare,0.003235377,0.521114713
pyqcu,2,4,1,coarsest_bicgstab,0.148451594,0.669768718
pyqcu,2,4,1,level_reconstruct,0.00292846,0.672815384
pyqcu,2,4,1,coarse_vcycle,0.155142759,0.673031896
pyqcu,2,4,0,fine_prolongation,0.002723548,0.675765445
pyqcu,2,4,0,fine_correction_residual,0.002633044,0.678583699
pyqcu,2,4,0,fine_post_smoother,0.003080868,0.681835076
pyqcu,2,4,0,fine_matpc,0.002465135,0.68447352
pyqcu,2,4,0,arnoldi,0.001500282,0.686200814
pyqcu,2,4,0,outer_iteration,0.175605375,0.686423426
pyqcu,2,4,0,fgmres_solution_update,0.000674537,0.687109064
pyqcu,2,4,0,true_residual_refresh,0.003538293,0.690849468
pyqcu,2,5,0,fine_pre_smoother,0.003257178,0.694539169
pyqcu,2,5,0,fine_restriction,0.00330658,0.69804496
pyqcu,2,5,1,level_prepare,0.003247977,0.701542351
pyqcu,2,5,1,coarsest_bicgstab,0.153408064,0.855207029
pyqcu,2,5,1,level_reconstruct,0.003387585,0.858783324
pyqcu,2,5,1,coarse_vcycle,0.160727164,0.859018237
pyqcu,2,5,0,fine_prolongation,0.00273645,0.861764087
pyqcu,2,5,0,fine_correction_residual,0.002641844,0.864627543
pyqcu,2,5,0,fine_post_smoother,0.003080168,0.867900621
pyqcu,2,5,0,fine_matpc,0.002481136,0.870588468
pyqcu,2,5,0,arnoldi,0.001000554,0.871772133
pyqcu,2,5,0,outer_iteration,0.180762256,0.871884939
pyqcu,2,6,0,fine_pre_smoother,0.003246077,0.875144016
pyqcu,2,6,0,fine_restriction,0.003311581,0.878675909
pyqcu,2,6,1,level_prepare,0.003261478,0.882129197
pyqcu,2,6,1,coarsest_bicgstab,0.159276184,1.041636394
pyqcu,2,6,1,level_reconstruct,0.002883357,1.044635958
pyqcu,2,6,1,coarse_vcycle,0.165965849,1.044830168
pyqcu,2,6,0,fine_prolongation,0.002717448,1.047567918
pyqcu,2,6,0,fine_correction_residual,0.003080468,1.050866398
pyqcu,2,6,0,fine_post_smoother,0.003077668,1.054114275
pyqcu,2,6,0,fine_matpc,0.002475635,1.056762119
pyqcu,2,6,0,arnoldi,0.001134161,1.05805899
pyqcu,2,6,0,outer_iteration,0.18634726,1.058243
pyqcu,2,7,0,fine_pre_smoother,0.003167073,1.061423673
pyqcu,2,7,0,fine_restriction,0.003328982,1.064956166
pyqcu,2,7,1,level_prepare,0.003237277,1.068425355
pyqcu,2,7,1,coarsest_bicgstab,0.165340215,1.233962481
pyqcu,2,7,1,level_reconstruct,0.002914059,1.237004047
pyqcu,2,7,1,coarse_vcycle,0.174755628,1.239942007
pyqcu,2,7,0,fine_prolongation,0.002761151,1.242712758
pyqcu,2,7,0,fine_correction_residual,0.002638044,1.245572314
pyqcu,2,7,0,fine_post_smoother,0.003108469,1.248890795
pyqcu,2,7,0,fine_matpc,0.002472935,1.251530039
pyqcu,2,7,0,arnoldi,0.001306571,1.253043421
pyqcu,2,7,0,outer_iteration,0.194923728,1.253182729
pyqcu,2,8,0,fine_pre_smoother,0.003256678,1.256455907
pyqcu,2,8,0,fine_restriction,0.00331068,1.259982199
pyqcu,2,8,1,level_prepare,0.003272778,1.263445088
pyqcu,2,8,1,coarsest_bicgstab,0.160831269,1.42449577
pyqcu,2,8,1,level_reconstruct,0.002955361,1.427709645
pyqcu,2,8,1,coarse_vcycle,0.167741846,1.427899855
pyqcu,2,8,0,fine_prolongation,0.002729249,1.430638504
pyqcu,2,8,0,fine_correction_residual,0.002658245,1.433526762
pyqcu,2,8,0,fine_post_smoother,0.003093669,1.436826842
pyqcu,2,8,0,fine_matpc,0.002475735,1.439605593
pyqcu,2,8,0,arnoldi,0.001535184,1.441341888
pyqcu,2,8,0,outer_iteration,0.18835087,1.441546799
pyqcu,2,8,0,fgmres_solution_update,0.000640034,1.442199035
pyqcu,2,8,0,true_residual_refresh,0.00311367,1.44560192
pyqcu,2,9,0,fine_pre_smoother,0.003316081,1.449340524
pyqcu,2,9,0,fine_restriction,0.00330498,1.452767711
pyqcu,2,9,1,level_prepare,0.003239476,1.456172197
pyqcu,2,9,1,coarsest_bicgstab,0.190849106,1.64733202
pyqcu,2,9,1,level_reconstruct,0.002944161,1.65046239
pyqcu,2,9,1,coarse_vcycle,0.197700779,1.650631599
pyqcu,2,9,0,fine_prolongation,0.002733249,1.653375649
pyqcu,2,9,0,fine_correction_residual,0.002646044,1.656257606
pyqcu,2,9,0,fine_post_smoother,0.003060667,1.659518684
pyqcu,2,9,0,fine_matpc,0.002476935,1.662177129
pyqcu,2,9,0,arnoldi,0.000985354,1.663374794
pyqcu,2,9,0,outer_iteration,0.217633267,1.663498401
pyqcu,2,10,0,fine_pre_smoother,0.003222175,1.66677758
pyqcu,2,10,0,fine_restriction,0.00330538,1.670305872
pyqcu,2,10,1,level_prepare,0.003244377,1.673793262
pyqcu,2,10,1,coarsest_bicgstab,0.159124376,1.833079547
pyqcu,2,10,1,level_reconstruct,0.002912558,1.836111713
pyqcu,2,10,1,coarse_vcycle,0.16579384,1.836326924
pyqcu,2,10,0,fine_prolongation,0.002717648,1.839053373
pyqcu,2,10,0,fine_correction_residual,0.002636944,1.841903128
pyqcu,2,10,0,fine_post_smoother,0.003112469,1.84522481
pyqcu,2,10,0,fine_matpc,0.002469735,1.847821151
pyqcu,2,10,0,arnoldi,0.00129057,1.849245029
pyqcu,2,10,0,outer_iteration,0.185852133,1.849405538
pyqcu,2,11,0,fine_pre_smoother,0.003253577,1.852673016
pyqcu,2,11,0,fine_restriction,0.003323581,1.85624471
pyqcu,2,11,1,level_prepare,0.003258377,1.859749102
pyqcu,2,11,1,coarsest_bicgstab,0.159030171,2.019054188
pyqcu,2,11,1,level_reconstruct,0.002899058,2.022096953
pyqcu,2,11,1,coarse_vcycle,0.165839943,2.022327066
pyqcu,2,11,0,fine_prolongation,0.002723349,2.025059815
pyqcu,2,11,0,fine_correction_residual,0.002652344,2.027988975
pyqcu,2,11,0,fine_post_smoother,0.00310797,2.031335857
pyqcu,2,11,0,fine_matpc,0.00293926,2.034494229
pyqcu,2,11,0,arnoldi,0.001327572,2.036040814
pyqcu,2,11,0,outer_iteration,0.186769083,2.036186222
pyqcu,2,11,0,fgmres_solution_update,0.000484726,2.036682649
pyqcu,2,11,0,true_residual_refresh,0.003048666,2.039953527
pyqcu,3,1,0,fine_pre_smoother,0.003306881,0.006706466
pyqcu,3,1,0,fine_restriction,0.003304281,0.010243959
pyqcu,3,1,1,level_prepare,0.003219875,0.013633544
pyqcu,3,1,1,coarsest_bicgstab,0.147738056,0.161549109
pyqcu,3,1,1,level_reconstruct,0.002901459,0.164561973
pyqcu,3,1,1,coarse_vcycle,0.154311713,0.164721382
pyqcu,3,1,0,fine_prolongation,0.00274805,0.167477732
pyqcu,3,1,0,fine_correction_residual,0.002654544,0.170333088
pyqcu,3,1,0,fine_post_smoother,0.003630298,0.174162396
pyqcu,3,1,0,fine_matpc,0.002503836,0.176844743
pyqcu,3,1,0,arnoldi,0.001083459,0.178139813
pyqcu,3,1,0,outer_iteration,0.175013443,0.17826812
pyqcu,3,2,0,fine_pre_smoother,0.003321981,0.181609002
pyqcu,3,2,0,fine_restriction,0.003338782,0.185148895
pyqcu,3,2,1,level_prepare,0.003207475,0.188579183
pyqcu,3,2,1,coarsest_bicgstab,0.135676497,0.324491693
pyqcu,3,2,1,level_reconstruct,0.002914458,0.327530659
pyqcu,3,2,1,coarse_vcycle,0.142366963,0.32773487
pyqcu,3,2,0,fine_prolongation,0.002730149,0.330473019
pyqcu,3,2,0,fine_correction_residual,0.002636043,0.333324075
pyqcu,3,2,0,fine_post_smoother,0.003144571,0.336681558
pyqcu,3,2,0,fine_matpc,0.002473235,0.339361704
pyqcu,3,2,0,arnoldi,0.001153763,0.340673375
pyqcu,3,2,0,outer_iteration,0.162533462,0.340815983
pyqcu,3,3,0,fine_pre_smoother,0.003218375,0.344050159
pyqcu,3,3,0,fine_restriction,0.00330558,0.347605753
pyqcu,3,3,1,level_prepare,0.003249677,0.351072942
pyqcu,3,3,1,coarsest_bicgstab,0.135840806,0.48712286
pyqcu,3,3,1,level_reconstruct,0.00292786,0.490175627
pyqcu,3,3,1,coarse_vcycle,0.142603975,0.49042134
pyqcu,3,3,0,fine_prolongation,0.002735249,0.49316539
pyqcu,3,3,0,fine_correction_residual,0.002638044,0.496048847
pyqcu,3,3,0,fine_post_smoother,0.003188074,0.499495735
pyqcu,3,3,0,fine_matpc,0.002507737,0.50637791
pyqcu,3,3,0,arnoldi,0.001318772,0.507900093
pyqcu,3,3,0,outer_iteration,0.167232718,0.508066902
pyqcu,3,4,0,fine_pre_smoother,0.003565094,0.511648798
pyqcu,3,4,0,fine_restriction,0.00330288,0.515131588
pyqcu,3,4,1,level_prepare,0.003241377,0.51866108
pyqcu,3,4,1,coarsest_bicgstab,0.150889427,0.669730617
pyqcu,3,4,1,level_reconstruct,0.00293716,0.672794384
pyqcu,3,4,1,coarse_vcycle,0.157565091,0.672968794
pyqcu,3,4,0,fine_prolongation,0.002727049,0.675705943
pyqcu,3,4,0,fine_correction_residual,0.002644144,0.678537397
pyqcu,3,4,0,fine_post_smoother,0.003105669,0.681792375
pyqcu,3,4,0,fine_matpc,0.002480135,0.684441619
pyqcu,3,4,0,arnoldi,0.001399077,0.686033006
pyqcu,3,4,0,outer_iteration,0.17808491,0.686165213
pyqcu,3,4,0,fgmres_solution_update,0.000631334,0.686805848
pyqcu,3,4,0,true_residual_refresh,0.00312457,0.690130029
pyqcu,3,5,0,fine_pre_smoother,0.003352283,0.693904935
pyqcu,3,5,0,fine_restriction,0.00330248,0.697391925
pyqcu,3,5,1,level_prepare,0.003264478,0.700881116
pyqcu,3,5,1,coarsest_bicgstab,0.155671588,0.856805517
pyqcu,3,5,1,level_reconstruct,0.002919159,0.859852583
pyqcu,3,5,1,coarse_vcycle,0.162445457,0.860058695
pyqcu,3,5,0,fine_prolongation,0.002718148,0.862785443
pyqcu,3,5,0,fine_correction_residual,0.002633844,0.865625298
pyqcu,3,5,0,fine_post_smoother,0.003115469,0.868937879
pyqcu,3,5,0,fine_matpc,0.002482735,0.871627225
pyqcu,3,5,0,arnoldi,0.001022156,0.872875593
pyqcu,3,5,0,outer_iteration,0.182741564,0.873153909
pyqcu,3,6,0,fine_pre_smoother,0.003324781,0.876493991
pyqcu,3,6,0,fine_restriction,0.003739504,0.880381003
pyqcu,3,6,1,level_prepare,0.003253277,0.883795889
pyqcu,3,6,1,coarsest_bicgstab,0.16010933,1.044147432
pyqcu,3,6,1,level_reconstruct,0.002955061,1.047320205
pyqcu,3,6,1,coarse_vcycle,0.166939302,1.047475113
pyqcu,3,6,0,fine_prolongation,0.002718848,1.050203262
pyqcu,3,6,0,fine_correction_residual,0.002663345,1.053065718
pyqcu,3,6,0,fine_post_smoother,0.003143172,1.056421401
pyqcu,3,6,0,fine_matpc,0.002468635,1.059092547
pyqcu,3,6,0,arnoldi,0.001195366,1.060489323
pyqcu,3,6,0,outer_iteration,0.18744482,1.06061153
pyqcu,3,7,0,fine_pre_smoother,0.003222176,1.063846806
pyqcu,3,7,0,fine_restriction,0.003307381,1.067349697
pyqcu,3,7,1,level_prepare,0.003232877,1.070757883
pyqcu,3,7,1,coarsest_bicgstab,0.159762711,1.230759507
pyqcu,3,7,1,level_reconstruct,0.002981463,1.233897378
pyqcu,3,7,1,coarse_vcycle,0.166586083,1.23410819
pyqcu,3,7,0,fine_prolongation,0.002717148,1.236833638
pyqcu,3,7,0,fine_correction_residual,0.002653244,1.239635391
pyqcu,3,7,0,fine_post_smoother,0.003047266,1.242899069
pyqcu,3,7,0,fine_matpc,0.002471434,1.245499211
pyqcu,3,7,0,arnoldi,0.001392276,1.247050895
pyqcu,3,7,0,outer_iteration,0.186572673,1.247195803
pyqcu,3,8,0,fine_pre_smoother,0.003270978,1.250481182
pyqcu,3,8,0,fine_restriction,0.00331038,1.253968872
pyqcu,3,8,1,level_prepare,0.003247677,1.25741816
pyqcu,3,8,1,coarsest_bicgstab,0.153909692,1.411528063
pyqcu,3,8,1,level_reconstruct,0.002961861,1.414617732
pyqcu,3,8,1,coarse_vcycle,0.160623858,1.414791241
pyqcu,3,8,0,fine_prolongation,0.002798953,1.417598894
pyqcu,3,8,0,fine_correction_residual,0.002635643,1.420414948
pyqcu,3,8,0,fine_post_smoother,0.003057967,1.423649624
pyqcu,3,8,0,fine_matpc,0.002465834,1.426265067
pyqcu,3,8,0,arnoldi,0.001484681,1.427922957
pyqcu,3,8,0,outer_iteration,0.180860262,1.428067965
pyqcu,3,8,0,fgmres_solution_update,0.000630035,1.4287093
pyqcu,3,8,0,true_residual_refresh,0.003041366,1.431941376
pyqcu,3,9,0,fine_pre_smoother,0.003758905,1.436142105
pyqcu,3,9,0,fine_restriction,0.00330428,1.439663597
pyqcu,3,9,1,level_prepare,0.003244077,1.443152088
pyqcu,3,9,1,coarsest_bicgstab,0.188613284,1.631994384
pyqcu,3,9,1,level_reconstruct,0.002923159,1.63503125
pyqcu,3,9,1,coarse_vcycle,0.19531725,1.63522176
pyqcu,3,9,0,fine_prolongation,0.002725649,1.637956009
pyqcu,3,9,0,fine_correction_residual,0.002635444,1.640784563
pyqcu,3,9,0,fine_post_smoother,0.003083968,1.64403234
pyqcu,3,9,0,fine_matpc,0.002494236,1.646737788
pyqcu,3,9,0,arnoldi,0.001063858,1.647999657
pyqcu,3,9,0,outer_iteration,0.215935473,1.648128764
pyqcu,3,10,0,fine_pre_smoother,0.003268578,1.651455145
pyqcu,3,10,0,fine_restriction,0.003308581,1.654991938
pyqcu,3,10,1,level_prepare,0.003732003,1.658927153
pyqcu,3,10,1,coarsest_bicgstab,0.161625013,1.820781978
pyqcu,3,10,1,level_reconstruct,0.002920759,1.823829544
pyqcu,3,10,1,coarse_vcycle,0.168855507,1.824042855
pyqcu,3,10,0,fine_prolongation,0.002716448,1.826767604
pyqcu,3,10,0,fine_correction_residual,0.002627843,1.829580757
pyqcu,3,10,0,fine_post_smoother,0.003511292,1.833313661
pyqcu,3,10,0,fine_matpc,0.002473735,1.835992707
pyqcu,3,10,0,arnoldi,0.001221367,1.837428485
pyqcu,3,10,0,outer_iteration,0.18945943,1.837599795
pyqcu,3,11,0,fine_pre_smoother,0.003233776,1.840862773
pyqcu,3,11,0,fine_restriction,0.003312481,1.844429067
pyqcu,3,11,1,level_prepare,0.003223976,1.847874655
pyqcu,3,11,1,coarsest_bicgstab,0.159260384,2.007380152
pyqcu,3,11,1,level_reconstruct,0.00292486,2.010426918
pyqcu,3,11,1,coarse_vcycle,0.165961449,2.010608828
pyqcu,3,11,0,fine_prolongation,0.002722848,2.013340077
pyqcu,3,11,0,fine_correction_residual,0.002671646,2.016240435
pyqcu,3,11,0,fine_post_smoother,0.003062867,2.019474411
pyqcu,3,11,0,fine_matpc,0.002646645,2.022275064
pyqcu,3,11,0,arnoldi,0.001252368,2.02367364
pyqcu,3,11,0,outer_iteration,0.186179851,2.023790347
pyqcu,3,11,0,fgmres_solution_update,0.000488327,2.024289774
pyqcu,3,11,0,true_residual_refresh,0.003015364,2.027459747
pyqcu,4,1,0,fine_pre_smoother,0.003257477,0.007027884
pyqcu,4,1,0,fine_restriction,0.003312981,0.010537575
pyqcu,4,1,1,level_prepare,0.003233476,0.014019165
pyqcu,4,1,1,coarsest_bicgstab,0.153166651,0.167417829
pyqcu,4,1,1,level_reconstruct,0.002982163,0.1705605
pyqcu,4,1,1,coarse_vcycle,0.160004425,0.170775312
pyqcu,4,1,0,fine_prolongation,0.002803453,0.173591165
pyqcu,4,1,0,fine_correction_residual,0.002656345,0.176453122
pyqcu,4,1,0,fine_post_smoother,0.003130771,0.179807404
pyqcu,4,1,0,fine_matpc,0.002475035,0.182499551
pyqcu,4,1,0,arnoldi,0.001208366,0.183901628
pyqcu,4,1,0,outer_iteration,0.180441239,0.184052936
pyqcu,4,2,0,fine_pre_smoother,0.003246277,0.187312714
pyqcu,4,2,0,fine_restriction,0.00329888,0.190848906
pyqcu,4,2,1,level_prepare,0.003231976,0.194294694
pyqcu,4,2,1,coarsest_bicgstab,0.137063273,0.331665284
pyqcu,4,2,1,level_reconstruct,0.002915659,0.334730252
pyqcu,4,2,1,coarse_vcycle,0.143907947,0.334963864
pyqcu,4,2,0,fine_prolongation,0.002732449,0.337705114
pyqcu,4,2,0,fine_correction_residual,0.002632844,0.340537368
pyqcu,4,2,0,fine_post_smoother,0.003079668,0.343807146
pyqcu,4,2,0,fine_matpc,0.002474034,0.346471992
pyqcu,4,2,0,arnoldi,0.001239067,0.347936472
pyqcu,4,2,0,outer_iteration,0.164028444,0.34809328
pyqcu,4,3,0,fine_pre_smoother,0.003261177,0.351368059
pyqcu,4,3,0,fine_restriction,0.00329878,0.354849048
pyqcu,4,3,1,level_prepare,0.003242176,0.358319438
pyqcu,4,3,1,coarsest_bicgstab,0.136543445,0.495102096
pyqcu,4,3,1,level_reconstruct,0.002887358,0.498098659
pyqcu,4,3,1,coarse_vcycle,0.143288313,0.498374474
pyqcu,4,3,0,fine_prolongation,0.002724649,0.501107823
pyqcu,4,3,0,fine_correction_residual,0.003088368,0.504453706
pyqcu,4,3,0,fine_post_smoother,0.003074768,0.507694182
pyqcu,4,3,0,fine_matpc,0.002480035,0.51039943
pyqcu,4,3,0,arnoldi,0.001371175,0.511934213
pyqcu,4,3,0,outer_iteration,0.163946239,0.51205152
pyqcu,4,4,0,fine_pre_smoother,0.003222276,0.515286696
pyqcu,4,4,0,fine_restriction,0.00330088,0.518772886
pyqcu,4,4,1,level_prepare,0.003262378,0.522226475
pyqcu,4,4,1,coarsest_bicgstab,0.147371036,0.669794021
pyqcu,4,4,1,level_reconstruct,0.00293106,0.672924191
pyqcu,4,4,1,coarse_vcycle,0.154205508,0.673166305
pyqcu,4,4,0,fine_prolongation,0.00275685,0.675950256
pyqcu,4,4,0,fine_correction_residual,0.002637344,0.67876951
pyqcu,4,4,0,fine_post_smoother,0.003076268,0.682034188
pyqcu,4,4,0,fine_matpc,0.002466834,0.684686033
pyqcu,4,4,0,arnoldi,0.00146338,0.686331422
pyqcu,4,4,0,outer_iteration,0.17440741,0.68646993
pyqcu,4,4,0,fgmres_solution_update,0.000646036,0.687127366
pyqcu,4,4,0,true_residual_refresh,0.003035166,0.690344341
pyqcu,4,5,0,fine_pre_smoother,0.003651599,0.694414163
pyqcu,4,5,0,fine_restriction,0.00330418,0.697952256
pyqcu,4,5,1,level_prepare,0.003194474,0.701442146
pyqcu,4,5,1,coarsest_bicgstab,0.154028399,0.855767161
pyqcu,4,5,1,level_reconstruct,0.002918459,0.858804526
pyqcu,4,5,1,coarse_vcycle,0.160786767,0.859019738
pyqcu,4,5,0,fine_prolongation,0.002718749,0.861746687
pyqcu,4,5,0,fine_correction_residual,0.002635244,0.864594642
pyqcu,4,5,0,fine_post_smoother,0.003161672,0.867955525
pyqcu,4,5,0,fine_matpc,0.002476435,0.87061047
pyqcu,4,5,0,arnoldi,0.001305771,0.872123053
pyqcu,4,5,0,outer_iteration,0.181636103,0.872283761
pyqcu,4,6,0,fine_pre_smoother,0.003252377,0.87555104
pyqcu,4,6,0,fine_restriction,0.003312081,0.87905283
pyqcu,4,6,1,level_prepare,0.003240777,0.88253002
pyqcu,4,6,1,coarsest_bicgstab,0.15991772,1.042691653
pyqcu,4,6,1,level_reconstruct,0.00292676,1.045744419
pyqcu,4,6,1,coarse_vcycle,0.166648186,1.04593453
pyqcu,4,6,0,fine_prolongation,0.002718448,1.048660978
pyqcu,4,6,0,fine_correction_residual,0.002626744,1.051480232
pyqcu,4,6,0,fine_post_smoother,0.003100669,1.054817414
pyqcu,4,6,0,fine_matpc,0.002467835,1.057461958
pyqcu,4,6,0,arnoldi,0.00146228,1.059101248
pyqcu,4,6,0,outer_iteration,0.186942393,1.059238555
pyqcu,4,7,0,fine_pre_smoother,0.003272979,1.062523934
pyqcu,4,7,0,fine_restriction,0.00330018,1.066033425
pyqcu,4,7,1,level_prepare,0.003203875,1.069460312
pyqcu,4,7,1,coarsest_bicgstab,0.159723109,1.229422234
pyqcu,4,7,1,level_reconstruct,0.00293636,1.232492802
pyqcu,4,7,1,coarse_vcycle,0.166454376,1.232707613
pyqcu,4,7,0,fine_prolongation,0.002735449,1.235453763
pyqcu,4,7,0,fine_correction_residual,0.002674546,1.238353621
pyqcu,4,7,0,fine_post_smoother,0.00311887,1.241725705
pyqcu,4,7,0,fine_matpc,0.002475135,1.244443953
pyqcu,4,7,0,arnoldi,0.001367174,1.246052041
pyqcu,4,7,0,outer_iteration,0.186920292,1.246169447
pyqcu,4,8,0,fine_pre_smoother,0.003199775,1.249429925
pyqcu,4,8,0,fine_restriction,0.003345482,1.252962418
pyqcu,4,8,1,level_prepare,0.003249977,1.256427007
pyqcu,4,8,1,coarsest_bicgstab,0.153542772,1.410157089
pyqcu,4,8,1,level_reconstruct,0.002899058,1.413176553
pyqcu,4,8,1,coarse_vcycle,0.160223136,1.413394965
pyqcu,4,8,0,fine_prolongation,0.002720449,1.416123714
pyqcu,4,8,0,fine_correction_residual,0.003039966,1.419389292
pyqcu,4,8,0,fine_post_smoother,0.00312337,1.422729374
pyqcu,4,8,0,fine_matpc,0.002475935,1.425439422
pyqcu,4,8,0,arnoldi,0.001420077,1.427103513
pyqcu,4,8,0,outer_iteration,0.18102417,1.427250921
pyqcu,4,8,0,fgmres_solution_update,0.000630034,1.427892656
pyqcu,4,8,0,true_residual_refresh,0.003089968,1.431209137
pyqcu,4,9,0,fine_pre_smoother,0.003241477,1.434812533
pyqcu,4,9,0,fine_restriction,0.003304081,1.438277122
pyqcu,4,9,1,level_prepare,0.003273079,1.44172441
pyqcu,4,9,1,coarsest_bicgstab,0.196950839,1.638864059
pyqcu,4,9,1,level_reconstruct,0.002917559,1.641946427
pyqcu,4,9,1,coarse_vcycle,0.20394242,1.642389751
pyqcu,4,9,0,fine_prolongation,0.002760651,1.645163502
pyqcu,4,9,0,fine_correction_residual,0.002666645,1.648006757
pyqcu,4,9,0,fine_post_smoother,0.003095369,1.651301637
pyqcu,4,9,0,fine_matpc,0.002472234,1.653975383
pyqcu,4,9,0,arnoldi,0.002454034,1.657609881
pyqcu,4,9,0,outer_iteration,0.22631344,1.65777389
pyqcu,4,10,0,fine_pre_smoother,0.003248877,1.66107457
pyqcu,4,10,0,fine_restriction,0.00330118,1.66456556
pyqcu,4,10,1,level_prepare,0.003227776,1.668032749
pyqcu,4,10,1,coarsest_bicgstab,0.160851471,1.829061829
pyqcu,4,10,1,level_reconstruct,0.002886458,1.832067693
pyqcu,4,10,1,coarse_vcycle,0.167509033,1.832310706
pyqcu,4,10,0,fine_prolongation,0.002729448,1.835048756
pyqcu,4,10,0,fine_correction_residual,0.002639644,1.837940913
pyqcu,4,10,0,fine_post_smoother,0.00312397,1.841278395
pyqcu,4,10,0,fine_matpc,0.002471235,1.844011844
pyqcu,4,10,0,arnoldi,0.001850801,1.846083857
pyqcu,4,10,0,outer_iteration,0.188445675,1.846230065
pyqcu,4,11,0,fine_pre_smoother,0.00331478,1.849562847
pyqcu,4,11,0,fine_restriction,0.003320481,1.853053037
pyqcu,4,11,1,level_prepare,0.003192974,1.856458823
pyqcu,4,11,1,coarsest_bicgstab,0.157376281,2.014038715
pyqcu,4,11,1,level_reconstruct,0.002912558,2.017039579
pyqcu,4,11,1,coarse_vcycle,0.163935638,2.017198387
pyqcu,4,11,0,fine_prolongation,0.002726048,2.019932336
pyqcu,4,11,0,fine_correction_residual,0.002635344,2.022714588
pyqcu,4,11,0,fine_post_smoother,0.003099669,2.025974666
pyqcu,4,11,0,fine_matpc,0.002511737,2.028661112
pyqcu,4,11,0,arnoldi,0.001311972,2.030145993
pyqcu,4,11,0,outer_iteration,0.183997332,2.030238398
pyqcu,4,11,0,fgmres_solution_update,0.000481826,2.030730825
pyqcu,4,11,0,true_residual_refresh,0.003080868,2.033974402
