trace_version	1
solve_begin	2423.2548828125
initial_residual	0	2423.2548828125	1	0.0064047599999999998
iteration	1	1	226.93952941894531	0.093650706112384796	0.096527934074401855	0.23597536499999999
iteration	2	2	39.531528472900391	0.016313400119543076	0.1914677768945694	0.42960673700000002
iteration	3	3	6.8147468566894531	0.0028122286312282085	0.19039766490459442	0.62559668800000001
iteration	4	4	1.5647783279418945	0.00064573407871648669	0.2461315393447876	0.82864517699999996
restart_residual	4	1.5647794008255005	0.000645734544377774	0.83344534299999995
iteration	5	1	0.50958597660064697	0.00021028987248428166	0.33576637506484985	1.046463192
iteration	6	2	0.15151676535606384	6.2526138208340853e-05	0.30120936036109924	1.264570331
iteration	7	3	0.053252901881933212	2.1975774870952591e-05	0.34668755531311035	1.4885054129999999
iteration	8	4	0.018133305013179779	7.4830368248512968e-06	0.33366194367408752	1.703074982
restart_residual	8	0.018135117366909981	7.4837844294961542e-06	1.7074975189999999
iteration	9	1	0.0078591331839561462	3.2432135412818752e-06	0.41393876075744629	1.971450355
iteration	10	2	0.0029860388021916151	1.2322429938649293e-06	0.33752590417861938	2.2026304900000002
iteration	11	3	0.00098506361246109009	4.0650434129929636e-07	0.31525316834449768	2.4287126369999998
restart_residual	11	0.0010121609084308147	4.1768652181417565e-07	2.4335952089999999
solve_end	11	1	0.0010121609084308147	4.1768652181417565e-07	2.43359791
trace_version	1
solve_begin	2423.2548828125
initial_residual	0	2423.2548828125	1	0.0036451779999999998
iteration	1	1	226.93952941894531	0.093650706112384796	0.096527934074401855	0.206235632
iteration	2	2	39.531528472900391	0.016313400119543076	0.1914677768945694	0.40159613500000002
iteration	3	3	6.8147468566894531	0.0028122286312282085	0.19039766490459442	0.58564977600000001
iteration	4	4	1.5647783279418945	0.00064573407871648669	0.2461315393447876	0.78942762099999997
restart_residual	4	1.5647794008255005	0.000645734544377774	0.79314250399999997
iteration	5	1	0.50958597660064697	0.00021028987248428166	0.33576637506484985	1.014067957
iteration	6	2	0.15151676535606384	6.2526138208340853e-05	0.30120936036109924	1.2338583240000001
iteration	7	3	0.053252901881933212	2.1975774870952591e-05	0.34668755531311035	1.4492256530000001
iteration	8	4	0.018133305013179779	7.4830368248512968e-06	0.33366194367408752	1.6547879350000001
restart_residual	8	0.018135117366909981	7.4837844294961542e-06	1.6584164109999999
iteration	9	1	0.0078591331839561462	3.2432135412818752e-06	0.41393876075744629	1.9078751410000001
iteration	10	2	0.0029860388021916151	1.2322429938649293e-06	0.33752590417861938	2.1253194290000001
iteration	11	3	0.00098506361246109009	4.0650434129929636e-07	0.31525316834449768	2.3442750320000001
restart_residual	11	0.0010121609084308147	4.1768652181417565e-07	2.348684768
solve_end	11	1	0.0010121609084308147	4.1768652181417565e-07	2.3486877690000001
trace_version	1
solve_begin	2423.2548828125
initial_residual	0	2423.2548828125	1	0.0047929660000000001
iteration	1	1	226.93952941894531	0.093650706112384796	0.096527934074401855	0.22583962799999999
iteration	2	2	39.531528472900391	0.016313400119543076	0.1914677768945694	0.418736043
iteration	3	3	6.8147468566894531	0.0028122286312282085	0.19039766490459442	0.61275264399999996
iteration	4	4	1.5647783279418945	0.00064573407871648669	0.2461315393447876	0.81109827400000001
restart_residual	4	1.5647794008255005	0.000645734544377774	0.81501467299999997
iteration	5	1	0.50958597660064697	0.00021028987248428166	0.33576637506484985	1.029731653
iteration	6	2	0.15151676535606384	6.2526138208340853e-05	0.30120936036109924	1.243533563
iteration	7	3	0.053252901881933212	2.1975774870952591e-05	0.34668755531311035	1.4594730359999999
iteration	8	4	0.018133305013179779	7.4830368248512968e-06	0.33366194367408752	1.6714894090000001
restart_residual	8	0.018135117366909981	7.4837844294961542e-06	1.675162789
iteration	9	1	0.0078591331839561462	3.2432135412818752e-06	0.41393876075744629	1.9339187280000001
iteration	10	2	0.0029860388021916151	1.2322429938649293e-06	0.33752590417861938	2.1622764490000002
iteration	11	3	0.00098506361246109009	4.0650434129929636e-07	0.31525316834449768	2.3809131269999999
restart_residual	11	0.0010121609084308147	4.1768652181417565e-07	2.384453997
solve_end	11	1	0.0010121609084308147	4.1768652181417565e-07	2.3844566980000002
trace_version	1
solve_begin	2423.2548828125
initial_residual	0	2423.2548828125	1	0.0044012829999999998
iteration	1	1	226.93952941894531	0.093650706112384796	0.096527934074401855	0.21140647400000001
iteration	2	2	39.531528472900391	0.016313400119543076	0.1914677768945694	0.41180289199999998
iteration	3	3	6.8147468566894531	0.0028122286312282085	0.19039766490459442	0.60047329000000005
iteration	4	4	1.5647783279418945	0.00064573407871648669	0.2461315393447876	0.84929591599999998
restart_residual	4	1.5647794008255005	0.000645734544377774	0.85434705499999997
iteration	5	1	0.50958597660064697	0.00021028987248428166	0.33576637506484985	1.1156237630000001
iteration	6	2	0.15151676535606384	6.2526138208340853e-05	0.30120936036109924	1.344109722
iteration	7	3	0.053252901881933212	2.1975774870952591e-05	0.34668755531311035	1.6320246460000001
iteration	8	4	0.018133305013179779	7.4830368248512968e-06	0.33366194367408752	1.852073571
restart_residual	8	0.018135117366909981	7.4837844294961542e-06	1.8558411990000001
iteration	9	1	0.0078591331839561462	3.2432135412818752e-06	0.41393876075744629	2.114287961
iteration	10	2	0.0029860388021916151	1.2322429938649293e-06	0.33752590417861938	2.3431111489999998
iteration	11	3	0.00098506361246109009	4.0650434129929636e-07	0.31525316834449768	2.5707794370000001
restart_residual	11	0.0010121609084308147	4.1768652181417565e-07	2.57529583
solve_end	11	1	0.0010121609084308147	4.1768652181417565e-07	2.5752986299999998
trace_version	1
solve_begin	2423.2548828125
initial_residual	0	2423.2548828125	1	0.002999561
iteration	1	1	226.93952941894531	0.093650706112384796	0.096527934074401855	0.219558583
iteration	2	2	39.531528472900391	0.016313400119543076	0.1914677768945694	0.41567062799999999
iteration	3	3	6.8147468566894531	0.0028122286312282085	0.19039766490459442	0.60904013499999998
iteration	4	4	1.5647783279418945	0.00064573407871648669	0.2461315393447876	0.81257952499999997
restart_residual	4	1.5647794008255005	0.000645734544377774	0.81625294400000004
iteration	5	1	0.50958597660064697	0.00021028987248428166	0.33576637506484985	1.0260671800000001
iteration	6	2	0.15151676535606384	6.2526138208340853e-05	0.30120936036109924	1.2464130309999999
iteration	7	3	0.053252901881933212	2.1975774870952591e-05	0.34668755531311035	1.4675153480000001
iteration	8	4	0.018133305013179779	7.4830368248512968e-06	0.33366194367408752	1.677361187
restart_residual	8	0.018135117366909981	7.4837844294961542e-06	1.681040807
iteration	9	1	0.0078591331839561462	3.2432135412818752e-06	0.41393876075744629	1.9371876690000001
iteration	10	2	0.0029860388021916151	1.2322429938649293e-06	0.33752590417861938	2.1631137059999999
iteration	11	3	0.00098506361246109009	4.0650434129929636e-07	0.31525316834449768	2.3805874070000002
restart_residual	11	0.0010121609084308147	4.1768652181417565e-07	2.385149604
solve_end	11	1	0.0010121609084308147	4.1768652181417565e-07	2.385152304
trace_version	1
solve_begin	2423.2548828125
initial_residual	0	2423.2548828125	1	0.0036461169999999999
iteration	1	1	226.93952941894531	0.093650706112384796	0.096527934074401855	0.21082272399999999
iteration	2	2	39.531528472900391	0.016313400119543076	0.1914677768945694	0.401450692
iteration	3	3	6.8147468566894531	0.0028122286312282085	0.19039766490459442	0.59493430800000002
iteration	4	4	1.5647783279418945	0.00064573407871648669	0.2461315393447876	0.80310580099999995
restart_residual	4	1.5647794008255005	0.000645734544377774	0.807634195
iteration	5	1	0.50958597660064697	0.00021028987248428166	0.33576637506484985	1.0199121449999999
iteration	6	2	0.15151676535606384	6.2526138208340853e-05	0.30120936036109924	1.252545064
iteration	7	3	0.053252901881933212	2.1975774870952591e-05	0.34668755531311035	1.4757511640000001
iteration	8	4	0.018133305013179779	7.4830368248512968e-06	0.33366194367408752	1.6915709219999999
restart_residual	8	0.018135117366909981	7.4837844294961542e-06	1.695263143
iteration	9	1	0.0078591331839561462	3.2432135412818752e-06	0.41393876075744629	1.9477875899999999
iteration	10	2	0.0029860388021916151	1.2322429938649293e-06	0.33752590417861938	2.1689373110000001
iteration	11	3	0.00098506361246109009	4.0650434129929636e-07	0.31525316834449768	2.390114589
restart_residual	11	0.0010121609084308147	4.1768652181417565e-07	2.3938386149999999
solve_end	11	1	0.0010121609084308147	4.1768652181417565e-07	2.3938415150000001
trace_version	1
solve_begin	2423.2548828125
initial_residual	0	2423.2548828125	1	0.003052567
iteration	1	1	226.93952941894531	0.093650706112384796	0.096527934074401855	0.20378664799999999
iteration	2	2	39.531528472900391	0.016313400119543076	0.1914677768945694	0.40733687499999999
iteration	3	3	6.8147468566894531	0.0028122286312282085	0.19039766490459442	0.61142704999999997
iteration	4	4	1.5647783279418945	0.00064573407871648669	0.2461315393447876	0.82019463400000003
restart_residual	4	1.5647794008255005	0.000645734544377774	0.82401756900000001
iteration	5	1	0.50958597660064697	0.00021028987248428166	0.33576637506484985	1.036545482
iteration	6	2	0.15151676535606384	6.2526138208340853e-05	0.30120936036109924	1.2546913879999999
iteration	7	3	0.053252901881933212	2.1975774870952591e-05	0.34668755531311035	1.478683706
iteration	8	4	0.018133305013179779	7.4830368248512968e-06	0.33366194367408752	1.690240535
restart_residual	8	0.018135117366909981	7.4837844294961542e-06	1.6941893800000001
iteration	9	1	0.0078591331839561462	3.2432135412818752e-06	0.41393876075744629	1.9531267590000001
iteration	10	2	0.0029860388021916151	1.2322429938649293e-06	0.33752590417861938	2.1848292520000001
iteration	11	3	0.00098506361246109009	4.0650434129929636e-07	0.31525316834449768	2.4000868039999999
restart_residual	11	0.0010121609084308147	4.1768652181417565e-07	2.4043342760000002
solve_end	11	1	0.0010121609084308147	4.1768652181417565e-07	2.4043369769999998
trace_version	1
solve_begin	2423.2548828125
initial_residual	0	2423.2548828125	1	0.0035596120000000002
iteration	1	1	226.93952941894531	0.093650706112384796	0.096527934074401855	0.22372319399999999
iteration	2	2	39.531528472900391	0.016313400119543076	0.1914677768945694	0.452437325
iteration	3	3	6.8147468566894531	0.0028122286312282085	0.19039766490459442	0.64656712800000005
iteration	4	4	1.5647783279418945	0.00064573407871648669	0.2461315393447876	0.85575184900000001
restart_residual	4	1.5647794008255005	0.000645734544377774	0.86055996999999995
iteration	5	1	0.50958597660064697	0.00021028987248428166	0.33576637506484985	1.066626418
iteration	6	2	0.15151676535606384	6.2526138208340853e-05	0.30120936036109924	1.2878666940000001
iteration	7	3	0.053252901881933212	2.1975774870952591e-05	0.34668755531311035	1.5120930319999999
iteration	8	4	0.018133305013179779	7.4830368248512968e-06	0.33366194367408752	1.7242165110000001
restart_residual	8	0.018135117366909981	7.4837844294961542e-06	1.7279527379999999
iteration	9	1	0.0078591331839561462	3.2432135412818752e-06	0.41393876075744629	1.97836477
iteration	10	2	0.0029860388021916151	1.2322429938649293e-06	0.33752590417861938	2.1893293460000001
iteration	11	3	0.00098506361246109009	4.0650434129929636e-07	0.31525316834449768	2.4029755580000001
restart_residual	11	0.0010121609084308147	4.1768652181417565e-07	2.4064671639999999
solve_end	11	1	0.0010121609084308147	4.1768652181417565e-07	2.4064700640000001
