device,precision,solver,trace,samples,pyqcu_median_seconds,quda_median_seconds,ratio_median,ratio_min,ratio_max
p100,c128,bicgstab,off,3,3.8956328940112144,0.8741149239940569,0.2283905765621428,0.22438328964154716,0.43343163678647056
p100,c128,bicgstab,on,3,3.766847835999215,0.8988279010081897,0.2399654030660291,0.2386153994377534,0.43831262743917787
p100,c128,mg-2,off,3,6.410288466999191,6.634040685996297,1.2501929262131308,1.0349051716079556,1.2725205854219734
p100,c128,mg-2,on,3,8.68550662099733,7.052352561004227,1.0420202940423955,0.8119678987930387,1.1715561915574602
p100,c128,mg-3,off,3,4.687589163004304,5.184887531999266,1.151687886141412,1.10608830076658,1.4436014498284782
p100,c128,mg-3,on,3,8.364123612991534,5.713481619008235,0.884284504668704,0.6830938761036239,0.9181342869133617
p100,c64,bicgstab,off,2,1.1778986650097067,0.40476216800743714,0.3415671409407854,0.2402701702017845,0.44286411167978623
p100,c64,bicgstab,on,2,1.6940611585014267,0.4030674970053951,0.23683906918240588,0.23326976357438514,0.24040837479042665
p100,c64,mg-2,off,2,1.0548187304957537,1.9949623344946303,1.7772871379544648,1.4304664402288578,2.1241078356800718
p100,c64,mg-2,on,2,2.449911013995006,2.166424722010561,0.9340735175107063,0.8530999076561359,1.0150471273652768
p100,c64,mg-3,off,2,1.0730418160019326,2.0570170120045077,1.794432860554942,1.275823748425977,2.313041972683907
p100,c64,mg-3,on,2,2.893560714001069,2.2632269704990904,0.8281726793636945,0.745598210518291,0.9107471482090981
v100,c128,bicgstab,off,3,0.55208183999639,0.1462736679968657,0.25798255383108154,0.2463463537665065,0.3572507472074641
v100,c128,bicgstab,on,3,0.6500300810002955,0.14575721899745986,0.23965264648025192,0.22423149829183614,0.2997792461293454
v100,c128,mg-2,off,3,0.7209439430007478,1.4612541999958921,2.0268624408075184,0.5401250026018388,7.558612526331932
v100,c128,mg-2,on,3,1.0853517560026376,1.5753522849990986,1.4514670255854547,1.0123595905294718,4.971934165391179
v100,c128,mg-3,off,3,0.43638855700555723,1.5251878840063,3.217399032276817,1.844702596906721,14.634035284433528
v100,c128,mg-3,on,3,1.1726829919934971,1.6208639410033356,1.382184232285961,0.9966025519366775,4.29914685153089
v100,c64,bicgstab,off,3,0.2416149479977321,0.06808479300525505,0.28179048345094165,0.23545021580274195,0.3288423934898729
v100,c64,bicgstab,on,3,0.25000403200101573,0.08359112701145932,0.3213260296585318,0.17657286126727562,0.4101521399215071
v100,c64,mg-2,off,3,0.20383330799813848,0.5242044280021219,2.5717309558009487,1.3999042773314632,7.116058819784412
v100,c64,mg-2,on,3,0.38347481400705874,0.6436757869960275,1.6785347133232564,1.0387053190797484,3.6402885915097793
v100,c64,mg-3,off,3,0.1509476729988819,0.714977704003104,4.736593084203425,2.028413408522816,8.13911495252566
v100,c64,mg-3,on,3,0.5281142110034125,0.9212616160075413,1.7444363298937782,1.2601757603215413,4.187790819698393
