device,precision,levels,side,level,samples,pre_seconds,post_seconds,restrict_seconds,prolong_seconds,coarse_seconds,other_seconds
p100,c128,2,pyqcu,0,3,2.648521791000001,2.725325498000001,0.208010768,0.226855825,0.0,48.803713808999944
p100,c128,2,pyqcu,1,3,0.0,0.0,0.0,0.0,41.41566547200001,1.5151159089999666
p100,c128,2,quda,0,3,2.7135427920000232,5.225635662999981,0.13538630699998855,0.09770770400006867,23.295519747000036,0.010609300000041344
p100,c128,3,pyqcu,0,3,3.012594074999999,2.988980496999999,0.1824439990000001,0.244235699,0.0,48.205979503
p100,c128,3,pyqcu,1,3,1.591625538,1.6503989439999993,0.101721028,0.08840145,18.855293090000007,2.897356320999954
p100,c128,3,pyqcu,2,3,0.0,0.0,0.0,0.0,14.781028158999986,0.9271109190000004
p100,c128,3,quda,0,3,2.65391129400005,5.40478525700002,0.10594043100004846,0.08165254600004346,16.455334490999977,0.011044927000014582
p100,c128,3,quda,1,3,2.381901477000019,3.804528770000056,0.13144674000017176,0.09956073899989093,9.798508366999755,0.010619006999995406
p100,c64,2,pyqcu,0,2,0.9644497535000003,0.968899758,0.06596571800000002,0.0568811105,0.0,14.312721317499992
p100,c64,2,pyqcu,1,2,0.0,0.0,0.0,0.0,8.519468634000003,0.36512525100000115
p100,c64,2,quda,0,2,0.8647797209999872,1.7055641999999978,0.08915484250002326,0.052583798000008564,5.75783153250002,0.005474091500004441
p100,c64,3,pyqcu,0,2,1.0176395580000008,0.9863120119999998,0.047830645999999984,0.05421018199999999,0.0,16.700821302500003
p100,c64,3,pyqcu,1,2,0.4402152770000002,0.39550889550000007,0.061355723000000015,0.045402155999999985,6.134159395499998,0.7219895689999984
p100,c64,3,pyqcu,2,2,0.0,0.0,0.0,0.0,5.147830165500002,0.32463514799999693
p100,c64,3,quda,0,2,0.9316780994999734,1.697585287999975,0.08665667500001373,0.10439771649999496,6.180027718499973,0.005212019999957462
p100,c64,3,quda,1,2,0.7805655614999969,1.3326693824999891,0.03151573949998543,0.027094575000001342,2.200591781000016,0.005154150500004562
v100,c128,2,pyqcu,0,3,0.14749196500000006,0.15022391800000004,0.12438677199999996,0.11260931900000001,0.0,5.916998742999992
v100,c128,2,pyqcu,1,3,0.0,0.0,0.0,0.0,5.603003555999996,0.2836251940000043
v100,c128,2,quda,0,3,0.6448588820000083,0.9014330339999832,0.18164579399998804,0.11645011999999877,4.137389768999999,0.009516233000073981
v100,c128,3,pyqcu,0,3,0.16600574199999996,0.15803437299999992,0.14254992200000002,0.1121198020000001,0.0,6.355336960000006
v100,c128,3,pyqcu,1,3,0.22772969299999993,0.23350962499999994,0.04251819700000002,0.04271809699999998,3.4390799760000017,0.5087454019999882
v100,c128,3,pyqcu,2,3,0.0,0.0,0.0,0.0,0.8670355190000006,0.10374373200000009
v100,c128,3,quda,0,3,0.6523747059999967,0.8947800639999883,0.18189433399998478,0.11364772500001408,4.543647470000002,0.009762037000025536
v100,c128,3,quda,1,3,0.6924845119999832,0.9991046440000066,0.05751445499999308,0.051250309999983035,1.6073309880000082,0.010061444000019293
v100,c64,2,pyqcu,0,3,0.048812973,0.044605217999999995,0.039269089000000014,0.03906496900000001,0.0,2.0293113499999995
v100,c64,2,pyqcu,1,3,0.0,0.0,0.0,0.0,1.4199699290000003,0.08769922699999966
v100,c64,2,quda,0,3,0.34230550499998813,0.4632534649999922,0.06435161699999625,0.0402581110000213,1.12417751499998,0.0048855940000116505
v100,c64,3,pyqcu,0,3,0.05361411900000004,0.04717879200000001,0.04146161600000001,0.040443152999999996,0.0,2.7819348619999977
v100,c64,3,pyqcu,1,3,0.07618198800000003,0.07115295599999996,0.018257693999999998,0.014157826000000004,1.5818436710000006,0.15944564400000094
v100,c64,3,pyqcu,2,3,0.0,0.0,0.0,0.0,0.4384663080000001,0.04282291700000013
v100,c64,3,quda,0,3,0.36844288600000574,0.4999361179999955,0.06889171499998348,0.045457549000010644,2.364678046000005,0.0054199190000385755
v100,c64,3,quda,1,3,0.3943437080000134,0.5182274629999792,0.029637056999996858,0.0338205100000053,0.976850383000003,0.00577583100000556
