case_id,device,precision,lattice,levels,trace,block_xyzt,nvec,coarse_dof,nu_pre,nu_post,outer_restart,outer_tolerance,coarse_tolerance,pyqcu_ranks,pyqcu_iteration_kind,pyqcu_smoother,pyqcu_coarse_solver,pyqcu_fused_selection_serialized,quda_outer_solver,quda_smoother,quda_coarse_solver,quda_cycle_type_recorded,quda_cycle_type,quda_intermediate_solver_verified,quda_coarse_precision,quda_setup_use_mma,quda_dslash_use_mma,quda_transfer_use_mma
p100__16x16x16x16__c128__l2__trace-off,p100,c128,16x16x16x16,2,off,2x2x2x2,12,24,1,1,16,1e-08,3e-05,2,outer_right_preconditioned_fgmres,MR,host-driven distributed BiCGStab,False,QUDA_GCR_INVERTER,"QUDA_MR_INVERTER,QUDA_MR_INVERTER","QUDA_GCR_INVERTER,QUDA_CA_GCR_INVERTER",False,,False,double,QUDA_BOOLEAN_FALSE,QUDA_BOOLEAN_FALSE,QUDA_BOOLEAN_FALSE
p100__16x16x16x16__c128__l2__trace-on,p100,c128,16x16x16x16,2,on,2x2x2x2,12,24,1,1,16,1e-08,3e-05,2,outer_right_preconditioned_fgmres,MR,host-driven distributed BiCGStab,False,QUDA_GCR_INVERTER,"QUDA_MR_INVERTER,QUDA_MR_INVERTER","QUDA_GCR_INVERTER,QUDA_CA_GCR_INVERTER",False,,False,double,QUDA_BOOLEAN_FALSE,QUDA_BOOLEAN_FALSE,QUDA_BOOLEAN_FALSE
p100__16x16x16x16__c128__l3__trace-off,p100,c128,16x16x16x16,3,off,2x2x2x2,12,24,1,1,16,1e-08,3e-05,2,outer_right_preconditioned_fgmres,MR,host-driven distributed BiCGStab,False,QUDA_GCR_INVERTER,"QUDA_MR_INVERTER,QUDA_MR_INVERTER,QUDA_MR_INVERTER","QUDA_GCR_INVERTER,QUDA_GCR_INVERTER,QUDA_CA_GCR_INVERTER",False,,False,double,"QUDA_BOOLEAN_FALSE,QUDA_BOOLEAN_FALSE","QUDA_BOOLEAN_FALSE,QUDA_BOOLEAN_FALSE","QUDA_BOOLEAN_FALSE,QUDA_BOOLEAN_FALSE"
p100__16x16x16x16__c128__l3__trace-on,p100,c128,16x16x16x16,3,on,2x2x2x2,12,24,1,1,16,1e-08,3e-05,2,outer_right_preconditioned_fgmres,MR,host-driven distributed BiCGStab,False,QUDA_GCR_INVERTER,"QUDA_MR_INVERTER,QUDA_MR_INVERTER,QUDA_MR_INVERTER","QUDA_GCR_INVERTER,QUDA_GCR_INVERTER,QUDA_CA_GCR_INVERTER",False,,False,double,"QUDA_BOOLEAN_FALSE,QUDA_BOOLEAN_FALSE","QUDA_BOOLEAN_FALSE,QUDA_BOOLEAN_FALSE","QUDA_BOOLEAN_FALSE,QUDA_BOOLEAN_FALSE"
p100__16x16x16x16__c64__l2__trace-off,p100,c64,16x16x16x16,2,off,2x2x2x2,12,24,1,1,16,1e-06,0.003,2,outer_right_preconditioned_fgmres,MR,host-driven distributed BiCGStab,False,QUDA_GCR_INVERTER,"QUDA_MR_INVERTER,QUDA_MR_INVERTER","QUDA_GCR_INVERTER,QUDA_CA_GCR_INVERTER",False,,False,single,QUDA_BOOLEAN_FALSE,QUDA_BOOLEAN_FALSE,QUDA_BOOLEAN_FALSE
p100__16x16x16x16__c64__l2__trace-on,p100,c64,16x16x16x16,2,on,2x2x2x2,12,24,1,1,16,1e-06,0.003,2,outer_right_preconditioned_fgmres,MR,host-driven distributed BiCGStab,False,QUDA_GCR_INVERTER,"QUDA_MR_INVERTER,QUDA_MR_INVERTER","QUDA_GCR_INVERTER,QUDA_CA_GCR_INVERTER",False,,False,single,QUDA_BOOLEAN_FALSE,QUDA_BOOLEAN_FALSE,QUDA_BOOLEAN_FALSE
p100__16x16x16x16__c64__l3__trace-off,p100,c64,16x16x16x16,3,off,2x2x2x2,12,24,1,1,16,1e-06,0.003,2,outer_right_preconditioned_fgmres,MR,host-driven distributed BiCGStab,False,QUDA_GCR_INVERTER,"QUDA_MR_INVERTER,QUDA_MR_INVERTER,QUDA_MR_INVERTER","QUDA_GCR_INVERTER,QUDA_GCR_INVERTER,QUDA_CA_GCR_INVERTER",False,,False,single,"QUDA_BOOLEAN_FALSE,QUDA_BOOLEAN_FALSE","QUDA_BOOLEAN_FALSE,QUDA_BOOLEAN_FALSE","QUDA_BOOLEAN_FALSE,QUDA_BOOLEAN_FALSE"
p100__16x16x16x16__c64__l3__trace-on,p100,c64,16x16x16x16,3,on,2x2x2x2,12,24,1,1,16,1e-06,0.003,2,outer_right_preconditioned_fgmres,MR,host-driven distributed BiCGStab,False,QUDA_GCR_INVERTER,"QUDA_MR_INVERTER,QUDA_MR_INVERTER,QUDA_MR_INVERTER","QUDA_GCR_INVERTER,QUDA_GCR_INVERTER,QUDA_CA_GCR_INVERTER",False,,False,single,"QUDA_BOOLEAN_FALSE,QUDA_BOOLEAN_FALSE","QUDA_BOOLEAN_FALSE,QUDA_BOOLEAN_FALSE","QUDA_BOOLEAN_FALSE,QUDA_BOOLEAN_FALSE"
p100__16x16x32x32__c128__l2__trace-off,p100,c128,16x16x32x32,2,off,2x2x2x2,12,24,1,1,16,1e-08,3e-05,2,outer_right_preconditioned_fgmres,MR,host-driven distributed BiCGStab,False,QUDA_GCR_INVERTER,"QUDA_MR_INVERTER,QUDA_MR_INVERTER","QUDA_GCR_INVERTER,QUDA_CA_GCR_INVERTER",False,,False,double,QUDA_BOOLEAN_FALSE,QUDA_BOOLEAN_FALSE,QUDA_BOOLEAN_FALSE
p100__16x16x32x32__c128__l2__trace-on,p100,c128,16x16x32x32,2,on,2x2x2x2,12,24,1,1,16,1e-08,3e-05,2,outer_right_preconditioned_fgmres,MR,host-driven distributed BiCGStab,False,QUDA_GCR_INVERTER,"QUDA_MR_INVERTER,QUDA_MR_INVERTER","QUDA_GCR_INVERTER,QUDA_CA_GCR_INVERTER",False,,False,double,QUDA_BOOLEAN_FALSE,QUDA_BOOLEAN_FALSE,QUDA_BOOLEAN_FALSE
p100__16x16x32x32__c128__l3__trace-off,p100,c128,16x16x32x32,3,off,2x2x2x2,12,24,1,1,16,1e-08,3e-05,2,outer_right_preconditioned_fgmres,MR,host-driven distributed BiCGStab,False,QUDA_GCR_INVERTER,"QUDA_MR_INVERTER,QUDA_MR_INVERTER,QUDA_MR_INVERTER","QUDA_GCR_INVERTER,QUDA_GCR_INVERTER,QUDA_CA_GCR_INVERTER",False,,False,double,"QUDA_BOOLEAN_FALSE,QUDA_BOOLEAN_FALSE","QUDA_BOOLEAN_FALSE,QUDA_BOOLEAN_FALSE","QUDA_BOOLEAN_FALSE,QUDA_BOOLEAN_FALSE"
p100__16x16x32x32__c128__l3__trace-on,p100,c128,16x16x32x32,3,on,2x2x2x2,12,24,1,1,16,1e-08,3e-05,2,outer_right_preconditioned_fgmres,MR,host-driven distributed BiCGStab,False,QUDA_GCR_INVERTER,"QUDA_MR_INVERTER,QUDA_MR_INVERTER,QUDA_MR_INVERTER","QUDA_GCR_INVERTER,QUDA_GCR_INVERTER,QUDA_CA_GCR_INVERTER",False,,False,double,"QUDA_BOOLEAN_FALSE,QUDA_BOOLEAN_FALSE","QUDA_BOOLEAN_FALSE,QUDA_BOOLEAN_FALSE","QUDA_BOOLEAN_FALSE,QUDA_BOOLEAN_FALSE"
p100__8x8x8x16__c128__l2__trace-off,p100,c128,8x8x8x16,2,off,2x2x2x2,12,24,1,1,16,1e-08,3e-05,2,outer_right_preconditioned_fgmres,MR,host-driven distributed BiCGStab,False,QUDA_GCR_INVERTER,"QUDA_MR_INVERTER,QUDA_MR_INVERTER","QUDA_GCR_INVERTER,QUDA_CA_GCR_INVERTER",False,,False,double,QUDA_BOOLEAN_FALSE,QUDA_BOOLEAN_FALSE,QUDA_BOOLEAN_FALSE
p100__8x8x8x16__c128__l2__trace-on,p100,c128,8x8x8x16,2,on,2x2x2x2,12,24,1,1,16,1e-08,3e-05,2,outer_right_preconditioned_fgmres,MR,host-driven distributed BiCGStab,False,QUDA_GCR_INVERTER,"QUDA_MR_INVERTER,QUDA_MR_INVERTER","QUDA_GCR_INVERTER,QUDA_CA_GCR_INVERTER",False,,False,double,QUDA_BOOLEAN_FALSE,QUDA_BOOLEAN_FALSE,QUDA_BOOLEAN_FALSE
p100__8x8x8x16__c128__l3__trace-off,p100,c128,8x8x8x16,3,off,2x2x2x2,12,24,1,1,16,1e-08,3e-05,2,outer_right_preconditioned_fgmres,MR,host-driven distributed BiCGStab,False,QUDA_GCR_INVERTER,"QUDA_MR_INVERTER,QUDA_MR_INVERTER,QUDA_MR_INVERTER","QUDA_GCR_INVERTER,QUDA_GCR_INVERTER,QUDA_CA_GCR_INVERTER",False,,False,double,"QUDA_BOOLEAN_FALSE,QUDA_BOOLEAN_FALSE","QUDA_BOOLEAN_FALSE,QUDA_BOOLEAN_FALSE","QUDA_BOOLEAN_FALSE,QUDA_BOOLEAN_FALSE"
p100__8x8x8x16__c128__l3__trace-on,p100,c128,8x8x8x16,3,on,2x2x2x2,12,24,1,1,16,1e-08,3e-05,2,outer_right_preconditioned_fgmres,MR,host-driven distributed BiCGStab,False,QUDA_GCR_INVERTER,"QUDA_MR_INVERTER,QUDA_MR_INVERTER,QUDA_MR_INVERTER","QUDA_GCR_INVERTER,QUDA_GCR_INVERTER,QUDA_CA_GCR_INVERTER",False,,False,double,"QUDA_BOOLEAN_FALSE,QUDA_BOOLEAN_FALSE","QUDA_BOOLEAN_FALSE,QUDA_BOOLEAN_FALSE","QUDA_BOOLEAN_FALSE,QUDA_BOOLEAN_FALSE"
p100__8x8x8x16__c64__l2__trace-off,p100,c64,8x8x8x16,2,off,2x2x2x2,12,24,1,1,16,1e-06,0.003,2,outer_right_preconditioned_fgmres,MR,host-driven distributed BiCGStab,False,QUDA_GCR_INVERTER,"QUDA_MR_INVERTER,QUDA_MR_INVERTER","QUDA_GCR_INVERTER,QUDA_CA_GCR_INVERTER",False,,False,single,QUDA_BOOLEAN_FALSE,QUDA_BOOLEAN_FALSE,QUDA_BOOLEAN_FALSE
p100__8x8x8x16__c64__l2__trace-on,p100,c64,8x8x8x16,2,on,2x2x2x2,12,24,1,1,16,1e-06,0.003,2,outer_right_preconditioned_fgmres,MR,host-driven distributed BiCGStab,False,QUDA_GCR_INVERTER,"QUDA_MR_INVERTER,QUDA_MR_INVERTER","QUDA_GCR_INVERTER,QUDA_CA_GCR_INVERTER",False,,False,single,QUDA_BOOLEAN_FALSE,QUDA_BOOLEAN_FALSE,QUDA_BOOLEAN_FALSE
p100__8x8x8x16__c64__l3__trace-off,p100,c64,8x8x8x16,3,off,2x2x2x2,12,24,1,1,16,1e-06,0.003,2,outer_right_preconditioned_fgmres,MR,host-driven distributed BiCGStab,False,QUDA_GCR_INVERTER,"QUDA_MR_INVERTER,QUDA_MR_INVERTER,QUDA_MR_INVERTER","QUDA_GCR_INVERTER,QUDA_GCR_INVERTER,QUDA_CA_GCR_INVERTER",False,,False,single,"QUDA_BOOLEAN_FALSE,QUDA_BOOLEAN_FALSE","QUDA_BOOLEAN_FALSE,QUDA_BOOLEAN_FALSE","QUDA_BOOLEAN_FALSE,QUDA_BOOLEAN_FALSE"
p100__8x8x8x16__c64__l3__trace-on,p100,c64,8x8x8x16,3,on,2x2x2x2,12,24,1,1,16,1e-06,0.003,2,outer_right_preconditioned_fgmres,MR,host-driven distributed BiCGStab,False,QUDA_GCR_INVERTER,"QUDA_MR_INVERTER,QUDA_MR_INVERTER,QUDA_MR_INVERTER","QUDA_GCR_INVERTER,QUDA_GCR_INVERTER,QUDA_CA_GCR_INVERTER",False,,False,single,"QUDA_BOOLEAN_FALSE,QUDA_BOOLEAN_FALSE","QUDA_BOOLEAN_FALSE,QUDA_BOOLEAN_FALSE","QUDA_BOOLEAN_FALSE,QUDA_BOOLEAN_FALSE"
v100__16x16x16x16__c128__l2__trace-off,v100,c128,16x16x16x16,2,off,2x2x2x2,12,24,1,1,16,1e-08,3e-05,1,outer_right_preconditioned_fgmres,MR,fused cooperative BiCGStab (candidate),False,QUDA_GCR_INVERTER,"QUDA_MR_INVERTER,QUDA_MR_INVERTER","QUDA_GCR_INVERTER,QUDA_CA_GCR_INVERTER",False,,False,double,QUDA_BOOLEAN_FALSE,QUDA_BOOLEAN_FALSE,QUDA_BOOLEAN_FALSE
v100__16x16x16x16__c128__l2__trace-on,v100,c128,16x16x16x16,2,on,2x2x2x2,12,24,1,1,16,1e-08,3e-05,1,outer_right_preconditioned_fgmres,MR,fused cooperative BiCGStab (candidate),False,QUDA_GCR_INVERTER,"QUDA_MR_INVERTER,QUDA_MR_INVERTER","QUDA_GCR_INVERTER,QUDA_CA_GCR_INVERTER",False,,False,double,QUDA_BOOLEAN_FALSE,QUDA_BOOLEAN_FALSE,QUDA_BOOLEAN_FALSE
v100__16x16x16x16__c128__l3__trace-off,v100,c128,16x16x16x16,3,off,2x2x2x2,12,24,1,1,16,1e-08,3e-05,1,outer_right_preconditioned_fgmres,MR,fused cooperative BiCGStab (candidate),False,QUDA_GCR_INVERTER,"QUDA_MR_INVERTER,QUDA_MR_INVERTER,QUDA_MR_INVERTER","QUDA_GCR_INVERTER,QUDA_GCR_INVERTER,QUDA_CA_GCR_INVERTER",False,,False,double,"QUDA_BOOLEAN_FALSE,QUDA_BOOLEAN_FALSE","QUDA_BOOLEAN_FALSE,QUDA_BOOLEAN_FALSE","QUDA_BOOLEAN_FALSE,QUDA_BOOLEAN_FALSE"
v100__16x16x16x16__c128__l3__trace-on,v100,c128,16x16x16x16,3,on,2x2x2x2,12,24,1,1,16,1e-08,3e-05,1,outer_right_preconditioned_fgmres,MR,fused cooperative BiCGStab (candidate),False,QUDA_GCR_INVERTER,"QUDA_MR_INVERTER,QUDA_MR_INVERTER,QUDA_MR_INVERTER","QUDA_GCR_INVERTER,QUDA_GCR_INVERTER,QUDA_CA_GCR_INVERTER",False,,False,double,"QUDA_BOOLEAN_FALSE,QUDA_BOOLEAN_FALSE","QUDA_BOOLEAN_FALSE,QUDA_BOOLEAN_FALSE","QUDA_BOOLEAN_FALSE,QUDA_BOOLEAN_FALSE"
v100__16x16x16x16__c64__l2__trace-off,v100,c64,16x16x16x16,2,off,2x2x2x2,12,24,1,1,16,1e-06,0.003,1,outer_right_preconditioned_fgmres,MR,fused cooperative BiCGStab (candidate),False,QUDA_GCR_INVERTER,"QUDA_MR_INVERTER,QUDA_MR_INVERTER","QUDA_GCR_INVERTER,QUDA_CA_GCR_INVERTER",False,,False,single,QUDA_BOOLEAN_FALSE,QUDA_BOOLEAN_FALSE,QUDA_BOOLEAN_FALSE
v100__16x16x16x16__c64__l2__trace-on,v100,c64,16x16x16x16,2,on,2x2x2x2,12,24,1,1,16,1e-06,0.003,1,outer_right_preconditioned_fgmres,MR,fused cooperative BiCGStab (candidate),False,QUDA_GCR_INVERTER,"QUDA_MR_INVERTER,QUDA_MR_INVERTER","QUDA_GCR_INVERTER,QUDA_CA_GCR_INVERTER",False,,False,single,QUDA_BOOLEAN_FALSE,QUDA_BOOLEAN_FALSE,QUDA_BOOLEAN_FALSE
v100__16x16x16x16__c64__l3__trace-off,v100,c64,16x16x16x16,3,off,2x2x2x2,12,24,1,1,16,1e-06,0.003,1,outer_right_preconditioned_fgmres,MR,fused cooperative BiCGStab (candidate),False,QUDA_GCR_INVERTER,"QUDA_MR_INVERTER,QUDA_MR_INVERTER,QUDA_MR_INVERTER","QUDA_GCR_INVERTER,QUDA_GCR_INVERTER,QUDA_CA_GCR_INVERTER",False,,False,single,"QUDA_BOOLEAN_FALSE,QUDA_BOOLEAN_FALSE","QUDA_BOOLEAN_FALSE,QUDA_BOOLEAN_FALSE","QUDA_BOOLEAN_FALSE,QUDA_BOOLEAN_FALSE"
v100__16x16x16x16__c64__l3__trace-on,v100,c64,16x16x16x16,3,on,2x2x2x2,12,24,1,1,16,1e-06,0.003,1,outer_right_preconditioned_fgmres,MR,fused cooperative BiCGStab (candidate),False,QUDA_GCR_INVERTER,"QUDA_MR_INVERTER,QUDA_MR_INVERTER,QUDA_MR_INVERTER","QUDA_GCR_INVERTER,QUDA_GCR_INVERTER,QUDA_CA_GCR_INVERTER",False,,False,single,"QUDA_BOOLEAN_FALSE,QUDA_BOOLEAN_FALSE","QUDA_BOOLEAN_FALSE,QUDA_BOOLEAN_FALSE","QUDA_BOOLEAN_FALSE,QUDA_BOOLEAN_FALSE"
v100__16x16x32x32__c128__l2__trace-off,v100,c128,16x16x32x32,2,off,2x2x2x2,12,24,1,1,16,1e-08,3e-05,1,outer_right_preconditioned_fgmres,MR,fused cooperative BiCGStab (candidate),False,QUDA_GCR_INVERTER,"QUDA_MR_INVERTER,QUDA_MR_INVERTER","QUDA_GCR_INVERTER,QUDA_CA_GCR_INVERTER",False,,False,double,QUDA_BOOLEAN_FALSE,QUDA_BOOLEAN_FALSE,QUDA_BOOLEAN_FALSE
v100__16x16x32x32__c128__l2__trace-on,v100,c128,16x16x32x32,2,on,2x2x2x2,12,24,1,1,16,1e-08,3e-05,1,outer_right_preconditioned_fgmres,MR,fused cooperative BiCGStab (candidate),False,QUDA_GCR_INVERTER,"QUDA_MR_INVERTER,QUDA_MR_INVERTER","QUDA_GCR_INVERTER,QUDA_CA_GCR_INVERTER",False,,False,double,QUDA_BOOLEAN_FALSE,QUDA_BOOLEAN_FALSE,QUDA_BOOLEAN_FALSE
v100__16x16x32x32__c128__l3__trace-off,v100,c128,16x16x32x32,3,off,2x2x2x2,12,24,1,1,16,1e-08,3e-05,1,outer_right_preconditioned_fgmres,MR,fused cooperative BiCGStab (candidate),False,QUDA_GCR_INVERTER,"QUDA_MR_INVERTER,QUDA_MR_INVERTER,QUDA_MR_INVERTER","QUDA_GCR_INVERTER,QUDA_GCR_INVERTER,QUDA_CA_GCR_INVERTER",False,,False,double,"QUDA_BOOLEAN_FALSE,QUDA_BOOLEAN_FALSE","QUDA_BOOLEAN_FALSE,QUDA_BOOLEAN_FALSE","QUDA_BOOLEAN_FALSE,QUDA_BOOLEAN_FALSE"
v100__16x16x32x32__c128__l3__trace-on,v100,c128,16x16x32x32,3,on,2x2x2x2,12,24,1,1,16,1e-08,3e-05,1,outer_right_preconditioned_fgmres,MR,fused cooperative BiCGStab (candidate),False,QUDA_GCR_INVERTER,"QUDA_MR_INVERTER,QUDA_MR_INVERTER,QUDA_MR_INVERTER","QUDA_GCR_INVERTER,QUDA_GCR_INVERTER,QUDA_CA_GCR_INVERTER",False,,False,double,"QUDA_BOOLEAN_FALSE,QUDA_BOOLEAN_FALSE","QUDA_BOOLEAN_FALSE,QUDA_BOOLEAN_FALSE","QUDA_BOOLEAN_FALSE,QUDA_BOOLEAN_FALSE"
v100__16x32x32x48__c64__l2__trace-off,v100,c64,16x32x32x48,2,off,2x2x2x2,12,24,1,1,4,1e-06,0.003,1,outer_right_preconditioned_fgmres,MR,fused cooperative BiCGStab (candidate),False,QUDA_GCR_INVERTER,"QUDA_MR_INVERTER,QUDA_MR_INVERTER","QUDA_GCR_INVERTER,QUDA_CA_GCR_INVERTER",False,,False,single,QUDA_BOOLEAN_FALSE,QUDA_BOOLEAN_FALSE,QUDA_BOOLEAN_FALSE
v100__16x32x32x48__c64__l2__trace-on,v100,c64,16x32x32x48,2,on,2x2x2x2,12,24,1,1,4,1e-06,0.003,1,outer_right_preconditioned_fgmres,MR,fused cooperative BiCGStab (candidate),False,QUDA_GCR_INVERTER,"QUDA_MR_INVERTER,QUDA_MR_INVERTER","QUDA_GCR_INVERTER,QUDA_CA_GCR_INVERTER",False,,False,single,QUDA_BOOLEAN_FALSE,QUDA_BOOLEAN_FALSE,QUDA_BOOLEAN_FALSE
v100__16x32x32x48__c64__l3__trace-off,v100,c64,16x32x32x48,3,off,2x2x2x2,12,24,1,1,4,1e-06,0.003,1,outer_right_preconditioned_fgmres,MR,fused cooperative BiCGStab (candidate),False,QUDA_GCR_INVERTER,"QUDA_MR_INVERTER,QUDA_MR_INVERTER,QUDA_MR_INVERTER","QUDA_GCR_INVERTER,QUDA_GCR_INVERTER,QUDA_CA_GCR_INVERTER",False,,False,single,"QUDA_BOOLEAN_FALSE,QUDA_BOOLEAN_FALSE","QUDA_BOOLEAN_FALSE,QUDA_BOOLEAN_FALSE","QUDA_BOOLEAN_FALSE,QUDA_BOOLEAN_FALSE"
v100__16x32x32x48__c64__l3__trace-on,v100,c64,16x32x32x48,3,on,2x2x2x2,12,24,1,1,4,1e-06,0.003,1,outer_right_preconditioned_fgmres,MR,fused cooperative BiCGStab (candidate),False,QUDA_GCR_INVERTER,"QUDA_MR_INVERTER,QUDA_MR_INVERTER,QUDA_MR_INVERTER","QUDA_GCR_INVERTER,QUDA_GCR_INVERTER,QUDA_CA_GCR_INVERTER",False,,False,single,"QUDA_BOOLEAN_FALSE,QUDA_BOOLEAN_FALSE","QUDA_BOOLEAN_FALSE,QUDA_BOOLEAN_FALSE","QUDA_BOOLEAN_FALSE,QUDA_BOOLEAN_FALSE"
v100__8x8x8x16__c128__l2__trace-off,v100,c128,8x8x8x16,2,off,2x2x2x2,12,24,1,1,16,1e-08,3e-05,1,outer_right_preconditioned_fgmres,MR,fused cooperative BiCGStab (candidate),False,QUDA_GCR_INVERTER,"QUDA_MR_INVERTER,QUDA_MR_INVERTER","QUDA_GCR_INVERTER,QUDA_CA_GCR_INVERTER",False,,False,double,QUDA_BOOLEAN_FALSE,QUDA_BOOLEAN_FALSE,QUDA_BOOLEAN_FALSE
v100__8x8x8x16__c128__l2__trace-on,v100,c128,8x8x8x16,2,on,2x2x2x2,12,24,1,1,16,1e-08,3e-05,1,outer_right_preconditioned_fgmres,MR,fused cooperative BiCGStab (candidate),False,QUDA_GCR_INVERTER,"QUDA_MR_INVERTER,QUDA_MR_INVERTER","QUDA_GCR_INVERTER,QUDA_CA_GCR_INVERTER",False,,False,double,QUDA_BOOLEAN_FALSE,QUDA_BOOLEAN_FALSE,QUDA_BOOLEAN_FALSE
v100__8x8x8x16__c128__l3__trace-off,v100,c128,8x8x8x16,3,off,2x2x2x2,12,24,1,1,16,1e-08,3e-05,1,outer_right_preconditioned_fgmres,MR,fused cooperative BiCGStab (candidate),False,QUDA_GCR_INVERTER,"QUDA_MR_INVERTER,QUDA_MR_INVERTER,QUDA_MR_INVERTER","QUDA_GCR_INVERTER,QUDA_GCR_INVERTER,QUDA_CA_GCR_INVERTER",False,,False,double,"QUDA_BOOLEAN_FALSE,QUDA_BOOLEAN_FALSE","QUDA_BOOLEAN_FALSE,QUDA_BOOLEAN_FALSE","QUDA_BOOLEAN_FALSE,QUDA_BOOLEAN_FALSE"
v100__8x8x8x16__c128__l3__trace-on,v100,c128,8x8x8x16,3,on,2x2x2x2,12,24,1,1,16,1e-08,3e-05,1,outer_right_preconditioned_fgmres,MR,fused cooperative BiCGStab (candidate),False,QUDA_GCR_INVERTER,"QUDA_MR_INVERTER,QUDA_MR_INVERTER,QUDA_MR_INVERTER","QUDA_GCR_INVERTER,QUDA_GCR_INVERTER,QUDA_CA_GCR_INVERTER",False,,False,double,"QUDA_BOOLEAN_FALSE,QUDA_BOOLEAN_FALSE","QUDA_BOOLEAN_FALSE,QUDA_BOOLEAN_FALSE","QUDA_BOOLEAN_FALSE,QUDA_BOOLEAN_FALSE"
v100__8x8x8x16__c64__l2__trace-off,v100,c64,8x8x8x16,2,off,2x2x2x2,12,24,1,1,16,1e-06,0.003,1,outer_right_preconditioned_fgmres,MR,fused cooperative BiCGStab (candidate),False,QUDA_GCR_INVERTER,"QUDA_MR_INVERTER,QUDA_MR_INVERTER","QUDA_GCR_INVERTER,QUDA_CA_GCR_INVERTER",False,,False,single,QUDA_BOOLEAN_FALSE,QUDA_BOOLEAN_FALSE,QUDA_BOOLEAN_FALSE
v100__8x8x8x16__c64__l2__trace-on,v100,c64,8x8x8x16,2,on,2x2x2x2,12,24,1,1,16,1e-06,0.003,1,outer_right_preconditioned_fgmres,MR,fused cooperative BiCGStab (candidate),False,QUDA_GCR_INVERTER,"QUDA_MR_INVERTER,QUDA_MR_INVERTER","QUDA_GCR_INVERTER,QUDA_CA_GCR_INVERTER",False,,False,single,QUDA_BOOLEAN_FALSE,QUDA_BOOLEAN_FALSE,QUDA_BOOLEAN_FALSE
v100__8x8x8x16__c64__l3__trace-off,v100,c64,8x8x8x16,3,off,2x2x2x2,12,24,1,1,16,1e-06,0.003,1,outer_right_preconditioned_fgmres,MR,fused cooperative BiCGStab (candidate),False,QUDA_GCR_INVERTER,"QUDA_MR_INVERTER,QUDA_MR_INVERTER,QUDA_MR_INVERTER","QUDA_GCR_INVERTER,QUDA_GCR_INVERTER,QUDA_CA_GCR_INVERTER",False,,False,single,"QUDA_BOOLEAN_FALSE,QUDA_BOOLEAN_FALSE","QUDA_BOOLEAN_FALSE,QUDA_BOOLEAN_FALSE","QUDA_BOOLEAN_FALSE,QUDA_BOOLEAN_FALSE"
v100__8x8x8x16__c64__l3__trace-on,v100,c64,8x8x8x16,3,on,2x2x2x2,12,24,1,1,16,1e-06,0.003,1,outer_right_preconditioned_fgmres,MR,fused cooperative BiCGStab (candidate),False,QUDA_GCR_INVERTER,"QUDA_MR_INVERTER,QUDA_MR_INVERTER,QUDA_MR_INVERTER","QUDA_GCR_INVERTER,QUDA_GCR_INVERTER,QUDA_CA_GCR_INVERTER",False,,False,single,"QUDA_BOOLEAN_FALSE,QUDA_BOOLEAN_FALSE","QUDA_BOOLEAN_FALSE,QUDA_BOOLEAN_FALSE","QUDA_BOOLEAN_FALSE,QUDA_BOOLEAN_FALSE"
