device,precision,solver,trace,samples,median_ratio,min_ratio,max_ratio,wins,losses,pyqcu_median_seconds,quda_median_seconds,pyqcu_median_iterations,quda_median_iterations,median_iteration_ratio,median_per_iteration_cost_ratio
p100,c128,bicgstab,off,3,0.2283905765621428,0.22438328964154716,0.43343163678647056,0,3,3.8956328940112144,0.8741149239940569,129.0,93.0,0.7132867132867133,0.35735116498468616
p100,c128,bicgstab,on,3,0.2399654030660291,0.2386153994377534,0.43831262743917787,0,3,3.766847835999215,0.8988279010081897,129.0,93.0,0.7132867132867133,0.3800171176230887
p100,c128,mg-2,off,3,1.2501929262131308,1.0349051716079556,1.2725205854219734,3,0,6.410288466999191,6.634040685996297,40.0,85.0,2.125,0.4870141984037438
p100,c128,mg-2,on,3,1.0420202940423955,0.8119678987930387,1.1715561915574602,2,1,8.68550662099733,7.052352561004227,40.0,85.0,2.125,0.38210254060848875
p100,c128,mg-3,off,3,1.151687886141412,1.10608830076658,1.4436014498284782,3,0,4.687589163004304,5.184887531999266,45.0,87.0,1.934782608695652,0.5721146383275413
p100,c128,mg-3,on,3,0.884284504668704,0.6830938761036239,0.9181342869133617,0,3,8.364123612991534,5.713481619008235,45.0,87.0,1.934782608695652,0.35332441867428827
p100,c64,bicgstab,off,2,0.3415671409407854,0.2402701702017845,0.44286411167978623,0,2,1.1778986650097067,0.40476216800743714,89.5,65.5,0.7317103620474407,0.4718190323214501
p100,c64,bicgstab,on,2,0.23683906918240588,0.23326976357438514,0.24040837479042665,0,2,1.6940611585014267,0.4030674970053951,89.5,65.5,0.7317103620474407,0.3241819612159694
p100,c64,mg-2,off,2,1.7772871379544648,1.4304664402288578,2.1241078356800718,2,0,1.0548187304957537,1.9949623344946303,19.5,45.0,2.7444444444444445,0.750497576522719
p100,c64,mg-2,on,2,0.9340735175107063,0.8530999076561359,1.0150471273652768,1,1,2.449911013995006,2.166424722010561,19.5,45.0,2.7444444444444445,0.36337028874853583
p100,c64,mg-3,off,2,1.794432860554942,1.275823748425977,2.313041972683907,2,0,1.0730418160019326,2.0570170120045077,21.0,45.5,2.521875,0.826613080402449
p100,c64,mg-3,on,2,0.8281726793636945,0.745598210518291,0.9107471482090981,0,2,2.893560714001069,2.2632269704990904,21.0,45.5,2.521875,0.34450036679398777
v100,c128,bicgstab,off,3,0.25798255383108154,0.2463463537665065,0.3572507472074641,0,3,0.55208183999639,0.1462736679968657,129.0,93.0,0.7132867132867133,0.4108611042495003
v100,c128,bicgstab,on,3,0.23965264648025192,0.22423149829183614,0.2997792461293454,0,3,0.6500300810002955,0.14575721899745986,129.0,93.0,0.7132867132867133,0.3571094232055168
v100,c128,mg-2,off,3,2.0268624408075184,0.5401250026018388,7.558612526331932,2,1,0.7209439430007478,1.4612541999958921,40.0,85.0,2.125,0.953817619203538
v100,c128,mg-2,on,3,1.4514670255854547,1.0123595905294718,4.971934165391179,3,0,1.0853517560026376,1.5753522849990986,40.0,85.0,2.125,0.6830433061578611
v100,c128,mg-3,off,3,3.217399032276817,1.844702596906721,14.634035284433528,3,0,0.43638855700555723,1.5251878840063,44.0,87.0,1.9772727272727273,1.6271903151744824
v100,c128,mg-3,on,3,1.382184232285961,0.9966025519366775,4.29914685153089,2,1,1.1726829919934971,1.6208639410033356,44.0,87.0,1.9772727272727273,0.6990357036848539
v100,c64,bicgstab,off,3,0.28179048345094165,0.23545021580274195,0.3288423934898729,0,3,0.2416149479977321,0.06808479300525505,91.0,68.0,0.7,0.4025578335013453
v100,c64,bicgstab,on,3,0.3213260296585318,0.17657286126727562,0.4101521399215071,0,3,0.25000403200101573,0.08359112701145932,91.0,68.0,0.7,0.45903718522647396
v100,c64,mg-2,off,3,2.5717309558009487,1.3999042773314632,7.116058819784412,3,0,0.20383330799813848,0.5242044280021219,11.0,37.0,3.3636363636363638,1.3302056667935942
v100,c64,mg-2,on,3,1.6785347133232564,1.0387053190797484,3.6402885915097793,3,0,0.38347481400705874,0.6436757869960275,11.0,37.0,3.3636363636363638,0.8682076103396154
v100,c64,mg-3,off,3,4.736593084203425,2.028413408522816,8.13911495252566,3,0,0.1509476729988819,0.714977704003104,14.0,39.0,2.7857142857142856,2.4887184001746805
v100,c64,mg-3,on,3,1.7444363298937782,1.2601757603215413,4.187790819698393,3,0,0.5281142110034125,0.9212616160075413,14.0,39.0,2.7857142857142856,0.9165682411306292
