unit_id,device,precision,lattice,levels,solver,trace,pyqcu_steady_seconds,quda_steady_seconds,ratio_quda_over_pyqcu,pyqcu_outer_iterations,quda_outer_iterations,iteration_ratio_quda_over_pyqcu,per_iteration_cost_ratio_quda_over_pyqcu,pyqcu_setup_seconds,quda_setup_seconds,setup_ratio_quda_over_pyqcu,pyqcu_true_residual_max,quda_true_residual_max,pyqcu_steady_sampler_peak_bytes,quda_steady_sampler_peak_bytes,pyqcu_asset_resident_bytes,pyqcu_fused_workspace_bytes
p100__16x16x16x16__c128__l1__trace-off,p100,c128,16x16x16x16,1,bicgstab,off,3.8956328940112144,0.8741149239940569,0.22438328964154716,129.0,81.0,0.627906976744186,0.35735116498468616,nan,nan,nan,1.6782189572295156e-08,1.8334761338720516e-08,3303931904.0,3985506304.0,339738624.0,117964800.0
p100__16x16x16x16__c128__l1__trace-on,p100,c128,16x16x16x16,1,bicgstab,on,3.766847835999215,0.8988279010081897,0.2386153994377534,129.0,81.0,0.627906976744186,0.3800171176230887,nan,nan,nan,1.6782189572295156e-08,1.8334761338720516e-08,3303931904.0,3985506304.0,339738624.0,117964800.0
p100__16x16x16x16__c128__l2__trace-off,p100,c128,16x16x16x16,2,mg-2,off,6.410288466999191,6.634040685996297,1.0349051716079556,40.0,85.0,2.125,0.4870141984037438,2.9951704739942215,1.8107070510013727,0.6045422344814642,1.846963334178775e-08,1.8177733788241747e-08,3303931904.0,3985506304.0,339738624.0,117964800.0
p100__16x16x16x16__c128__l2__trace-on,p100,c128,16x16x16x16,2,mg-2,on,8.68550662099733,7.052352561004227,0.8119678987930387,40.0,85.0,2.125,0.38210254060848875,3.007970361999469,1.730441065999912,0.5752852780270239,1.8306777357451694e-08,1.8177733788242167e-08,3303931904.0,3985506304.0,339738624.0,117964800.0
p100__16x16x16x16__c128__l3__trace-off,p100,c128,16x16x16x16,3,mg-3,off,4.687589163004304,5.184887531999266,1.10608830076658,45.0,87.0,1.9333333333333333,0.5721146383275413,3.189061971002957,1.738280832010787,0.5450759025118911,1.7935562151049118e-08,1.8303539259850377e-08,3329097728.0,3515744256.0,370409472.0,117964800.0
p100__16x16x16x16__c128__l3__trace-on,p100,c128,16x16x16x16,3,mg-3,on,8.364123612991534,5.713481619008235,0.6830938761036239,45.0,87.0,1.9333333333333333,0.35332441867428827,3.2040125239873305,1.7467793150135549,0.5451849210750657,1.852278802293356e-08,1.8303539260326535e-08,3329097728.0,3515744256.0,370409472.0,117964800.0
p100__16x16x16x16__c64__l1__trace-off,p100,c64,16x16x16x16,1,bicgstab,off,1.2018943350121845,0.5322758670081384,0.44286411167978623,89.0,63.0,0.7078651685393258,0.6256334276111266,nan,nan,nan,3.345283812830738e-07,6.974590243719273e-07,2238578688.0,2756575232.0,169869312.0,58982400.0
p100__16x16x16x16__c64__l1__trace-on,p100,c64,16x16x16x16,1,bicgstab,on,2.2117050060041947,0.5317124060093192,0.24040837479042665,89.0,63.0,0.7078651685393258,0.3396245294658408,nan,nan,nan,3.345283812830738e-07,6.974590243719273e-07,2238578688.0,2756575232.0,169869312.0,58982400.0
p100__16x16x16x16__c64__l2__trace-off,p100,c64,16x16x16x16,2,mg-2,off,1.4015297909936635,2.977000410988694,2.1241078356800718,30.0,58.0,1.9333333333333333,1.0986764667310718,1.5463295689987717,27.438425511005335,17.744228695549914,4.76606683742405e-07,6.907023333774271e-07,2238578688.0,2756575232.0,169869312.0,58982400.0
p100__16x16x16x16__c64__l2__trace-on,p100,c64,16x16x16x16,2,mg-2,on,3.9562323529971763,3.375061455008108,0.8530999076561359,30.0,58.0,1.9333333333333333,0.4412585729255875,1.8158794449991547,55.12531098398904,30.35736272900798,4.755404974044009e-07,6.908491808772395e-07,2238578688.0,2756575232.0,169869312.0,58982400.0
p100__16x16x16x16__c64__l3__trace-off,p100,c64,16x16x16x16,3,mg-3,off,1.326634576995275,3.0685614590038313,2.313041972683907,32.0,59.0,1.84375,1.25453123942178,1.6423361540073529,53.3808721749956,32.50301227598538,7.146340796080394e-07,7.033660601943667e-07,2238578688.0,2511208448.0,185204736.0,58982400.0
p100__16x16x16x16__c64__l3__trace-on,p100,c64,16x16x16x16,3,mg-3,on,4.50593510500039,3.3596171509998385,0.745598210518291,32.0,59.0,1.84375,0.40439224977263244,1.8885679460072424,52.46775520799565,27.781767300944356,5.680241735385428e-07,7.034753756254157e-07,2238578688.0,2511208448.0,185204736.0,58982400.0
p100__16x16x32x32__c128__l1__trace-off,p100,c128,16x16x32x32,1,bicgstab,off,7.605618834000779,3.2965158199949656,0.43343163678647056,143.0,102.0,0.7132867132867133,0.6076541574555421,nan,nan,nan,1.676727436827923e-08,1.7794279593179502e-08,7508721664.0,11621236736.0,1358954496.0,471859200.0
p100__16x16x32x32__c128__l1__trace-on,p100,c128,16x16x32x32,1,bicgstab,on,7.60609400300018,3.333847047004383,0.43831262743917787,143.0,102.0,0.7132867132867133,0.6144971149392395,nan,nan,nan,1.676727436827923e-08,1.7794279593179502e-08,7508721664.0,11621236736.0,1358954496.0,471859200.0
p100__16x16x32x32__c128__l2__trace-off,p100,c128,16x16x32x32,2,mg-2,off,18.00723694100452,22.914579693999258,1.2725205854219734,41.0,85.0,2.073170731707317,0.6138040470858931,9.347459835000336,4.716982536003343,0.5046272056009506,1.8531716908343196e-08,1.8282242606198722e-08,7508721664.0,11621236736.0,1358954496.0,471859200.0
p100__16x16x32x32__c128__l2__trace-on,p100,c128,16x16x32x32,2,mg-2,on,22.311795178000466,23.249343371993746,1.0420202940423955,41.0,85.0,2.073170731707317,0.5026215535969202,9.211113147001015,4.711672774006729,0.5115204534796939,1.8491778275116324e-08,1.828224260613031e-08,7508721664.0,11621236736.0,1358954496.0,471859200.0
p100__16x16x32x32__c128__l3__trace-off,p100,c128,16x16x32x32,3,mg-3,off,10.326357375000953,14.907144477998372,1.4436014498284782,46.0,89.0,1.934782608695652,0.7461310864282021,9.801196419997723,4.321773887000745,0.4409435034056535,1.833408214108695e-08,1.830996989290418e-08,7663910912.0,9891086336.0,1481637888.0,471859200.0
p100__16x16x32x32__c128__l3__trace-on,p100,c128,16x16x32x32,3,mg-3,on,17.502462372998707,15.477156269989791,0.884284504668704,46.0,89.0,1.934782608695652,0.4570459237613526,9.79782079900906,4.405304564003018,0.4496208549199599,1.827443770473066e-08,1.8309969892926916e-08,7663910912.0,9891086336.0,1481637888.0,471859200.0
p100__8x8x8x16__c128__l1__trace-off,p100,c128,8x8x8x16,1,bicgstab,off,2.919802485004766,0.6668553729978157,0.2283905765621428,123.0,93.0,0.7560975609756098,0.30206495609831785,nan,nan,nan,1.727475711483899e-08,1.8037317946207714e-08,2062417920.0,1718484992.0,42467328.0,14745600.0
p100__8x8x8x16__c128__l1__trace-on,p100,c128,8x8x8x16,1,bicgstab,on,2.9199315320001915,0.7006825470016338,0.2399654030660291,123.0,93.0,0.7560975609756098,0.31737359760345785,nan,nan,nan,1.727475711483899e-08,1.8037317946207714e-08,2062417920.0,1718484992.0,42467328.0,14745600.0
p100__8x8x8x16__c128__l2__trace-off,p100,c128,8x8x8x16,2,mg-2,off,4.502645058993949,5.629175002002739,1.2501929262131308,14.0,45.0,3.2142857142857144,0.3889489103774184,1.062566930995672,0.9268762610008707,0.8722991784925462,1.8819248082458453e-08,1.8930485013884333e-08,2062417920.0,1718484992.0,42467328.0,14745600.0
p100__8x8x8x16__c128__l2__trace-on,p100,c128,8x8x8x16,2,mg-2,on,4.915377983998042,5.758641510998132,1.1715561915574602,13.0,45.0,3.4615384615384617,0.33844956644993296,1.0704645110090496,1.0334092150005745,0.9653839098565297,1.8136759145564503e-08,1.8930485013689403e-08,2062417920.0,1718484992.0,42467328.0,14745600.0
p100__8x8x8x16__c128__l3__trace-off,p100,c128,8x8x8x16,3,mg-3,off,3.599976787008927,4.146049655988463,1.151687886141412,15.0,45.0,3.0,0.38389596204713733,1.0612821899994742,0.9352100729884114,0.8812077332503571,1.848576694053816e-08,1.890054108130341e-08,2083389440.0,1659764736.0,47775744.0,14745600.0
p100__8x8x8x16__c128__l3__trace-on,p100,c128,8x8x8x16,3,mg-3,on,4.847516487992834,4.450671094004065,0.9181342869133617,16.0,45.0,2.8125,0.32644774645808416,1.0813373069977388,0.9133775380032603,0.844674027329356,1.8559839515437565e-08,1.8900541079449117e-08,2083389440.0,1659764736.0,47775744.0,14745600.0
p100__8x8x8x16__c64__l1__trace-off,p100,c64,8x8x8x16,1,bicgstab,off,1.153902995007229,0.27724846900673583,0.2402701702017845,90.0,68.0,0.7555555555555555,0.3180046370317736,nan,nan,nan,3.7775181904828944e-07,4.6737457461390857e-07,1626210304.0,1546518528.0,21233664.0,7372800.0
p100__8x8x8x16__c64__l1__trace-on,p100,c64,8x8x8x16,1,bicgstab,on,1.1764173109986586,0.274422588001471,0.23326976357438514,90.0,68.0,0.7555555555555555,0.308739392966098,nan,nan,nan,3.7775181904828944e-07,4.6737457461390857e-07,1626210304.0,1546518528.0,21233664.0,7372800.0
p100__8x8x8x16__c64__l2__trace-off,p100,c64,8x8x8x16,2,mg-2,off,0.7081076699978439,1.0129242580005666,1.4304664402288578,9.0,32.0,3.5555555555555554,0.40231868631436624,1.1930068110086722,8.8319102020032,7.403067711353577,7.302620089319772e-07,7.966061556106077e-07,1626210304.0,1546518528.0,21233664.0,7372800.0
p100__8x8x8x16__c64__l2__trace-on,p100,c64,8x8x8x16,2,mg-2,on,0.9435896749928361,0.9577879890130134,1.0150471273652768,9.0,32.0,3.5555555555555554,0.2854820045714841,0.879079760008608,9.046503400008078,10.29087895268968,7.401597882244319e-07,7.967820897371194e-07,1626210304.0,1546518528.0,21233664.0,7372800.0
p100__8x8x8x16__c64__l3__trace-off,p100,c64,8x8x8x16,3,mg-3,off,0.8194490550085902,1.0454725650051842,1.275823748425977,10.0,32.0,3.2,0.3986949213831178,0.8332586499891477,12.001292182001635,14.402841401235905,7.31626890296355e-07,7.870801949072523e-07,1647181824.0,1523449856.0,23887872.0,7372800.0
p100__8x8x8x16__c64__l3__trace-on,p100,c64,8x8x8x16,3,mg-3,on,1.281186323001748,1.1668367899983423,0.9107471482090981,10.0,32.0,3.2,0.28460848381534315,0.7207188150059665,12.305942987994058,17.0745410439884,7.22199289389467e-07,7.869855468012175e-07,1647181824.0,1523449856.0,23887872.0,7372800.0
v100__16x16x16x16__c128__l1__trace-off,v100,c128,16x16x16x16,1,bicgstab,off,0.55208183999639,0.14242748300603125,0.25798255383108154,129.0,81.0,0.627906976744186,0.4108611042495003,nan,nan,nan,1.6782179532707867e-08,1.8334761337857784e-08,4199878656.0,5481238528.0,679477248.0,235929600.0
v100__16x16x16x16__c128__l1__trace-on,v100,c128,16x16x16x16,1,bicgstab,on,0.6500300810002955,0.14575721899745986,0.22423149829183614,129.0,81.0,0.627906976744186,0.3571094232055168,nan,nan,nan,1.6782179532707867e-08,1.8334761337857784e-08,4199878656.0,5481238528.0,679477248.0,235929600.0
v100__16x16x16x16__c128__l2__trace-off,v100,c128,16x16x16x16,2,mg-2,off,0.7209439430007478,1.4612541999958921,2.0268624408075184,40.0,85.0,2.125,0.953817619203538,3.1020183299988275,1.3121286050009076,0.42299189283043453,1.787849433029457e-08,1.8177733788006295e-08,4199878656.0,5481238528.0,679477248.0,235929600.0
v100__16x16x16x16__c128__l2__trace-on,v100,c128,16x16x16x16,2,mg-2,on,1.0853517560026376,1.5753522849990986,1.4514670255854547,40.0,85.0,2.125,0.6830433061578611,3.043650200997945,1.2687809449998895,0.4168616172068277,1.787849433029457e-08,1.8177733787639232e-08,4199878656.0,5481238528.0,679477248.0,235929600.0
v100__16x16x16x16__c128__l3__trace-off,v100,c128,16x16x16x16,3,mg-3,off,0.43638855700555723,1.4040361210063566,3.217399032276817,44.0,87.0,1.9772727272727273,1.6271903151744824,3.3667008580086986,1.1991711169976043,0.3561858233246412,1.8324207587495086e-08,1.8303539260337295e-08,4287959040.0,4724166656.0,740818944.0,235929600.0
v100__16x16x16x16__c128__l3__trace-on,v100,c128,16x16x16x16,3,mg-3,on,1.1726829919934971,1.6208639410033356,1.382184232285961,44.0,87.0,1.9772727272727273,0.6990357036848539,3.2798017890017945,1.2597645179921528,0.3840977592659834,1.8324207587495086e-08,1.830353926051755e-08,4287959040.0,4724166656.0,740818944.0,235929600.0
v100__16x16x16x16__c64__l1__trace-off,v100,c64,16x16x16x16,1,bicgstab,off,0.2416149479977321,0.06808479300525505,0.28179048345094165,90.0,63.0,0.7,0.4025578335013453,nan,nan,nan,3.3935020227110806e-07,6.907945887772199e-07,2807369728.0,3761573888.0,339738624.0,117964800.0
v100__16x16x16x16__c64__l1__trace-on,v100,c64,16x16x16x16,1,bicgstab,on,0.25000403200101573,0.08033280300151091,0.3213260296585318,90.0,63.0,0.7,0.45903718522647396,nan,nan,nan,3.3935020227110806e-07,6.907945887772199e-07,2807369728.0,3761573888.0,339738624.0,117964800.0
v100__16x16x16x16__c64__l2__trace-off,v100,c64,16x16x16x16,2,mg-2,off,0.20383330799813848,0.5242044280021219,2.5717309558009487,30.0,58.0,1.9333333333333333,1.3302056667935942,1.5672096630005399,57.87591418500233,36.92927344143257,4.624468249920541e-07,6.906357992555281e-07,2807369728.0,3761573888.0,339738624.0,117964800.0
v100__16x16x16x16__c64__l2__trace-on,v100,c64,16x16x16x16,2,mg-2,on,0.38347481400705874,0.6436757869960275,1.6785347133232564,30.0,58.0,1.9333333333333333,0.8682076103396154,1.547104590004892,57.73648166900966,37.3190552481181,4.624468249920541e-07,6.907255612661374e-07,2807369728.0,3761573888.0,339738624.0,117964800.0
v100__16x16x16x16__c64__l3__trace-off,v100,c64,16x16x16x16,3,mg-3,off,0.1509476729988819,0.714977704003104,4.736593084203425,31.0,59.0,1.903225806451613,2.4887184001746805,1.671366467999178,56.552326219010865,33.83598229460152,5.797549791077908e-07,7.033264284294486e-07,2849312768.0,3356823552.0,370409472.0,117964800.0
v100__16x16x16x16__c64__l3__trace-on,v100,c64,16x16x16x16,3,mg-3,on,0.5281142110034125,0.9212616160075413,1.7444363298937782,31.0,59.0,1.903225806451613,0.9165682411306292,1.662069778991281,57.424057159005315,34.549727024009954,5.797549791077908e-07,7.034579219011306e-07,2849312768.0,3356823552.0,370409472.0,117964800.0
v100__16x16x32x32__c128__l1__trace-off,v100,c128,16x16x32x32,1,bicgstab,off,1.4212093649985036,0.3501097450061934,0.2463463537665065,143.0,102.0,0.7132867132867133,0.3453679273393179,nan,nan,nan,1.6767265074916976e-08,1.7794279569507545e-08,9751040000.0,16503869440.0,2717908992.0,943718400.0
v100__16x16x32x32__c128__l1__trace-on,v100,c128,16x16x32x32,1,bicgstab,on,1.473002151993569,0.3530088639963651,0.23965264648025192,143.0,102.0,0.7132867132867133,0.33598361222231393,nan,nan,nan,1.6767265074916976e-08,1.7794279569507545e-08,9751040000.0,16503869440.0,2717908992.0,943718400.0
v100__16x16x32x32__c128__l2__trace-off,v100,c128,16x16x32x32,2,mg-2,off,7.482400972992764,4.041431845005718,0.5401250026018388,41.0,85.0,2.073170731707317,0.2605308836079458,12.243024179013446,2.9781204650062136,0.24325039479307745,1.8482845667697538e-08,1.8282242606263272e-08,9751040000.0,16503869440.0,2717908992.0,943718400.0
v100__16x16x32x32__c128__l2__trace-on,v100,c128,16x16x32x32,2,mg-2,on,4.1120948850002605,4.162918693997199,1.0123595905294718,41.0,85.0,2.073170731707317,0.4883146260200981,10.72350116999587,2.9688346439943416,0.2768531095330206,1.8482845667697538e-08,1.8282242606142536e-08,9751040000.0,16503869440.0,2717908992.0,943718400.0
v100__16x16x32x32__c128__l3__trace-off,v100,c128,16x16x32x32,3,mg-3,off,1.642416697999579,3.029770348002785,1.844702596906721,46.0,89.0,1.934782608695652,0.9534417916596534,11.803620209000655,2.8388112890097545,0.2405034420579769,1.819593256494243e-08,1.8309969892955924e-08,10040446976.0,13641256960.0,2963275776.0,943718400.0
v100__16x16x32x32__c128__l3__trace-on,v100,c128,16x16x32x32,3,mg-3,on,3.0947952099959366,3.084280804003356,0.9966025519366775,46.0,89.0,1.934782608695652,0.5150979481919906,11.761590830996283,2.8359871489956276,0.24112275199386451,1.819593256494243e-08,1.8309969892682706e-08,10040446976.0,13641256960.0,2963275776.0,943718400.0
v100__16x32x32x48__c64__l1__trace-off,v100,c64,16x32x32x48,1,bicgstab,off,1.6846361369971419,0.3966479420050746,0.23545021580274195,137.0,88.0,0.6423357664233577,0.3665531768747232,nan,nan,nan,3.792390328690136e-07,6.147449926210113e-07,12051615744.0,24183640064.0,4076863488.0,509607936.0
v100__16x32x32x48__c64__l1__trace-on,v100,c64,16x32x32x48,1,bicgstab,on,2.2068764430005103,0.38967448800394777,0.17657286126727562,137.0,88.0,0.6423357664233577,0.2748918408365541,nan,nan,nan,3.792390328690136e-07,6.147449926210113e-07,12051615744.0,24183640064.0,4076863488.0,509607936.0
v100__16x32x32x48__c64__l2__trace-off,v100,c64,16x32x32x48,2,mg-2,off,1.9401633190136636,2.716042929008836,1.3999042773314632,11.0,37.0,3.3636363636363638,0.41618775812557013,15.938813522996497,6.406179622004856,0.40192324307967026,3.60153844456708e-07,7.302857579722028e-07,12051615744.0,24183640064.0,4076863488.0,509607936.0
v100__16x32x32x48__c64__l2__trace-on,v100,c64,16x32x32x48,2,mg-2,on,2.679416898987256,2.7831245850102277,1.0387053190797484,11.0,37.0,3.3636363636363638,0.308804284050736,15.839410914006294,6.216831805999391,0.3924913520932803,3.60153844456708e-07,7.302857579722028e-07,12051615744.0,24183640064.0,4076863488.0,509607936.0
v100__16x32x32x48__c64__l3__trace-off,v100,c64,16x32x32x48,3,mg-3,off,0.8088928850047523,1.6407691740023438,2.028413408522816,14.0,39.0,2.7857142857142856,0.7281484030594725,17.66348114600987,5.792967796995072,0.32796297338612024,4.901157500138816e-07,7.328100192340559e-07,12452171776.0,19886575616.0,4444913664.0,509607936.0
v100__16x32x32x48__c64__l3__trace-on,v100,c64,16x32x32x48,3,mg-3,on,1.4422514170000795,1.8174902759928955,1.2601757603215413,14.0,39.0,2.7857142857142856,0.4523707857564507,17.806209625006886,5.9024079969967715,0.3314803162098845,4.901157500138816e-07,7.328100192340559e-07,12485726208.0,19886575616.0,4444913664.0,509607936.0
v100__8x8x8x16__c128__l1__trace-off,v100,c128,8x8x8x16,1,bicgstab,off,0.4094425809889799,0.1462736679968657,0.3572507472074641,123.0,93.0,0.7560975609756098,0.4724929237260009,nan,nan,nan,1.7274750183626116e-08,1.8037317946544846e-08,2585071616.0,2199195648.0,84934656.0,29491200.0
v100__8x8x8x16__c128__l1__trace-on,v100,c128,8x8x8x16,1,bicgstab,on,0.40923672200005967,0.1226806760096224,0.2997792461293454,123.0,93.0,0.7560975609756098,0.3964822287517149,nan,nan,nan,1.7274750183626116e-08,1.8037317946544846e-08,2618626048.0,2199195648.0,84934656.0,29491200.0
v100__8x8x8x16__c128__l2__trace-off,v100,c128,8x8x8x16,2,mg-2,off,0.1590511200047331,1.2022057879948989,7.558612526331932,13.0,45.0,3.4615384615384617,2.1835991742736693,0.7865378860005876,0.7059001199959312,0.8974775818941337,1.750136068885924e-08,1.8930485014187895e-08,2585071616.0,2199195648.0,84934656.0,29491200.0
v100__8x8x8x16__c128__l2__trace-on,v100,c128,8x8x8x16,2,mg-2,on,0.24005468099494465,1.193536070000846,4.971934165391179,13.0,45.0,3.4615384615384617,1.436336536668563,0.754848320997553,0.6933854359958787,0.918575847237165,1.750136068885924e-08,1.8930485013741615e-08,2618626048.0,2199195648.0,84934656.0,29491200.0
v100__8x8x8x16__c128__l3__trace-off,v100,c128,8x8x8x16,3,mg-3,off,0.10422196300351061,1.5251878840063,14.634035284433528,14.0,45.0,3.2142857142857144,4.55281097737932,0.8128738150116988,0.700372826991952,0.8616009201648012,1.7421887702021227e-08,1.8900541080449056e-08,2603945984.0,2115309568.0,95551488.0,29491200.0
v100__8x8x8x16__c128__l3__trace-on,v100,c128,8x8x8x16,3,mg-3,on,0.2953278450004291,1.2696577750029974,4.29914685153089,14.0,45.0,3.2142857142857144,1.33751235380961,0.8336460159916896,0.6857934760046192,0.8226434995779499,1.7421887702021227e-08,1.8900541079421665e-08,2603945984.0,2115309568.0,95551488.0,29491200.0
v100__8x8x8x16__c64__l1__trace-off,v100,c64,8x8x8x16,1,bicgstab,off,0.2047480839974014,0.06732985000417102,0.3288423934898729,91.0,68.0,0.7472527472527473,0.4400684971702711,nan,nan,nan,6.88093633114058e-07,2.9542105050682294e-07,2020937728.0,1964314624.0,42467328.0,14745600.0
v100__8x8x8x16__c64__l1__trace-on,v100,c64,8x8x8x16,1,bicgstab,on,0.20380517099692952,0.08359112701145932,0.4101521399215071,91.0,68.0,0.7472527472527473,0.5488800696008403,nan,nan,nan,6.88093633114058e-07,2.9542105050682294e-07,2020937728.0,1964314624.0,42467328.0,14745600.0
v100__8x8x8x16__c64__l2__trace-off,v100,c64,8x8x8x16,2,mg-2,off,0.046208414001739584,0.32882179200532846,7.116058819784412,9.0,32.0,3.5555555555555554,2.001391543064366,0.6480446770001436,10.486056839989033,16.181070861549117,7.249293304950049e-07,7.968316408043964e-07,2020937728.0,1964314624.0,42467328.0,14745600.0
v100__8x8x8x16__c64__l2__trace-on,v100,c64,8x8x8x16,2,mg-2,on,0.11353527299070265,0.41330115900200326,3.6402885915097793,9.0,32.0,3.5555555555555554,1.0238311663621256,0.541312173998449,10.232384282004205,18.90292658009484,7.249293304950049e-07,7.972144088802722e-07,2020937728.0,1964314624.0,42467328.0,14745600.0
v100__8x8x8x16__c64__l3__trace-off,v100,c64,8x8x8x16,3,mg-3,off,0.060078854992752895,0.4889887070021359,8.13911495252566,10.0,32.0,3.2,2.5434734226642686,0.5477997919952031,12.460784103997867,22.746967571150485,6.204458943593202e-07,7.869951044040818e-07,2044006400.0,1922371584.0,47775744.0,14745600.0
v100__8x8x8x16__c64__l3__trace-on,v100,c64,8x8x8x16,3,mg-3,on,0.13731018399994355,0.5750263280060608,4.187790819698393,10.0,32.0,3.2,1.3086846311557478,0.5438030040095327,12.980143577005947,23.869201680206988,6.204458943593202e-07,7.870345411149296e-07,2044006400.0,1922371584.0,47775744.0,14745600.0
